seed,scenario,purpose,bandwidth_mhz,num_ues,lambda,num_dl_flows_per_ue,sim_time,udp_packet_size,extra_ns3_args
4798,dynamic_continuous_30s_ue3,Cenário contínuo com 3 UEs e cinco fases de tráfego na mesma simulação.,40,3,200,4,30s,3000,"{'dynamicTraffic': '1', 'phaseDurations': '6,6,6,6,6', 'phaseLambdas': '200,350,550,250,650', 'tddPattern': 'DL|DL|DL|DL|UL|DL|DL|DL|DL|UL|'}"
4798,dynamic_continuous_30s_ue5,Cenário contínuo com 5 UEs e cinco fases de tráfego na mesma simulação.,40,5,200,4,30s,3000,"{'dynamicTraffic': '1', 'phaseDurations': '6,6,6,6,6', 'phaseLambdas': '200,350,550,250,650', 'tddPattern': 'DL|DL|DL|DL|UL|DL|DL|DL|DL|UL|'}"
4798,dynamic_continuous_30s_ue7,Cenário contínuo com 7 UEs e cinco fases de tráfego na mesma simulação.,40,7,200,4,30s,3000,"{'dynamicTraffic': '1', 'phaseDurations': '6,6,6,6,6', 'phaseLambdas': '200,350,550,250,650', 'tddPattern': 'DL|DL|DL|DL|UL|DL|DL|DL|DL|UL|'}"
13684,dynamic_continuous_30s_ue3,Cenário contínuo com 3 UEs e cinco fases de tráfego na mesma simulação.,40,3,200,4,30s,3000,"{'dynamicTraffic': '1', 'phaseDurations': '6,6,6,6,6', 'phaseLambdas': '200,350,550,250,650', 'tddPattern': 'DL|DL|DL|DL|UL|DL|DL|DL|DL|UL|'}"
13684,dynamic_continuous_30s_ue5,Cenário contínuo com 5 UEs e cinco fases de tráfego na mesma simulação.,40,5,200,4,30s,3000,"{'dynamicTraffic': '1', 'phaseDurations': '6,6,6,6,6', 'phaseLambdas': '200,350,550,250,650', 'tddPattern': 'DL|DL|DL|DL|UL|DL|DL|DL|DL|UL|'}"
13684,dynamic_continuous_30s_ue7,Cenário contínuo com 7 UEs e cinco fases de tráfego na mesma simulação.,40,7,200,4,30s,3000,"{'dynamicTraffic': '1', 'phaseDurations': '6,6,6,6,6', 'phaseLambdas': '200,350,550,250,650', 'tddPattern': 'DL|DL|DL|DL|UL|DL|DL|DL|DL|UL|'}"
47889,dynamic_continuous_30s_ue3,Cenário contínuo com 3 UEs e cinco fases de tráfego na mesma simulação.,40,3,200,4,30s,3000,"{'dynamicTraffic': '1', 'phaseDurations': '6,6,6,6,6', 'phaseLambdas': '200,350,550,250,650', 'tddPattern': 'DL|DL|DL|DL|UL|DL|DL|DL|DL|UL|'}"
47889,dynamic_continuous_30s_ue5,Cenário contínuo com 5 UEs e cinco fases de tráfego na mesma simulação.,40,5,200,4,30s,3000,"{'dynamicTraffic': '1', 'phaseDurations': '6,6,6,6,6', 'phaseLambdas': '200,350,550,250,650', 'tddPattern': 'DL|DL|DL|DL|UL|DL|DL|DL|DL|UL|'}"
47889,dynamic_continuous_30s_ue7,Cenário contínuo com 7 UEs e cinco fases de tráfego na mesma simulação.,40,7,200,4,30s,3000,"{'dynamicTraffic': '1', 'phaseDurations': '6,6,6,6,6', 'phaseLambdas': '200,350,550,250,650', 'tddPattern': 'DL|DL|DL|DL|UL|DL|DL|DL|DL|UL|'}"
65535,dynamic_continuous_30s_ue3,Cenário contínuo com 3 UEs e cinco fases de tráfego na mesma simulação.,40,3,200,4,30s,3000,"{'dynamicTraffic': '1', 'phaseDurations': '6,6,6,6,6', 'phaseLambdas': '200,350,550,250,650', 'tddPattern': 'DL|DL|DL|DL|UL|DL|DL|DL|DL|UL|'}"
65535,dynamic_continuous_30s_ue5,Cenário contínuo com 5 UEs e cinco fases de tráfego na mesma simulação.,40,5,200,4,30s,3000,"{'dynamicTraffic': '1', 'phaseDurations': '6,6,6,6,6', 'phaseLambdas': '200,350,550,250,650', 'tddPattern': 'DL|DL|DL|DL|UL|DL|DL|DL|DL|UL|'}"
65535,dynamic_continuous_30s_ue7,Cenário contínuo com 7 UEs e cinco fases de tráfego na mesma simulação.,40,7,200,4,30s,3000,"{'dynamicTraffic': '1', 'phaseDurations': '6,6,6,6,6', 'phaseLambdas': '200,350,550,250,650', 'tddPattern': 'DL|DL|DL|DL|UL|DL|DL|DL|DL|UL|'}"
95693,dynamic_continuous_30s_ue3,Cenário contínuo com 3 UEs e cinco fases de tráfego na mesma simulação.,40,3,200,4,30s,3000,"{'dynamicTraffic': '1', 'phaseDurations': '6,6,6,6,6', 'phaseLambdas': '200,350,550,250,650', 'tddPattern': 'DL|DL|DL|DL|UL|DL|DL|DL|DL|UL|'}"
95693,dynamic_continuous_30s_ue5,Cenário contínuo com 5 UEs e cinco fases de tráfego na mesma simulação.,40,5,200,4,30s,3000,"{'dynamicTraffic': '1', 'phaseDurations': '6,6,6,6,6', 'phaseLambdas': '200,350,550,250,650', 'tddPattern': 'DL|DL|DL|DL|UL|DL|DL|DL|DL|UL|'}"
95693,dynamic_continuous_30s_ue7,Cenário contínuo com 7 UEs e cinco fases de tráfego na mesma simulação.,40,7,200,4,30s,3000,"{'dynamicTraffic': '1', 'phaseDurations': '6,6,6,6,6', 'phaseLambdas': '200,350,550,250,650', 'tddPattern': 'DL|DL|DL|DL|UL|DL|DL|DL|DL|UL|'}"
97024,dynamic_continuous_30s_ue3,Cenário contínuo com 3 UEs e cinco fases de tráfego na mesma simulação.,40,3,200,4,30s,3000,"{'dynamicTraffic': '1', 'phaseDurations': '6,6,6,6,6', 'phaseLambdas': '200,350,550,250,650', 'tddPattern': 'DL|DL|DL|DL|UL|DL|DL|DL|DL|UL|'}"
97024,dynamic_continuous_30s_ue5,Cenário contínuo com 5 UEs e cinco fases de tráfego na mesma simulação.,40,5,200,4,30s,3000,"{'dynamicTraffic': '1', 'phaseDurations': '6,6,6,6,6', 'phaseLambdas': '200,350,550,250,650', 'tddPattern': 'DL|DL|DL|DL|UL|DL|DL|DL|DL|UL|'}"
97024,dynamic_continuous_30s_ue7,Cenário contínuo com 7 UEs e cinco fases de tráfego na mesma simulação.,40,7,200,4,30s,3000,"{'dynamicTraffic': '1', 'phaseDurations': '6,6,6,6,6', 'phaseLambdas': '200,350,550,250,650', 'tddPattern': 'DL|DL|DL|DL|UL|DL|DL|DL|DL|UL|'}"
106555,dynamic_continuous_30s_ue3,Cenário contínuo com 3 UEs e cinco fases de tráfego na mesma simulação.,40,3,200,4,30s,3000,"{'dynamicTraffic': '1', 'phaseDurations': '6,6,6,6,6', 'phaseLambdas': '200,350,550,250,650', 'tddPattern': 'DL|DL|DL|DL|UL|DL|DL|DL|DL|UL|'}"
106555,dynamic_continuous_30s_ue5,Cenário contínuo com 5 UEs e cinco fases de tráfego na mesma simulação.,40,5,200,4,30s,3000,"{'dynamicTraffic': '1', 'phaseDurations': '6,6,6,6,6', 'phaseLambdas': '200,350,550,250,650', 'tddPattern': 'DL|DL|DL|DL|UL|DL|DL|DL|DL|UL|'}"
106555,dynamic_continuous_30s_ue7,Cenário contínuo com 7 UEs e cinco fases de tráfego na mesma simulação.,40,7,200,4,30s,3000,"{'dynamicTraffic': '1', 'phaseDurations': '6,6,6,6,6', 'phaseLambdas': '200,350,550,250,650', 'tddPattern': 'DL|DL|DL|DL|UL|DL|DL|DL|DL|UL|'}"
118866,dynamic_continuous_30s_ue3,Cenário contínuo com 3 UEs e cinco fases de tráfego na mesma simulação.,40,3,200,4,30s,3000,"{'dynamicTraffic': '1', 'phaseDurations': '6,6,6,6,6', 'phaseLambdas': '200,350,550,250,650', 'tddPattern': 'DL|DL|DL|DL|UL|DL|DL|DL|DL|UL|'}"
118866,dynamic_continuous_30s_ue5,Cenário contínuo com 5 UEs e cinco fases de tráfego na mesma simulação.,40,5,200,4,30s,3000,"{'dynamicTraffic': '1', 'phaseDurations': '6,6,6,6,6', 'phaseLambdas': '200,350,550,250,650', 'tddPattern': 'DL|DL|DL|DL|UL|DL|DL|DL|DL|UL|'}"
118866,dynamic_continuous_30s_ue7,Cenário contínuo com 7 UEs e cinco fases de tráfego na mesma simulação.,40,7,200,4,30s,3000,"{'dynamicTraffic': '1', 'phaseDurations': '6,6,6,6,6', 'phaseLambdas': '200,350,550,250,650', 'tddPattern': 'DL|DL|DL|DL|UL|DL|DL|DL|DL|UL|'}"
121119,dynamic_continuous_30s_ue3,Cenário contínuo com 3 UEs e cinco fases de tráfego na mesma simulação.,40,3,200,4,30s,3000,"{'dynamicTraffic': '1', 'phaseDurations': '6,6,6,6,6', 'phaseLambdas': '200,350,550,250,650', 'tddPattern': 'DL|DL|DL|DL|UL|DL|DL|DL|DL|UL|'}"
121119,dynamic_continuous_30s_ue5,Cenário contínuo com 5 UEs e cinco fases de tráfego na mesma simulação.,40,5,200,4,30s,3000,"{'dynamicTraffic': '1', 'phaseDurations': '6,6,6,6,6', 'phaseLambdas': '200,350,550,250,650', 'tddPattern': 'DL|DL|DL|DL|UL|DL|DL|DL|DL|UL|'}"
121119,dynamic_continuous_30s_ue7,Cenário contínuo com 7 UEs e cinco fases de tráfego na mesma simulação.,40,7,200,4,30s,3000,"{'dynamicTraffic': '1', 'phaseDurations': '6,6,6,6,6', 'phaseLambdas': '200,350,550,250,650', 'tddPattern': 'DL|DL|DL|DL|UL|DL|DL|DL|DL|UL|'}"
134309,dynamic_continuous_30s_ue3,Cenário contínuo com 3 UEs e cinco fases de tráfego na mesma simulação.,40,3,200,4,30s,3000,"{'dynamicTraffic': '1', 'phaseDurations': '6,6,6,6,6', 'phaseLambdas': '200,350,550,250,650', 'tddPattern': 'DL|DL|DL|DL|UL|DL|DL|DL|DL|UL|'}"
134309,dynamic_continuous_30s_ue5,Cenário contínuo com 5 UEs e cinco fases de tráfego na mesma simulação.,40,5,200,4,30s,3000,"{'dynamicTraffic': '1', 'phaseDurations': '6,6,6,6,6', 'phaseLambdas': '200,350,550,250,650', 'tddPattern': 'DL|DL|DL|DL|UL|DL|DL|DL|DL|UL|'}"
134309,dynamic_continuous_30s_ue7,Cenário contínuo com 7 UEs e cinco fases de tráfego na mesma simulação.,40,7,200,4,30s,3000,"{'dynamicTraffic': '1', 'phaseDurations': '6,6,6,6,6', 'phaseLambdas': '200,350,550,250,650', 'tddPattern': 'DL|DL|DL|DL|UL|DL|DL|DL|DL|UL|'}"
155479,dynamic_continuous_30s_ue3,Cenário contínuo com 3 UEs e cinco fases de tráfego na mesma simulação.,40,3,200,4,30s,3000,"{'dynamicTraffic': '1', 'phaseDurations': '6,6,6,6,6', 'phaseLambdas': '200,350,550,250,650', 'tddPattern': 'DL|DL|DL|DL|UL|DL|DL|DL|DL|UL|'}"
155479,dynamic_continuous_30s_ue5,Cenário contínuo com 5 UEs e cinco fases de tráfego na mesma simulação.,40,5,200,4,30s,3000,"{'dynamicTraffic': '1', 'phaseDurations': '6,6,6,6,6', 'phaseLambdas': '200,350,550,250,650', 'tddPattern': 'DL|DL|DL|DL|UL|DL|DL|DL|DL|UL|'}"
155479,dynamic_continuous_30s_ue7,Cenário contínuo com 7 UEs e cinco fases de tráfego na mesma simulação.,40,7,200,4,30s,3000,"{'dynamicTraffic': '1', 'phaseDurations': '6,6,6,6,6', 'phaseLambdas': '200,350,550,250,650', 'tddPattern': 'DL|DL|DL|DL|UL|DL|DL|DL|DL|UL|'}"
156942,dynamic_continuous_30s_ue3,Cenário contínuo com 3 UEs e cinco fases de tráfego na mesma simulação.,40,3,200,4,30s,3000,"{'dynamicTraffic': '1', 'phaseDurations': '6,6,6,6,6', 'phaseLambdas': '200,350,550,250,650', 'tddPattern': 'DL|DL|DL|DL|UL|DL|DL|DL|DL|UL|'}"
156942,dynamic_continuous_30s_ue5,Cenário contínuo com 5 UEs e cinco fases de tráfego na mesma simulação.,40,5,200,4,30s,3000,"{'dynamicTraffic': '1', 'phaseDurations': '6,6,6,6,6', 'phaseLambdas': '200,350,550,250,650', 'tddPattern': 'DL|DL|DL|DL|UL|DL|DL|DL|DL|UL|'}"
156942,dynamic_continuous_30s_ue7,Cenário contínuo com 7 UEs e cinco fases de tráfego na mesma simulação.,40,7,200,4,30s,3000,"{'dynamicTraffic': '1', 'phaseDurations': '6,6,6,6,6', 'phaseLambdas': '200,350,550,250,650', 'tddPattern': 'DL|DL|DL|DL|UL|DL|DL|DL|DL|UL|'}"
157222,dynamic_continuous_30s_ue3,Cenário contínuo com 3 UEs e cinco fases de tráfego na mesma simulação.,40,3,200,4,30s,3000,"{'dynamicTraffic': '1', 'phaseDurations': '6,6,6,6,6', 'phaseLambdas': '200,350,550,250,650', 'tddPattern': 'DL|DL|DL|DL|UL|DL|DL|DL|DL|UL|'}"
157222,dynamic_continuous_30s_ue5,Cenário contínuo com 5 UEs e cinco fases de tráfego na mesma simulação.,40,5,200,4,30s,3000,"{'dynamicTraffic': '1', 'phaseDurations': '6,6,6,6,6', 'phaseLambdas': '200,350,550,250,650', 'tddPattern': 'DL|DL|DL|DL|UL|DL|DL|DL|DL|UL|'}"
157222,dynamic_continuous_30s_ue7,Cenário contínuo com 7 UEs e cinco fases de tráfego na mesma simulação.,40,7,200,4,30s,3000,"{'dynamicTraffic': '1', 'phaseDurations': '6,6,6,6,6', 'phaseLambdas': '200,350,550,250,650', 'tddPattern': 'DL|DL|DL|DL|UL|DL|DL|DL|DL|UL|'}"
158726,dynamic_continuous_30s_ue3,Cenário contínuo com 3 UEs e cinco fases de tráfego na mesma simulação.,40,3,200,4,30s,3000,"{'dynamicTraffic': '1', 'phaseDurations': '6,6,6,6,6', 'phaseLambdas': '200,350,550,250,650', 'tddPattern': 'DL|DL|DL|DL|UL|DL|DL|DL|DL|UL|'}"
158726,dynamic_continuous_30s_ue5,Cenário contínuo com 5 UEs e cinco fases de tráfego na mesma simulação.,40,5,200,4,30s,3000,"{'dynamicTraffic': '1', 'phaseDurations': '6,6,6,6,6', 'phaseLambdas': '200,350,550,250,650', 'tddPattern': 'DL|DL|DL|DL|UL|DL|DL|DL|DL|UL|'}"
158726,dynamic_continuous_30s_ue7,Cenário contínuo com 7 UEs e cinco fases de tráfego na mesma simulação.,40,7,200,4,30s,3000,"{'dynamicTraffic': '1', 'phaseDurations': '6,6,6,6,6', 'phaseLambdas': '200,350,550,250,650', 'tddPattern': 'DL|DL|DL|DL|UL|DL|DL|DL|DL|UL|'}"
163306,dynamic_continuous_30s_ue3,Cenário contínuo com 3 UEs e cinco fases de tráfego na mesma simulação.,40,3,200,4,30s,3000,"{'dynamicTraffic': '1', 'phaseDurations': '6,6,6,6,6', 'phaseLambdas': '200,350,550,250,650', 'tddPattern': 'DL|DL|DL|DL|UL|DL|DL|DL|DL|UL|'}"
163306,dynamic_continuous_30s_ue5,Cenário contínuo com 5 UEs e cinco fases de tráfego na mesma simulação.,40,5,200,4,30s,3000,"{'dynamicTraffic': '1', 'phaseDurations': '6,6,6,6,6', 'phaseLambdas': '200,350,550,250,650', 'tddPattern': 'DL|DL|DL|DL|UL|DL|DL|DL|DL|UL|'}"
163306,dynamic_continuous_30s_ue7,Cenário contínuo com 7 UEs e cinco fases de tráfego na mesma simulação.,40,7,200,4,30s,3000,"{'dynamicTraffic': '1', 'phaseDurations': '6,6,6,6,6', 'phaseLambdas': '200,350,550,250,650', 'tddPattern': 'DL|DL|DL|DL|UL|DL|DL|DL|DL|UL|'}"
172724,dynamic_continuous_30s_ue3,Cenário contínuo com 3 UEs e cinco fases de tráfego na mesma simulação.,40,3,200,4,30s,3000,"{'dynamicTraffic': '1', 'phaseDurations': '6,6,6,6,6', 'phaseLambdas': '200,350,550,250,650', 'tddPattern': 'DL|DL|DL|DL|UL|DL|DL|DL|DL|UL|'}"
172724,dynamic_continuous_30s_ue5,Cenário contínuo com 5 UEs e cinco fases de tráfego na mesma simulação.,40,5,200,4,30s,3000,"{'dynamicTraffic': '1', 'phaseDurations': '6,6,6,6,6', 'phaseLambdas': '200,350,550,250,650', 'tddPattern': 'DL|DL|DL|DL|UL|DL|DL|DL|DL|UL|'}"
172724,dynamic_continuous_30s_ue7,Cenário contínuo com 7 UEs e cinco fases de tráfego na mesma simulação.,40,7,200,4,30s,3000,"{'dynamicTraffic': '1', 'phaseDurations': '6,6,6,6,6', 'phaseLambdas': '200,350,550,250,650', 'tddPattern': 'DL|DL|DL|DL|UL|DL|DL|DL|DL|UL|'}"
180938,dynamic_continuous_30s_ue3,Cenário contínuo com 3 UEs e cinco fases de tráfego na mesma simulação.,40,3,200,4,30s,3000,"{'dynamicTraffic': '1', 'phaseDurations': '6,6,6,6,6', 'phaseLambdas': '200,350,550,250,650', 'tddPattern': 'DL|DL|DL|DL|UL|DL|DL|DL|DL|UL|'}"
180938,dynamic_continuous_30s_ue5,Cenário contínuo com 5 UEs e cinco fases de tráfego na mesma simulação.,40,5,200,4,30s,3000,"{'dynamicTraffic': '1', 'phaseDurations': '6,6,6,6,6', 'phaseLambdas': '200,350,550,250,650', 'tddPattern': 'DL|DL|DL|DL|UL|DL|DL|DL|DL|UL|'}"
180938,dynamic_continuous_30s_ue7,Cenário contínuo com 7 UEs e cinco fases de tráfego na mesma simulação.,40,7,200,4,30s,3000,"{'dynamicTraffic': '1', 'phaseDurations': '6,6,6,6,6', 'phaseLambdas': '200,350,550,250,650', 'tddPattern': 'DL|DL|DL|DL|UL|DL|DL|DL|DL|UL|'}"
211309,dynamic_continuous_30s_ue3,Cenário contínuo com 3 UEs e cinco fases de tráfego na mesma simulação.,40,3,200,4,30s,3000,"{'dynamicTraffic': '1', 'phaseDurations': '6,6,6,6,6', 'phaseLambdas': '200,350,550,250,650', 'tddPattern': 'DL|DL|DL|DL|UL|DL|DL|DL|DL|UL|'}"
211309,dynamic_continuous_30s_ue5,Cenário contínuo com 5 UEs e cinco fases de tráfego na mesma simulação.,40,5,200,4,30s,3000,"{'dynamicTraffic': '1', 'phaseDurations': '6,6,6,6,6', 'phaseLambdas': '200,350,550,250,650', 'tddPattern': 'DL|DL|DL|DL|UL|DL|DL|DL|DL|UL|'}"
211309,dynamic_continuous_30s_ue7,Cenário contínuo com 7 UEs e cinco fases de tráfego na mesma simulação.,40,7,200,4,30s,3000,"{'dynamicTraffic': '1', 'phaseDurations': '6,6,6,6,6', 'phaseLambdas': '200,350,550,250,650', 'tddPattern': 'DL|DL|DL|DL|UL|DL|DL|DL|DL|UL|'}"
230112,dynamic_continuous_30s_ue3,Cenário contínuo com 3 UEs e cinco fases de tráfego na mesma simulação.,40,3,200,4,30s,3000,"{'dynamicTraffic': '1', 'phaseDurations': '6,6,6,6,6', 'phaseLambdas': '200,350,550,250,650', 'tddPattern': 'DL|DL|DL|DL|UL|DL|DL|DL|DL|UL|'}"
230112,dynamic_continuous_30s_ue5,Cenário contínuo com 5 UEs e cinco fases de tráfego na mesma simulação.,40,5,200,4,30s,3000,"{'dynamicTraffic': '1', 'phaseDurations': '6,6,6,6,6', 'phaseLambdas': '200,350,550,250,650', 'tddPattern': 'DL|DL|DL|DL|UL|DL|DL|DL|DL|UL|'}"
230112,dynamic_continuous_30s_ue7,Cenário contínuo com 7 UEs e cinco fases de tráfego na mesma simulação.,40,7,200,4,30s,3000,"{'dynamicTraffic': '1', 'phaseDurations': '6,6,6,6,6', 'phaseLambdas': '200,350,550,250,650', 'tddPattern': 'DL|DL|DL|DL|UL|DL|DL|DL|DL|UL|'}"
238035,dynamic_continuous_30s_ue3,Cenário contínuo com 3 UEs e cinco fases de tráfego na mesma simulação.,40,3,200,4,30s,3000,"{'dynamicTraffic': '1', 'phaseDurations': '6,6,6,6,6', 'phaseLambdas': '200,350,550,250,650', 'tddPattern': 'DL|DL|DL|DL|UL|DL|DL|DL|DL|UL|'}"
238035,dynamic_continuous_30s_ue5,Cenário contínuo com 5 UEs e cinco fases de tráfego na mesma simulação.,40,5,200,4,30s,3000,"{'dynamicTraffic': '1', 'phaseDurations': '6,6,6,6,6', 'phaseLambdas': '200,350,550,250,650', 'tddPattern': 'DL|DL|DL|DL|UL|DL|DL|DL|DL|UL|'}"
238035,dynamic_continuous_30s_ue7,Cenário contínuo com 7 UEs e cinco fases de tráfego na mesma simulação.,40,7,200,4,30s,3000,"{'dynamicTraffic': '1', 'phaseDurations': '6,6,6,6,6', 'phaseLambdas': '200,350,550,250,650', 'tddPattern': 'DL|DL|DL|DL|UL|DL|DL|DL|DL|UL|'}"
264128,dynamic_continuous_30s_ue3,Cenário contínuo com 3 UEs e cinco fases de tráfego na mesma simulação.,40,3,200,4,30s,3000,"{'dynamicTraffic': '1', 'phaseDurations': '6,6,6,6,6', 'phaseLambdas': '200,350,550,250,650', 'tddPattern': 'DL|DL|DL|DL|UL|DL|DL|DL|DL|UL|'}"
264128,dynamic_continuous_30s_ue5,Cenário contínuo com 5 UEs e cinco fases de tráfego na mesma simulação.,40,5,200,4,30s,3000,"{'dynamicTraffic': '1', 'phaseDurations': '6,6,6,6,6', 'phaseLambdas': '200,350,550,250,650', 'tddPattern': 'DL|DL|DL|DL|UL|DL|DL|DL|DL|UL|'}"
264128,dynamic_continuous_30s_ue7,Cenário contínuo com 7 UEs e cinco fases de tráfego na mesma simulação.,40,7,200,4,30s,3000,"{'dynamicTraffic': '1', 'phaseDurations': '6,6,6,6,6', 'phaseLambdas': '200,350,550,250,650', 'tddPattern': 'DL|DL|DL|DL|UL|DL|DL|DL|DL|UL|'}"
267613,dynamic_continuous_30s_ue3,Cenário contínuo com 3 UEs e cinco fases de tráfego na mesma simulação.,40,3,200,4,30s,3000,"{'dynamicTraffic': '1', 'phaseDurations': '6,6,6,6,6', 'phaseLambdas': '200,350,550,250,650', 'tddPattern': 'DL|DL|DL|DL|UL|DL|DL|DL|DL|UL|'}"
267613,dynamic_continuous_30s_ue5,Cenário contínuo com 5 UEs e cinco fases de tráfego na mesma simulação.,40,5,200,4,30s,3000,"{'dynamicTraffic': '1', 'phaseDurations': '6,6,6,6,6', 'phaseLambdas': '200,350,550,250,650', 'tddPattern': 'DL|DL|DL|DL|UL|DL|DL|DL|DL|UL|'}"
267613,dynamic_continuous_30s_ue7,Cenário contínuo com 7 UEs e cinco fases de tráfego na mesma simulação.,40,7,200,4,30s,3000,"{'dynamicTraffic': '1', 'phaseDurations': '6,6,6,6,6', 'phaseLambdas': '200,350,550,250,650', 'tddPattern': 'DL|DL|DL|DL|UL|DL|DL|DL|DL|UL|'}"
268959,dynamic_continuous_30s_ue3,Cenário contínuo com 3 UEs e cinco fases de tráfego na mesma simulação.,40,3,200,4,30s,3000,"{'dynamicTraffic': '1', 'phaseDurations': '6,6,6,6,6', 'phaseLambdas': '200,350,550,250,650', 'tddPattern': 'DL|DL|DL|DL|UL|DL|DL|DL|DL|UL|'}"
268959,dynamic_continuous_30s_ue5,Cenário contínuo com 5 UEs e cinco fases de tráfego na mesma simulação.,40,5,200,4,30s,3000,"{'dynamicTraffic': '1', 'phaseDurations': '6,6,6,6,6', 'phaseLambdas': '200,350,550,250,650', 'tddPattern': 'DL|DL|DL|DL|UL|DL|DL|DL|DL|UL|'}"
268959,dynamic_continuous_30s_ue7,Cenário contínuo com 7 UEs e cinco fases de tráfego na mesma simulação.,40,7,200,4,30s,3000,"{'dynamicTraffic': '1', 'phaseDurations': '6,6,6,6,6', 'phaseLambdas': '200,350,550,250,650', 'tddPattern': 'DL|DL|DL|DL|UL|DL|DL|DL|DL|UL|'}"
271204,dynamic_continuous_30s_ue3,Cenário contínuo com 3 UEs e cinco fases de tráfego na mesma simulação.,40,3,200,4,30s,3000,"{'dynamicTraffic': '1', 'phaseDurations': '6,6,6,6,6', 'phaseLambdas': '200,350,550,250,650', 'tddPattern': 'DL|DL|DL|DL|UL|DL|DL|DL|DL|UL|'}"
271204,dynamic_continuous_30s_ue5,Cenário contínuo com 5 UEs e cinco fases de tráfego na mesma simulação.,40,5,200,4,30s,3000,"{'dynamicTraffic': '1', 'phaseDurations': '6,6,6,6,6', 'phaseLambdas': '200,350,550,250,650', 'tddPattern': 'DL|DL|DL|DL|UL|DL|DL|DL|DL|UL|'}"
271204,dynamic_continuous_30s_ue7,Cenário contínuo com 7 UEs e cinco fases de tráfego na mesma simulação.,40,7,200,4,30s,3000,"{'dynamicTraffic': '1', 'phaseDurations': '6,6,6,6,6', 'phaseLambdas': '200,350,550,250,650', 'tddPattern': 'DL|DL|DL|DL|UL|DL|DL|DL|DL|UL|'}"
274172,dynamic_continuous_30s_ue3,Cenário contínuo com 3 UEs e cinco fases de tráfego na mesma simulação.,40,3,200,4,30s,3000,"{'dynamicTraffic': '1', 'phaseDurations': '6,6,6,6,6', 'phaseLambdas': '200,350,550,250,650', 'tddPattern': 'DL|DL|DL|DL|UL|DL|DL|DL|DL|UL|'}"
274172,dynamic_continuous_30s_ue5,Cenário contínuo com 5 UEs e cinco fases de tráfego na mesma simulação.,40,5,200,4,30s,3000,"{'dynamicTraffic': '1', 'phaseDurations': '6,6,6,6,6', 'phaseLambdas': '200,350,550,250,650', 'tddPattern': 'DL|DL|DL|DL|UL|DL|DL|DL|DL|UL|'}"
274172,dynamic_continuous_30s_ue7,Cenário contínuo com 7 UEs e cinco fases de tráfego na mesma simulação.,40,7,200,4,30s,3000,"{'dynamicTraffic': '1', 'phaseDurations': '6,6,6,6,6', 'phaseLambdas': '200,350,550,250,650', 'tddPattern': 'DL|DL|DL|DL|UL|DL|DL|DL|DL|UL|'}"
278396,dynamic_continuous_30s_ue3,Cenário contínuo com 3 UEs e cinco fases de tráfego na mesma simulação.,40,3,200,4,30s,3000,"{'dynamicTraffic': '1', 'phaseDurations': '6,6,6,6,6', 'phaseLambdas': '200,350,550,250,650', 'tddPattern': 'DL|DL|DL|DL|UL|DL|DL|DL|DL|UL|'}"
278396,dynamic_continuous_30s_ue5,Cenário contínuo com 5 UEs e cinco fases de tráfego na mesma simulação.,40,5,200,4,30s,3000,"{'dynamicTraffic': '1', 'phaseDurations': '6,6,6,6,6', 'phaseLambdas': '200,350,550,250,650', 'tddPattern': 'DL|DL|DL|DL|UL|DL|DL|DL|DL|UL|'}"
278396,dynamic_continuous_30s_ue7,Cenário contínuo com 7 UEs e cinco fases de tráfego na mesma simulação.,40,7,200,4,30s,3000,"{'dynamicTraffic': '1', 'phaseDurations': '6,6,6,6,6', 'phaseLambdas': '200,350,550,250,650', 'tddPattern': 'DL|DL|DL|DL|UL|DL|DL|DL|DL|UL|'}"
281723,dynamic_continuous_30s_ue3,Cenário contínuo com 3 UEs e cinco fases de tráfego na mesma simulação.,40,3,200,4,30s,3000,"{'dynamicTraffic': '1', 'phaseDurations': '6,6,6,6,6', 'phaseLambdas': '200,350,550,250,650', 'tddPattern': 'DL|DL|DL|DL|UL|DL|DL|DL|DL|UL|'}"
281723,dynamic_continuous_30s_ue5,Cenário contínuo com 5 UEs e cinco fases de tráfego na mesma simulação.,40,5,200,4,30s,3000,"{'dynamicTraffic': '1', 'phaseDurations': '6,6,6,6,6', 'phaseLambdas': '200,350,550,250,650', 'tddPattern': 'DL|DL|DL|DL|UL|DL|DL|DL|DL|UL|'}"
281723,dynamic_continuous_30s_ue7,Cenário contínuo com 7 UEs e cinco fases de tráfego na mesma simulação.,40,7,200,4,30s,3000,"{'dynamicTraffic': '1', 'phaseDurations': '6,6,6,6,6', 'phaseLambdas': '200,350,550,250,650', 'tddPattern': 'DL|DL|DL|DL|UL|DL|DL|DL|DL|UL|'}"
281986,dynamic_continuous_30s_ue3,Cenário contínuo com 3 UEs e cinco fases de tráfego na mesma simulação.,40,3,200,4,30s,3000,"{'dynamicTraffic': '1', 'phaseDurations': '6,6,6,6,6', 'phaseLambdas': '200,350,550,250,650', 'tddPattern': 'DL|DL|DL|DL|UL|DL|DL|DL|DL|UL|'}"
281986,dynamic_continuous_30s_ue5,Cenário contínuo com 5 UEs e cinco fases de tráfego na mesma simulação.,40,5,200,4,30s,3000,"{'dynamicTraffic': '1', 'phaseDurations': '6,6,6,6,6', 'phaseLambdas': '200,350,550,250,650', 'tddPattern': 'DL|DL|DL|DL|UL|DL|DL|DL|DL|UL|'}"
281986,dynamic_continuous_30s_ue7,Cenário contínuo com 7 UEs e cinco fases de tráfego na mesma simulação.,40,7,200,4,30s,3000,"{'dynamicTraffic': '1', 'phaseDurations': '6,6,6,6,6', 'phaseLambdas': '200,350,550,250,650', 'tddPattern': 'DL|DL|DL|DL|UL|DL|DL|DL|DL|UL|'}"
296760,dynamic_continuous_30s_ue3,Cenário contínuo com 3 UEs e cinco fases de tráfego na mesma simulação.,40,3,200,4,30s,3000,"{'dynamicTraffic': '1', 'phaseDurations': '6,6,6,6,6', 'phaseLambdas': '200,350,550,250,650', 'tddPattern': 'DL|DL|DL|DL|UL|DL|DL|DL|DL|UL|'}"
296760,dynamic_continuous_30s_ue5,Cenário contínuo com 5 UEs e cinco fases de tráfego na mesma simulação.,40,5,200,4,30s,3000,"{'dynamicTraffic': '1', 'phaseDurations': '6,6,6,6,6', 'phaseLambdas': '200,350,550,250,650', 'tddPattern': 'DL|DL|DL|DL|UL|DL|DL|DL|DL|UL|'}"
296760,dynamic_continuous_30s_ue7,Cenário contínuo com 7 UEs e cinco fases de tráfego na mesma simulação.,40,7,200,4,30s,3000,"{'dynamicTraffic': '1', 'phaseDurations': '6,6,6,6,6', 'phaseLambdas': '200,350,550,250,650', 'tddPattern': 'DL|DL|DL|DL|UL|DL|DL|DL|DL|UL|'}"
353309,dynamic_continuous_30s_ue3,Cenário contínuo com 3 UEs e cinco fases de tráfego na mesma simulação.,40,3,200,4,30s,3000,"{'dynamicTraffic': '1', 'phaseDurations': '6,6,6,6,6', 'phaseLambdas': '200,350,550,250,650', 'tddPattern': 'DL|DL|DL|DL|UL|DL|DL|DL|DL|UL|'}"
353309,dynamic_continuous_30s_ue5,Cenário contínuo com 5 UEs e cinco fases de tráfego na mesma simulação.,40,5,200,4,30s,3000,"{'dynamicTraffic': '1', 'phaseDurations': '6,6,6,6,6', 'phaseLambdas': '200,350,550,250,650', 'tddPattern': 'DL|DL|DL|DL|UL|DL|DL|DL|DL|UL|'}"
353309,dynamic_continuous_30s_ue7,Cenário contínuo com 7 UEs e cinco fases de tráfego na mesma simulação.,40,7,200,4,30s,3000,"{'dynamicTraffic': '1', 'phaseDurations': '6,6,6,6,6', 'phaseLambdas': '200,350,550,250,650', 'tddPattern': 'DL|DL|DL|DL|UL|DL|DL|DL|DL|UL|'}"
353731,dynamic_continuous_30s_ue3,Cenário contínuo com 3 UEs e cinco fases de tráfego na mesma simulação.,40,3,200,4,30s,3000,"{'dynamicTraffic': '1', 'phaseDurations': '6,6,6,6,6', 'phaseLambdas': '200,350,550,250,650', 'tddPattern': 'DL|DL|DL|DL|UL|DL|DL|DL|DL|UL|'}"
353731,dynamic_continuous_30s_ue5,Cenário contínuo com 5 UEs e cinco fases de tráfego na mesma simulação.,40,5,200,4,30s,3000,"{'dynamicTraffic': '1', 'phaseDurations': '6,6,6,6,6', 'phaseLambdas': '200,350,550,250,650', 'tddPattern': 'DL|DL|DL|DL|UL|DL|DL|DL|DL|UL|'}"
353731,dynamic_continuous_30s_ue7,Cenário contínuo com 7 UEs e cinco fases de tráfego na mesma simulação.,40,7,200,4,30s,3000,"{'dynamicTraffic': '1', 'phaseDurations': '6,6,6,6,6', 'phaseLambdas': '200,350,550,250,650', 'tddPattern': 'DL|DL|DL|DL|UL|DL|DL|DL|DL|UL|'}"
366131,dynamic_continuous_30s_ue3,Cenário contínuo com 3 UEs e cinco fases de tráfego na mesma simulação.,40,3,200,4,30s,3000,"{'dynamicTraffic': '1', 'phaseDurations': '6,6,6,6,6', 'phaseLambdas': '200,350,550,250,650', 'tddPattern': 'DL|DL|DL|DL|UL|DL|DL|DL|DL|UL|'}"
366131,dynamic_continuous_30s_ue5,Cenário contínuo com 5 UEs e cinco fases de tráfego na mesma simulação.,40,5,200,4,30s,3000,"{'dynamicTraffic': '1', 'phaseDurations': '6,6,6,6,6', 'phaseLambdas': '200,350,550,250,650', 'tddPattern': 'DL|DL|DL|DL|UL|DL|DL|DL|DL|UL|'}"
366131,dynamic_continuous_30s_ue7,Cenário contínuo com 7 UEs e cinco fases de tráfego na mesma simulação.,40,7,200,4,30s,3000,"{'dynamicTraffic': '1', 'phaseDurations': '6,6,6,6,6', 'phaseLambdas': '200,350,550,250,650', 'tddPattern': 'DL|DL|DL|DL|UL|DL|DL|DL|DL|UL|'}"
378825,dynamic_continuous_30s_ue3,Cenário contínuo com 3 UEs e cinco fases de tráfego na mesma simulação.,40,3,200,4,30s,3000,"{'dynamicTraffic': '1', 'phaseDurations': '6,6,6,6,6', 'phaseLambdas': '200,350,550,250,650', 'tddPattern': 'DL|DL|DL|DL|UL|DL|DL|DL|DL|UL|'}"
378825,dynamic_continuous_30s_ue5,Cenário contínuo com 5 UEs e cinco fases de tráfego na mesma simulação.,40,5,200,4,30s,3000,"{'dynamicTraffic': '1', 'phaseDurations': '6,6,6,6,6', 'phaseLambdas': '200,350,550,250,650', 'tddPattern': 'DL|DL|DL|DL|UL|DL|DL|DL|DL|UL|'}"
378825,dynamic_continuous_30s_ue7,Cenário contínuo com 7 UEs e cinco fases de tráfego na mesma simulação.,40,7,200,4,30s,3000,"{'dynamicTraffic': '1', 'phaseDurations': '6,6,6,6,6', 'phaseLambdas': '200,350,550,250,650', 'tddPattern': 'DL|DL|DL|DL|UL|DL|DL|DL|DL|UL|'}"
394058,dynamic_continuous_30s_ue3,Cenário contínuo com 3 UEs e cinco fases de tráfego na mesma simulação.,40,3,200,4,30s,3000,"{'dynamicTraffic': '1', 'phaseDurations': '6,6,6,6,6', 'phaseLambdas': '200,350,550,250,650', 'tddPattern': 'DL|DL|DL|DL|UL|DL|DL|DL|DL|UL|'}"
394058,dynamic_continuous_30s_ue5,Cenário contínuo com 5 UEs e cinco fases de tráfego na mesma simulação.,40,5,200,4,30s,3000,"{'dynamicTraffic': '1', 'phaseDurations': '6,6,6,6,6', 'phaseLambdas': '200,350,550,250,650', 'tddPattern': 'DL|DL|DL|DL|UL|DL|DL|DL|DL|UL|'}"
394058,dynamic_continuous_30s_ue7,Cenário contínuo com 7 UEs e cinco fases de tráfego na mesma simulação.,40,7,200,4,30s,3000,"{'dynamicTraffic': '1', 'phaseDurations': '6,6,6,6,6', 'phaseLambdas': '200,350,550,250,650', 'tddPattern': 'DL|DL|DL|DL|UL|DL|DL|DL|DL|UL|'}"
414113,dynamic_continuous_30s_ue3,Cenário contínuo com 3 UEs e cinco fases de tráfego na mesma simulação.,40,3,200,4,30s,3000,"{'dynamicTraffic': '1', 'phaseDurations': '6,6,6,6,6', 'phaseLambdas': '200,350,550,250,650', 'tddPattern': 'DL|DL|DL|DL|UL|DL|DL|DL|DL|UL|'}"
414113,dynamic_continuous_30s_ue5,Cenário contínuo com 5 UEs e cinco fases de tráfego na mesma simulação.,40,5,200,4,30s,3000,"{'dynamicTraffic': '1', 'phaseDurations': '6,6,6,6,6', 'phaseLambdas': '200,350,550,250,650', 'tddPattern': 'DL|DL|DL|DL|UL|DL|DL|DL|DL|UL|'}"
414113,dynamic_continuous_30s_ue7,Cenário contínuo com 7 UEs e cinco fases de tráfego na mesma simulação.,40,7,200,4,30s,3000,"{'dynamicTraffic': '1', 'phaseDurations': '6,6,6,6,6', 'phaseLambdas': '200,350,550,250,650', 'tddPattern': 'DL|DL|DL|DL|UL|DL|DL|DL|DL|UL|'}"
414415,dynamic_continuous_30s_ue3,Cenário contínuo com 3 UEs e cinco fases de tráfego na mesma simulação.,40,3,200,4,30s,3000,"{'dynamicTraffic': '1', 'phaseDurations': '6,6,6,6,6', 'phaseLambdas': '200,350,550,250,650', 'tddPattern': 'DL|DL|DL|DL|UL|DL|DL|DL|DL|UL|'}"
414415,dynamic_continuous_30s_ue5,Cenário contínuo com 5 UEs e cinco fases de tráfego na mesma simulação.,40,5,200,4,30s,3000,"{'dynamicTraffic': '1', 'phaseDurations': '6,6,6,6,6', 'phaseLambdas': '200,350,550,250,650', 'tddPattern': 'DL|DL|DL|DL|UL|DL|DL|DL|DL|UL|'}"
414415,dynamic_continuous_30s_ue7,Cenário contínuo com 7 UEs e cinco fases de tráfego na mesma simulação.,40,7,200,4,30s,3000,"{'dynamicTraffic': '1', 'phaseDurations': '6,6,6,6,6', 'phaseLambdas': '200,350,550,250,650', 'tddPattern': 'DL|DL|DL|DL|UL|DL|DL|DL|DL|UL|'}"
419960,dynamic_continuous_30s_ue3,Cenário contínuo com 3 UEs e cinco fases de tráfego na mesma simulação.,40,3,200,4,30s,3000,"{'dynamicTraffic': '1', 'phaseDurations': '6,6,6,6,6', 'phaseLambdas': '200,350,550,250,650', 'tddPattern': 'DL|DL|DL|DL|UL|DL|DL|DL|DL|UL|'}"
419960,dynamic_continuous_30s_ue5,Cenário contínuo com 5 UEs e cinco fases de tráfego na mesma simulação.,40,5,200,4,30s,3000,"{'dynamicTraffic': '1', 'phaseDurations': '6,6,6,6,6', 'phaseLambdas': '200,350,550,250,650', 'tddPattern': 'DL|DL|DL|DL|UL|DL|DL|DL|DL|UL|'}"
419960,dynamic_continuous_30s_ue7,Cenário contínuo com 7 UEs e cinco fases de tráfego na mesma simulação.,40,7,200,4,30s,3000,"{'dynamicTraffic': '1', 'phaseDurations': '6,6,6,6,6', 'phaseLambdas': '200,350,550,250,650', 'tddPattern': 'DL|DL|DL|DL|UL|DL|DL|DL|DL|UL|'}"
450876,dynamic_continuous_30s_ue3,Cenário contínuo com 3 UEs e cinco fases de tráfego na mesma simulação.,40,3,200,4,30s,3000,"{'dynamicTraffic': '1', 'phaseDurations': '6,6,6,6,6', 'phaseLambdas': '200,350,550,250,650', 'tddPattern': 'DL|DL|DL|DL|UL|DL|DL|DL|DL|UL|'}"
450876,dynamic_continuous_30s_ue5,Cenário contínuo com 5 UEs e cinco fases de tráfego na mesma simulação.,40,5,200,4,30s,3000,"{'dynamicTraffic': '1', 'phaseDurations': '6,6,6,6,6', 'phaseLambdas': '200,350,550,250,650', 'tddPattern': 'DL|DL|DL|DL|UL|DL|DL|DL|DL|UL|'}"
450876,dynamic_continuous_30s_ue7,Cenário contínuo com 7 UEs e cinco fases de tráfego na mesma simulação.,40,7,200,4,30s,3000,"{'dynamicTraffic': '1', 'phaseDurations': '6,6,6,6,6', 'phaseLambdas': '200,350,550,250,650', 'tddPattern': 'DL|DL|DL|DL|UL|DL|DL|DL|DL|UL|'}"
456075,dynamic_continuous_30s_ue3,Cenário contínuo com 3 UEs e cinco fases de tráfego na mesma simulação.,40,3,200,4,30s,3000,"{'dynamicTraffic': '1', 'phaseDurations': '6,6,6,6,6', 'phaseLambdas': '200,350,550,250,650', 'tddPattern': 'DL|DL|DL|DL|UL|DL|DL|DL|DL|UL|'}"
456075,dynamic_continuous_30s_ue5,Cenário contínuo com 5 UEs e cinco fases de tráfego na mesma simulação.,40,5,200,4,30s,3000,"{'dynamicTraffic': '1', 'phaseDurations': '6,6,6,6,6', 'phaseLambdas': '200,350,550,250,650', 'tddPattern': 'DL|DL|DL|DL|UL|DL|DL|DL|DL|UL|'}"
456075,dynamic_continuous_30s_ue7,Cenário contínuo com 7 UEs e cinco fases de tráfego na mesma simulação.,40,7,200,4,30s,3000,"{'dynamicTraffic': '1', 'phaseDurations': '6,6,6,6,6', 'phaseLambdas': '200,350,550,250,650', 'tddPattern': 'DL|DL|DL|DL|UL|DL|DL|DL|DL|UL|'}"
458555,dynamic_continuous_30s_ue3,Cenário contínuo com 3 UEs e cinco fases de tráfego na mesma simulação.,40,3,200,4,30s,3000,"{'dynamicTraffic': '1', 'phaseDurations': '6,6,6,6,6', 'phaseLambdas': '200,350,550,250,650', 'tddPattern': 'DL|DL|DL|DL|UL|DL|DL|DL|DL|UL|'}"
458555,dynamic_continuous_30s_ue5,Cenário contínuo com 5 UEs e cinco fases de tráfego na mesma simulação.,40,5,200,4,30s,3000,"{'dynamicTraffic': '1', 'phaseDurations': '6,6,6,6,6', 'phaseLambdas': '200,350,550,250,650', 'tddPattern': 'DL|DL|DL|DL|UL|DL|DL|DL|DL|UL|'}"
458555,dynamic_continuous_30s_ue7,Cenário contínuo com 7 UEs e cinco fases de tráfego na mesma simulação.,40,7,200,4,30s,3000,"{'dynamicTraffic': '1', 'phaseDurations': '6,6,6,6,6', 'phaseLambdas': '200,350,550,250,650', 'tddPattern': 'DL|DL|DL|DL|UL|DL|DL|DL|DL|UL|'}"
464903,dynamic_continuous_30s_ue3,Cenário contínuo com 3 UEs e cinco fases de tráfego na mesma simulação.,40,3,200,4,30s,3000,"{'dynamicTraffic': '1', 'phaseDurations': '6,6,6,6,6', 'phaseLambdas': '200,350,550,250,650', 'tddPattern': 'DL|DL|DL|DL|UL|DL|DL|DL|DL|UL|'}"
464903,dynamic_continuous_30s_ue5,Cenário contínuo com 5 UEs e cinco fases de tráfego na mesma simulação.,40,5,200,4,30s,3000,"{'dynamicTraffic': '1', 'phaseDurations': '6,6,6,6,6', 'phaseLambdas': '200,350,550,250,650', 'tddPattern': 'DL|DL|DL|DL|UL|DL|DL|DL|DL|UL|'}"
464903,dynamic_continuous_30s_ue7,Cenário contínuo com 7 UEs e cinco fases de tráfego na mesma simulação.,40,7,200,4,30s,3000,"{'dynamicTraffic': '1', 'phaseDurations': '6,6,6,6,6', 'phaseLambdas': '200,350,550,250,650', 'tddPattern': 'DL|DL|DL|DL|UL|DL|DL|DL|DL|UL|'}"
474555,dynamic_continuous_30s_ue3,Cenário contínuo com 3 UEs e cinco fases de tráfego na mesma simulação.,40,3,200,4,30s,3000,"{'dynamicTraffic': '1', 'phaseDurations': '6,6,6,6,6', 'phaseLambdas': '200,350,550,250,650', 'tddPattern': 'DL|DL|DL|DL|UL|DL|DL|DL|DL|UL|'}"
474555,dynamic_continuous_30s_ue5,Cenário contínuo com 5 UEs e cinco fases de tráfego na mesma simulação.,40,5,200,4,30s,3000,"{'dynamicTraffic': '1', 'phaseDurations': '6,6,6,6,6', 'phaseLambdas': '200,350,550,250,650', 'tddPattern': 'DL|DL|DL|DL|UL|DL|DL|DL|DL|UL|'}"
474555,dynamic_continuous_30s_ue7,Cenário contínuo com 7 UEs e cinco fases de tráfego na mesma simulação.,40,7,200,4,30s,3000,"{'dynamicTraffic': '1', 'phaseDurations': '6,6,6,6,6', 'phaseLambdas': '200,350,550,250,650', 'tddPattern': 'DL|DL|DL|DL|UL|DL|DL|DL|DL|UL|'}"
480938,dynamic_continuous_30s_ue3,Cenário contínuo com 3 UEs e cinco fases de tráfego na mesma simulação.,40,3,200,4,30s,3000,"{'dynamicTraffic': '1', 'phaseDurations': '6,6,6,6,6', 'phaseLambdas': '200,350,550,250,650', 'tddPattern': 'DL|DL|DL|DL|UL|DL|DL|DL|DL|UL|'}"
480938,dynamic_continuous_30s_ue5,Cenário contínuo com 5 UEs e cinco fases de tráfego na mesma simulação.,40,5,200,4,30s,3000,"{'dynamicTraffic': '1', 'phaseDurations': '6,6,6,6,6', 'phaseLambdas': '200,350,550,250,650', 'tddPattern': 'DL|DL|DL|DL|UL|DL|DL|DL|DL|UL|'}"
480938,dynamic_continuous_30s_ue7,Cenário contínuo com 7 UEs e cinco fases de tráfego na mesma simulação.,40,7,200,4,30s,3000,"{'dynamicTraffic': '1', 'phaseDurations': '6,6,6,6,6', 'phaseLambdas': '200,350,550,250,650', 'tddPattern': 'DL|DL|DL|DL|UL|DL|DL|DL|DL|UL|'}"
481243,dynamic_continuous_30s_ue3,Cenário contínuo com 3 UEs e cinco fases de tráfego na mesma simulação.,40,3,200,4,30s,3000,"{'dynamicTraffic': '1', 'phaseDurations': '6,6,6,6,6', 'phaseLambdas': '200,350,550,250,650', 'tddPattern': 'DL|DL|DL|DL|UL|DL|DL|DL|DL|UL|'}"
481243,dynamic_continuous_30s_ue5,Cenário contínuo com 5 UEs e cinco fases de tráfego na mesma simulação.,40,5,200,4,30s,3000,"{'dynamicTraffic': '1', 'phaseDurations': '6,6,6,6,6', 'phaseLambdas': '200,350,550,250,650', 'tddPattern': 'DL|DL|DL|DL|UL|DL|DL|DL|DL|UL|'}"
481243,dynamic_continuous_30s_ue7,Cenário contínuo com 7 UEs e cinco fases de tráfego na mesma simulação.,40,7,200,4,30s,3000,"{'dynamicTraffic': '1', 'phaseDurations': '6,6,6,6,6', 'phaseLambdas': '200,350,550,250,650', 'tddPattern': 'DL|DL|DL|DL|UL|DL|DL|DL|DL|UL|'}"
484973,dynamic_continuous_30s_ue3,Cenário contínuo com 3 UEs e cinco fases de tráfego na mesma simulação.,40,3,200,4,30s,3000,"{'dynamicTraffic': '1', 'phaseDurations': '6,6,6,6,6', 'phaseLambdas': '200,350,550,250,650', 'tddPattern': 'DL|DL|DL|DL|UL|DL|DL|DL|DL|UL|'}"
484973,dynamic_continuous_30s_ue5,Cenário contínuo com 5 UEs e cinco fases de tráfego na mesma simulação.,40,5,200,4,30s,3000,"{'dynamicTraffic': '1', 'phaseDurations': '6,6,6,6,6', 'phaseLambdas': '200,350,550,250,650', 'tddPattern': 'DL|DL|DL|DL|UL|DL|DL|DL|DL|UL|'}"
484973,dynamic_continuous_30s_ue7,Cenário contínuo com 7 UEs e cinco fases de tráfego na mesma simulação.,40,7,200,4,30s,3000,"{'dynamicTraffic': '1', 'phaseDurations': '6,6,6,6,6', 'phaseLambdas': '200,350,550,250,650', 'tddPattern': 'DL|DL|DL|DL|UL|DL|DL|DL|DL|UL|'}"
488199,dynamic_continuous_30s_ue3,Cenário contínuo com 3 UEs e cinco fases de tráfego na mesma simulação.,40,3,200,4,30s,3000,"{'dynamicTraffic': '1', 'phaseDurations': '6,6,6,6,6', 'phaseLambdas': '200,350,550,250,650', 'tddPattern': 'DL|DL|DL|DL|UL|DL|DL|DL|DL|UL|'}"
488199,dynamic_continuous_30s_ue5,Cenário contínuo com 5 UEs e cinco fases de tráfego na mesma simulação.,40,5,200,4,30s,3000,"{'dynamicTraffic': '1', 'phaseDurations': '6,6,6,6,6', 'phaseLambdas': '200,350,550,250,650', 'tddPattern': 'DL|DL|DL|DL|UL|DL|DL|DL|DL|UL|'}"
488199,dynamic_continuous_30s_ue7,Cenário contínuo com 7 UEs e cinco fases de tráfego na mesma simulação.,40,7,200,4,30s,3000,"{'dynamicTraffic': '1', 'phaseDurations': '6,6,6,6,6', 'phaseLambdas': '200,350,550,250,650', 'tddPattern': 'DL|DL|DL|DL|UL|DL|DL|DL|DL|UL|'}"
495564,dynamic_continuous_30s_ue3,Cenário contínuo com 3 UEs e cinco fases de tráfego na mesma simulação.,40,3,200,4,30s,3000,"{'dynamicTraffic': '1', 'phaseDurations': '6,6,6,6,6', 'phaseLambdas': '200,350,550,250,650', 'tddPattern': 'DL|DL|DL|DL|UL|DL|DL|DL|DL|UL|'}"
495564,dynamic_continuous_30s_ue5,Cenário contínuo com 5 UEs e cinco fases de tráfego na mesma simulação.,40,5,200,4,30s,3000,"{'dynamicTraffic': '1', 'phaseDurations': '6,6,6,6,6', 'phaseLambdas': '200,350,550,250,650', 'tddPattern': 'DL|DL|DL|DL|UL|DL|DL|DL|DL|UL|'}"
495564,dynamic_continuous_30s_ue7,Cenário contínuo com 7 UEs e cinco fases de tráfego na mesma simulação.,40,7,200,4,30s,3000,"{'dynamicTraffic': '1', 'phaseDurations': '6,6,6,6,6', 'phaseLambdas': '200,350,550,250,650', 'tddPattern': 'DL|DL|DL|DL|UL|DL|DL|DL|DL|UL|'}"
500483,dynamic_continuous_30s_ue3,Cenário contínuo com 3 UEs e cinco fases de tráfego na mesma simulação.,40,3,200,4,30s,3000,"{'dynamicTraffic': '1', 'phaseDurations': '6,6,6,6,6', 'phaseLambdas': '200,350,550,250,650', 'tddPattern': 'DL|DL|DL|DL|UL|DL|DL|DL|DL|UL|'}"
500483,dynamic_continuous_30s_ue5,Cenário contínuo com 5 UEs e cinco fases de tráfego na mesma simulação.,40,5,200,4,30s,3000,"{'dynamicTraffic': '1', 'phaseDurations': '6,6,6,6,6', 'phaseLambdas': '200,350,550,250,650', 'tddPattern': 'DL|DL|DL|DL|UL|DL|DL|DL|DL|UL|'}"
500483,dynamic_continuous_30s_ue7,Cenário contínuo com 7 UEs e cinco fases de tráfego na mesma simulação.,40,7,200,4,30s,3000,"{'dynamicTraffic': '1', 'phaseDurations': '6,6,6,6,6', 'phaseLambdas': '200,350,550,250,650', 'tddPattern': 'DL|DL|DL|DL|UL|DL|DL|DL|DL|UL|'}"
501834,dynamic_continuous_30s_ue3,Cenário contínuo com 3 UEs e cinco fases de tráfego na mesma simulação.,40,3,200,4,30s,3000,"{'dynamicTraffic': '1', 'phaseDurations': '6,6,6,6,6', 'phaseLambdas': '200,350,550,250,650', 'tddPattern': 'DL|DL|DL|DL|UL|DL|DL|DL|DL|UL|'}"
501834,dynamic_continuous_30s_ue5,Cenário contínuo com 5 UEs e cinco fases de tráfego na mesma simulação.,40,5,200,4,30s,3000,"{'dynamicTraffic': '1', 'phaseDurations': '6,6,6,6,6', 'phaseLambdas': '200,350,550,250,650', 'tddPattern': 'DL|DL|DL|DL|UL|DL|DL|DL|DL|UL|'}"
501834,dynamic_continuous_30s_ue7,Cenário contínuo com 7 UEs e cinco fases de tráfego na mesma simulação.,40,7,200,4,30s,3000,"{'dynamicTraffic': '1', 'phaseDurations': '6,6,6,6,6', 'phaseLambdas': '200,350,550,250,650', 'tddPattern': 'DL|DL|DL|DL|UL|DL|DL|DL|DL|UL|'}"
502367,dynamic_continuous_30s_ue3,Cenário contínuo com 3 UEs e cinco fases de tráfego na mesma simulação.,40,3,200,4,30s,3000,"{'dynamicTraffic': '1', 'phaseDurations': '6,6,6,6,6', 'phaseLambdas': '200,350,550,250,650', 'tddPattern': 'DL|DL|DL|DL|UL|DL|DL|DL|DL|UL|'}"
502367,dynamic_continuous_30s_ue5,Cenário contínuo com 5 UEs e cinco fases de tráfego na mesma simulação.,40,5,200,4,30s,3000,"{'dynamicTraffic': '1', 'phaseDurations': '6,6,6,6,6', 'phaseLambdas': '200,350,550,250,650', 'tddPattern': 'DL|DL|DL|DL|UL|DL|DL|DL|DL|UL|'}"
502367,dynamic_continuous_30s_ue7,Cenário contínuo com 7 UEs e cinco fases de tráfego na mesma simulação.,40,7,200,4,30s,3000,"{'dynamicTraffic': '1', 'phaseDurations': '6,6,6,6,6', 'phaseLambdas': '200,350,550,250,650', 'tddPattern': 'DL|DL|DL|DL|UL|DL|DL|DL|DL|UL|'}"
503664,dynamic_continuous_30s_ue3,Cenário contínuo com 3 UEs e cinco fases de tráfego na mesma simulação.,40,3,200,4,30s,3000,"{'dynamicTraffic': '1', 'phaseDurations': '6,6,6,6,6', 'phaseLambdas': '200,350,550,250,650', 'tddPattern': 'DL|DL|DL|DL|UL|DL|DL|DL|DL|UL|'}"
503664,dynamic_continuous_30s_ue5,Cenário contínuo com 5 UEs e cinco fases de tráfego na mesma simulação.,40,5,200,4,30s,3000,"{'dynamicTraffic': '1', 'phaseDurations': '6,6,6,6,6', 'phaseLambdas': '200,350,550,250,650', 'tddPattern': 'DL|DL|DL|DL|UL|DL|DL|DL|DL|UL|'}"
503664,dynamic_continuous_30s_ue7,Cenário contínuo com 7 UEs e cinco fases de tráfego na mesma simulação.,40,7,200,4,30s,3000,"{'dynamicTraffic': '1', 'phaseDurations': '6,6,6,6,6', 'phaseLambdas': '200,350,550,250,650', 'tddPattern': 'DL|DL|DL|DL|UL|DL|DL|DL|DL|UL|'}"
506424,dynamic_continuous_30s_ue3,Cenário contínuo com 3 UEs e cinco fases de tráfego na mesma simulação.,40,3,200,4,30s,3000,"{'dynamicTraffic': '1', 'phaseDurations': '6,6,6,6,6', 'phaseLambdas': '200,350,550,250,650', 'tddPattern': 'DL|DL|DL|DL|UL|DL|DL|DL|DL|UL|'}"
506424,dynamic_continuous_30s_ue5,Cenário contínuo com 5 UEs e cinco fases de tráfego na mesma simulação.,40,5,200,4,30s,3000,"{'dynamicTraffic': '1', 'phaseDurations': '6,6,6,6,6', 'phaseLambdas': '200,350,550,250,650', 'tddPattern': 'DL|DL|DL|DL|UL|DL|DL|DL|DL|UL|'}"
506424,dynamic_continuous_30s_ue7,Cenário contínuo com 7 UEs e cinco fases de tráfego na mesma simulação.,40,7,200,4,30s,3000,"{'dynamicTraffic': '1', 'phaseDurations': '6,6,6,6,6', 'phaseLambdas': '200,350,550,250,650', 'tddPattern': 'DL|DL|DL|DL|UL|DL|DL|DL|DL|UL|'}"
516977,dynamic_continuous_30s_ue3,Cenário contínuo com 3 UEs e cinco fases de tráfego na mesma simulação.,40,3,200,4,30s,3000,"{'dynamicTraffic': '1', 'phaseDurations': '6,6,6,6,6', 'phaseLambdas': '200,350,550,250,650', 'tddPattern': 'DL|DL|DL|DL|UL|DL|DL|DL|DL|UL|'}"
516977,dynamic_continuous_30s_ue5,Cenário contínuo com 5 UEs e cinco fases de tráfego na mesma simulação.,40,5,200,4,30s,3000,"{'dynamicTraffic': '1', 'phaseDurations': '6,6,6,6,6', 'phaseLambdas': '200,350,550,250,650', 'tddPattern': 'DL|DL|DL|DL|UL|DL|DL|DL|DL|UL|'}"
516977,dynamic_continuous_30s_ue7,Cenário contínuo com 7 UEs e cinco fases de tráfego na mesma simulação.,40,7,200,4,30s,3000,"{'dynamicTraffic': '1', 'phaseDurations': '6,6,6,6,6', 'phaseLambdas': '200,350,550,250,650', 'tddPattern': 'DL|DL|DL|DL|UL|DL|DL|DL|DL|UL|'}"
521288,dynamic_continuous_30s_ue3,Cenário contínuo com 3 UEs e cinco fases de tráfego na mesma simulação.,40,3,200,4,30s,3000,"{'dynamicTraffic': '1', 'phaseDurations': '6,6,6,6,6', 'phaseLambdas': '200,350,550,250,650', 'tddPattern': 'DL|DL|DL|DL|UL|DL|DL|DL|DL|UL|'}"
521288,dynamic_continuous_30s_ue5,Cenário contínuo com 5 UEs e cinco fases de tráfego na mesma simulação.,40,5,200,4,30s,3000,"{'dynamicTraffic': '1', 'phaseDurations': '6,6,6,6,6', 'phaseLambdas': '200,350,550,250,650', 'tddPattern': 'DL|DL|DL|DL|UL|DL|DL|DL|DL|UL|'}"
521288,dynamic_continuous_30s_ue7,Cenário contínuo com 7 UEs e cinco fases de tráfego na mesma simulação.,40,7,200,4,30s,3000,"{'dynamicTraffic': '1', 'phaseDurations': '6,6,6,6,6', 'phaseLambdas': '200,350,550,250,650', 'tddPattern': 'DL|DL|DL|DL|UL|DL|DL|DL|DL|UL|'}"
525219,dynamic_continuous_30s_ue3,Cenário contínuo com 3 UEs e cinco fases de tráfego na mesma simulação.,40,3,200,4,30s,3000,"{'dynamicTraffic': '1', 'phaseDurations': '6,6,6,6,6', 'phaseLambdas': '200,350,550,250,650', 'tddPattern': 'DL|DL|DL|DL|UL|DL|DL|DL|DL|UL|'}"
525219,dynamic_continuous_30s_ue5,Cenário contínuo com 5 UEs e cinco fases de tráfego na mesma simulação.,40,5,200,4,30s,3000,"{'dynamicTraffic': '1', 'phaseDurations': '6,6,6,6,6', 'phaseLambdas': '200,350,550,250,650', 'tddPattern': 'DL|DL|DL|DL|UL|DL|DL|DL|DL|UL|'}"
525219,dynamic_continuous_30s_ue7,Cenário contínuo com 7 UEs e cinco fases de tráfego na mesma simulação.,40,7,200,4,30s,3000,"{'dynamicTraffic': '1', 'phaseDurations': '6,6,6,6,6', 'phaseLambdas': '200,350,550,250,650', 'tddPattern': 'DL|DL|DL|DL|UL|DL|DL|DL|DL|UL|'}"
559035,dynamic_continuous_30s_ue3,Cenário contínuo com 3 UEs e cinco fases de tráfego na mesma simulação.,40,3,200,4,30s,3000,"{'dynamicTraffic': '1', 'phaseDurations': '6,6,6,6,6', 'phaseLambdas': '200,350,550,250,650', 'tddPattern': 'DL|DL|DL|DL|UL|DL|DL|DL|DL|UL|'}"
559035,dynamic_continuous_30s_ue5,Cenário contínuo com 5 UEs e cinco fases de tráfego na mesma simulação.,40,5,200,4,30s,3000,"{'dynamicTraffic': '1', 'phaseDurations': '6,6,6,6,6', 'phaseLambdas': '200,350,550,250,650', 'tddPattern': 'DL|DL|DL|DL|UL|DL|DL|DL|DL|UL|'}"
559035,dynamic_continuous_30s_ue7,Cenário contínuo com 7 UEs e cinco fases de tráfego na mesma simulação.,40,7,200,4,30s,3000,"{'dynamicTraffic': '1', 'phaseDurations': '6,6,6,6,6', 'phaseLambdas': '200,350,550,250,650', 'tddPattern': 'DL|DL|DL|DL|UL|DL|DL|DL|DL|UL|'}"
562601,dynamic_continuous_30s_ue3,Cenário contínuo com 3 UEs e cinco fases de tráfego na mesma simulação.,40,3,200,4,30s,3000,"{'dynamicTraffic': '1', 'phaseDurations': '6,6,6,6,6', 'phaseLambdas': '200,350,550,250,650', 'tddPattern': 'DL|DL|DL|DL|UL|DL|DL|DL|DL|UL|'}"
562601,dynamic_continuous_30s_ue5,Cenário contínuo com 5 UEs e cinco fases de tráfego na mesma simulação.,40,5,200,4,30s,3000,"{'dynamicTraffic': '1', 'phaseDurations': '6,6,6,6,6', 'phaseLambdas': '200,350,550,250,650', 'tddPattern': 'DL|DL|DL|DL|UL|DL|DL|DL|DL|UL|'}"
562601,dynamic_continuous_30s_ue7,Cenário contínuo com 7 UEs e cinco fases de tráfego na mesma simulação.,40,7,200,4,30s,3000,"{'dynamicTraffic': '1', 'phaseDurations': '6,6,6,6,6', 'phaseLambdas': '200,350,550,250,650', 'tddPattern': 'DL|DL|DL|DL|UL|DL|DL|DL|DL|UL|'}"
577111,dynamic_continuous_30s_ue3,Cenário contínuo com 3 UEs e cinco fases de tráfego na mesma simulação.,40,3,200,4,30s,3000,"{'dynamicTraffic': '1', 'phaseDurations': '6,6,6,6,6', 'phaseLambdas': '200,350,550,250,650', 'tddPattern': 'DL|DL|DL|DL|UL|DL|DL|DL|DL|UL|'}"
577111,dynamic_continuous_30s_ue5,Cenário contínuo com 5 UEs e cinco fases de tráfego na mesma simulação.,40,5,200,4,30s,3000,"{'dynamicTraffic': '1', 'phaseDurations': '6,6,6,6,6', 'phaseLambdas': '200,350,550,250,650', 'tddPattern': 'DL|DL|DL|DL|UL|DL|DL|DL|DL|UL|'}"
577111,dynamic_continuous_30s_ue7,Cenário contínuo com 7 UEs e cinco fases de tráfego na mesma simulação.,40,7,200,4,30s,3000,"{'dynamicTraffic': '1', 'phaseDurations': '6,6,6,6,6', 'phaseLambdas': '200,350,550,250,650', 'tddPattern': 'DL|DL|DL|DL|UL|DL|DL|DL|DL|UL|'}"
581757,dynamic_continuous_30s_ue3,Cenário contínuo com 3 UEs e cinco fases de tráfego na mesma simulação.,40,3,200,4,30s,3000,"{'dynamicTraffic': '1', 'phaseDurations': '6,6,6,6,6', 'phaseLambdas': '200,350,550,250,650', 'tddPattern': 'DL|DL|DL|DL|UL|DL|DL|DL|DL|UL|'}"
581757,dynamic_continuous_30s_ue5,Cenário contínuo com 5 UEs e cinco fases de tráfego na mesma simulação.,40,5,200,4,30s,3000,"{'dynamicTraffic': '1', 'phaseDurations': '6,6,6,6,6', 'phaseLambdas': '200,350,550,250,650', 'tddPattern': 'DL|DL|DL|DL|UL|DL|DL|DL|DL|UL|'}"
581757,dynamic_continuous_30s_ue7,Cenário contínuo com 7 UEs e cinco fases de tráfego na mesma simulação.,40,7,200,4,30s,3000,"{'dynamicTraffic': '1', 'phaseDurations': '6,6,6,6,6', 'phaseLambdas': '200,350,550,250,650', 'tddPattern': 'DL|DL|DL|DL|UL|DL|DL|DL|DL|UL|'}"
594585,dynamic_continuous_30s_ue3,Cenário contínuo com 3 UEs e cinco fases de tráfego na mesma simulação.,40,3,200,4,30s,3000,"{'dynamicTraffic': '1', 'phaseDurations': '6,6,6,6,6', 'phaseLambdas': '200,350,550,250,650', 'tddPattern': 'DL|DL|DL|DL|UL|DL|DL|DL|DL|UL|'}"
594585,dynamic_continuous_30s_ue5,Cenário contínuo com 5 UEs e cinco fases de tráfego na mesma simulação.,40,5,200,4,30s,3000,"{'dynamicTraffic': '1', 'phaseDurations': '6,6,6,6,6', 'phaseLambdas': '200,350,550,250,650', 'tddPattern': 'DL|DL|DL|DL|UL|DL|DL|DL|DL|UL|'}"
594585,dynamic_continuous_30s_ue7,Cenário contínuo com 7 UEs e cinco fases de tráfego na mesma simulação.,40,7,200,4,30s,3000,"{'dynamicTraffic': '1', 'phaseDurations': '6,6,6,6,6', 'phaseLambdas': '200,350,550,250,650', 'tddPattern': 'DL|DL|DL|DL|UL|DL|DL|DL|DL|UL|'}"
601866,dynamic_continuous_30s_ue3,Cenário contínuo com 3 UEs e cinco fases de tráfego na mesma simulação.,40,3,200,4,30s,3000,"{'dynamicTraffic': '1', 'phaseDurations': '6,6,6,6,6', 'phaseLambdas': '200,350,550,250,650', 'tddPattern': 'DL|DL|DL|DL|UL|DL|DL|DL|DL|UL|'}"
601866,dynamic_continuous_30s_ue5,Cenário contínuo com 5 UEs e cinco fases de tráfego na mesma simulação.,40,5,200,4,30s,3000,"{'dynamicTraffic': '1', 'phaseDurations': '6,6,6,6,6', 'phaseLambdas': '200,350,550,250,650', 'tddPattern': 'DL|DL|DL|DL|UL|DL|DL|DL|DL|UL|'}"
601866,dynamic_continuous_30s_ue7,Cenário contínuo com 7 UEs e cinco fases de tráfego na mesma simulação.,40,7,200,4,30s,3000,"{'dynamicTraffic': '1', 'phaseDurations': '6,6,6,6,6', 'phaseLambdas': '200,350,550,250,650', 'tddPattern': 'DL|DL|DL|DL|UL|DL|DL|DL|DL|UL|'}"
602931,dynamic_continuous_30s_ue3,Cenário contínuo com 3 UEs e cinco fases de tráfego na mesma simulação.,40,3,200,4,30s,3000,"{'dynamicTraffic': '1', 'phaseDurations': '6,6,6,6,6', 'phaseLambdas': '200,350,550,250,650', 'tddPattern': 'DL|DL|DL|DL|UL|DL|DL|DL|DL|UL|'}"
602931,dynamic_continuous_30s_ue5,Cenário contínuo com 5 UEs e cinco fases de tráfego na mesma simulação.,40,5,200,4,30s,3000,"{'dynamicTraffic': '1', 'phaseDurations': '6,6,6,6,6', 'phaseLambdas': '200,350,550,250,650', 'tddPattern': 'DL|DL|DL|DL|UL|DL|DL|DL|DL|UL|'}"
602931,dynamic_continuous_30s_ue7,Cenário contínuo com 7 UEs e cinco fases de tráfego na mesma simulação.,40,7,200,4,30s,3000,"{'dynamicTraffic': '1', 'phaseDurations': '6,6,6,6,6', 'phaseLambdas': '200,350,550,250,650', 'tddPattern': 'DL|DL|DL|DL|UL|DL|DL|DL|DL|UL|'}"
612515,dynamic_continuous_30s_ue3,Cenário contínuo com 3 UEs e cinco fases de tráfego na mesma simulação.,40,3,200,4,30s,3000,"{'dynamicTraffic': '1', 'phaseDurations': '6,6,6,6,6', 'phaseLambdas': '200,350,550,250,650', 'tddPattern': 'DL|DL|DL|DL|UL|DL|DL|DL|DL|UL|'}"
612515,dynamic_continuous_30s_ue5,Cenário contínuo com 5 UEs e cinco fases de tráfego na mesma simulação.,40,5,200,4,30s,3000,"{'dynamicTraffic': '1', 'phaseDurations': '6,6,6,6,6', 'phaseLambdas': '200,350,550,250,650', 'tddPattern': 'DL|DL|DL|DL|UL|DL|DL|DL|DL|UL|'}"
612515,dynamic_continuous_30s_ue7,Cenário contínuo com 7 UEs e cinco fases de tráfego na mesma simulação.,40,7,200,4,30s,3000,"{'dynamicTraffic': '1', 'phaseDurations': '6,6,6,6,6', 'phaseLambdas': '200,350,550,250,650', 'tddPattern': 'DL|DL|DL|DL|UL|DL|DL|DL|DL|UL|'}"
620914,dynamic_continuous_30s_ue3,Cenário contínuo com 3 UEs e cinco fases de tráfego na mesma simulação.,40,3,200,4,30s,3000,"{'dynamicTraffic': '1', 'phaseDurations': '6,6,6,6,6', 'phaseLambdas': '200,350,550,250,650', 'tddPattern': 'DL|DL|DL|DL|UL|DL|DL|DL|DL|UL|'}"
620914,dynamic_continuous_30s_ue5,Cenário contínuo com 5 UEs e cinco fases de tráfego na mesma simulação.,40,5,200,4,30s,3000,"{'dynamicTraffic': '1', 'phaseDurations': '6,6,6,6,6', 'phaseLambdas': '200,350,550,250,650', 'tddPattern': 'DL|DL|DL|DL|UL|DL|DL|DL|DL|UL|'}"
620914,dynamic_continuous_30s_ue7,Cenário contínuo com 7 UEs e cinco fases de tráfego na mesma simulação.,40,7,200,4,30s,3000,"{'dynamicTraffic': '1', 'phaseDurations': '6,6,6,6,6', 'phaseLambdas': '200,350,550,250,650', 'tddPattern': 'DL|DL|DL|DL|UL|DL|DL|DL|DL|UL|'}"
633996,dynamic_continuous_30s_ue3,Cenário contínuo com 3 UEs e cinco fases de tráfego na mesma simulação.,40,3,200,4,30s,3000,"{'dynamicTraffic': '1', 'phaseDurations': '6,6,6,6,6', 'phaseLambdas': '200,350,550,250,650', 'tddPattern': 'DL|DL|DL|DL|UL|DL|DL|DL|DL|UL|'}"
633996,dynamic_continuous_30s_ue5,Cenário contínuo com 5 UEs e cinco fases de tráfego na mesma simulação.,40,5,200,4,30s,3000,"{'dynamicTraffic': '1', 'phaseDurations': '6,6,6,6,6', 'phaseLambdas': '200,350,550,250,650', 'tddPattern': 'DL|DL|DL|DL|UL|DL|DL|DL|DL|UL|'}"
633996,dynamic_continuous_30s_ue7,Cenário contínuo com 7 UEs e cinco fases de tráfego na mesma simulação.,40,7,200,4,30s,3000,"{'dynamicTraffic': '1', 'phaseDurations': '6,6,6,6,6', 'phaseLambdas': '200,350,550,250,650', 'tddPattern': 'DL|DL|DL|DL|UL|DL|DL|DL|DL|UL|'}"
634332,dynamic_continuous_30s_ue3,Cenário contínuo com 3 UEs e cinco fases de tráfego na mesma simulação.,40,3,200,4,30s,3000,"{'dynamicTraffic': '1', 'phaseDurations': '6,6,6,6,6', 'phaseLambdas': '200,350,550,250,650', 'tddPattern': 'DL|DL|DL|DL|UL|DL|DL|DL|DL|UL|'}"
634332,dynamic_continuous_30s_ue5,Cenário contínuo com 5 UEs e cinco fases de tráfego na mesma simulação.,40,5,200,4,30s,3000,"{'dynamicTraffic': '1', 'phaseDurations': '6,6,6,6,6', 'phaseLambdas': '200,350,550,250,650', 'tddPattern': 'DL|DL|DL|DL|UL|DL|DL|DL|DL|UL|'}"
634332,dynamic_continuous_30s_ue7,Cenário contínuo com 7 UEs e cinco fases de tráfego na mesma simulação.,40,7,200,4,30s,3000,"{'dynamicTraffic': '1', 'phaseDurations': '6,6,6,6,6', 'phaseLambdas': '200,350,550,250,650', 'tddPattern': 'DL|DL|DL|DL|UL|DL|DL|DL|DL|UL|'}"
642876,dynamic_continuous_30s_ue3,Cenário contínuo com 3 UEs e cinco fases de tráfego na mesma simulação.,40,3,200,4,30s,3000,"{'dynamicTraffic': '1', 'phaseDurations': '6,6,6,6,6', 'phaseLambdas': '200,350,550,250,650', 'tddPattern': 'DL|DL|DL|DL|UL|DL|DL|DL|DL|UL|'}"
642876,dynamic_continuous_30s_ue5,Cenário contínuo com 5 UEs e cinco fases de tráfego na mesma simulação.,40,5,200,4,30s,3000,"{'dynamicTraffic': '1', 'phaseDurations': '6,6,6,6,6', 'phaseLambdas': '200,350,550,250,650', 'tddPattern': 'DL|DL|DL|DL|UL|DL|DL|DL|DL|UL|'}"
642876,dynamic_continuous_30s_ue7,Cenário contínuo com 7 UEs e cinco fases de tráfego na mesma simulação.,40,7,200,4,30s,3000,"{'dynamicTraffic': '1', 'phaseDurations': '6,6,6,6,6', 'phaseLambdas': '200,350,550,250,650', 'tddPattern': 'DL|DL|DL|DL|UL|DL|DL|DL|DL|UL|'}"
647143,dynamic_continuous_30s_ue3,Cenário contínuo com 3 UEs e cinco fases de tráfego na mesma simulação.,40,3,200,4,30s,3000,"{'dynamicTraffic': '1', 'phaseDurations': '6,6,6,6,6', 'phaseLambdas': '200,350,550,250,650', 'tddPattern': 'DL|DL|DL|DL|UL|DL|DL|DL|DL|UL|'}"
647143,dynamic_continuous_30s_ue5,Cenário contínuo com 5 UEs e cinco fases de tráfego na mesma simulação.,40,5,200,4,30s,3000,"{'dynamicTraffic': '1', 'phaseDurations': '6,6,6,6,6', 'phaseLambdas': '200,350,550,250,650', 'tddPattern': 'DL|DL|DL|DL|UL|DL|DL|DL|DL|UL|'}"
647143,dynamic_continuous_30s_ue7,Cenário contínuo com 7 UEs e cinco fases de tráfego na mesma simulação.,40,7,200,4,30s,3000,"{'dynamicTraffic': '1', 'phaseDurations': '6,6,6,6,6', 'phaseLambdas': '200,350,550,250,650', 'tddPattern': 'DL|DL|DL|DL|UL|DL|DL|DL|DL|UL|'}"
658466,dynamic_continuous_30s_ue3,Cenário contínuo com 3 UEs e cinco fases de tráfego na mesma simulação.,40,3,200,4,30s,3000,"{'dynamicTraffic': '1', 'phaseDurations': '6,6,6,6,6', 'phaseLambdas': '200,350,550,250,650', 'tddPattern': 'DL|DL|DL|DL|UL|DL|DL|DL|DL|UL|'}"
658466,dynamic_continuous_30s_ue5,Cenário contínuo com 5 UEs e cinco fases de tráfego na mesma simulação.,40,5,200,4,30s,3000,"{'dynamicTraffic': '1', 'phaseDurations': '6,6,6,6,6', 'phaseLambdas': '200,350,550,250,650', 'tddPattern': 'DL|DL|DL|DL|UL|DL|DL|DL|DL|UL|'}"
658466,dynamic_continuous_30s_ue7,Cenário contínuo com 7 UEs e cinco fases de tráfego na mesma simulação.,40,7,200,4,30s,3000,"{'dynamicTraffic': '1', 'phaseDurations': '6,6,6,6,6', 'phaseLambdas': '200,350,550,250,650', 'tddPattern': 'DL|DL|DL|DL|UL|DL|DL|DL|DL|UL|'}"
665135,dynamic_continuous_30s_ue3,Cenário contínuo com 3 UEs e cinco fases de tráfego na mesma simulação.,40,3,200,4,30s,3000,"{'dynamicTraffic': '1', 'phaseDurations': '6,6,6,6,6', 'phaseLambdas': '200,350,550,250,650', 'tddPattern': 'DL|DL|DL|DL|UL|DL|DL|DL|DL|UL|'}"
665135,dynamic_continuous_30s_ue5,Cenário contínuo com 5 UEs e cinco fases de tráfego na mesma simulação.,40,5,200,4,30s,3000,"{'dynamicTraffic': '1', 'phaseDurations': '6,6,6,6,6', 'phaseLambdas': '200,350,550,250,650', 'tddPattern': 'DL|DL|DL|DL|UL|DL|DL|DL|DL|UL|'}"
665135,dynamic_continuous_30s_ue7,Cenário contínuo com 7 UEs e cinco fases de tráfego na mesma simulação.,40,7,200,4,30s,3000,"{'dynamicTraffic': '1', 'phaseDurations': '6,6,6,6,6', 'phaseLambdas': '200,350,550,250,650', 'tddPattern': 'DL|DL|DL|DL|UL|DL|DL|DL|DL|UL|'}"
671634,dynamic_continuous_30s_ue3,Cenário contínuo com 3 UEs e cinco fases de tráfego na mesma simulação.,40,3,200,4,30s,3000,"{'dynamicTraffic': '1', 'phaseDurations': '6,6,6,6,6', 'phaseLambdas': '200,350,550,250,650', 'tddPattern': 'DL|DL|DL|DL|UL|DL|DL|DL|DL|UL|'}"
671634,dynamic_continuous_30s_ue5,Cenário contínuo com 5 UEs e cinco fases de tráfego na mesma simulação.,40,5,200,4,30s,3000,"{'dynamicTraffic': '1', 'phaseDurations': '6,6,6,6,6', 'phaseLambdas': '200,350,550,250,650', 'tddPattern': 'DL|DL|DL|DL|UL|DL|DL|DL|DL|UL|'}"
671634,dynamic_continuous_30s_ue7,Cenário contínuo com 7 UEs e cinco fases de tráfego na mesma simulação.,40,7,200,4,30s,3000,"{'dynamicTraffic': '1', 'phaseDurations': '6,6,6,6,6', 'phaseLambdas': '200,350,550,250,650', 'tddPattern': 'DL|DL|DL|DL|UL|DL|DL|DL|DL|UL|'}"
674312,dynamic_continuous_30s_ue3,Cenário contínuo com 3 UEs e cinco fases de tráfego na mesma simulação.,40,3,200,4,30s,3000,"{'dynamicTraffic': '1', 'phaseDurations': '6,6,6,6,6', 'phaseLambdas': '200,350,550,250,650', 'tddPattern': 'DL|DL|DL|DL|UL|DL|DL|DL|DL|UL|'}"
674312,dynamic_continuous_30s_ue5,Cenário contínuo com 5 UEs e cinco fases de tráfego na mesma simulação.,40,5,200,4,30s,3000,"{'dynamicTraffic': '1', 'phaseDurations': '6,6,6,6,6', 'phaseLambdas': '200,350,550,250,650', 'tddPattern': 'DL|DL|DL|DL|UL|DL|DL|DL|DL|UL|'}"
674312,dynamic_continuous_30s_ue7,Cenário contínuo com 7 UEs e cinco fases de tráfego na mesma simulação.,40,7,200,4,30s,3000,"{'dynamicTraffic': '1', 'phaseDurations': '6,6,6,6,6', 'phaseLambdas': '200,350,550,250,650', 'tddPattern': 'DL|DL|DL|DL|UL|DL|DL|DL|DL|UL|'}"
675296,dynamic_continuous_30s_ue3,Cenário contínuo com 3 UEs e cinco fases de tráfego na mesma simulação.,40,3,200,4,30s,3000,"{'dynamicTraffic': '1', 'phaseDurations': '6,6,6,6,6', 'phaseLambdas': '200,350,550,250,650', 'tddPattern': 'DL|DL|DL|DL|UL|DL|DL|DL|DL|UL|'}"
675296,dynamic_continuous_30s_ue5,Cenário contínuo com 5 UEs e cinco fases de tráfego na mesma simulação.,40,5,200,4,30s,3000,"{'dynamicTraffic': '1', 'phaseDurations': '6,6,6,6,6', 'phaseLambdas': '200,350,550,250,650', 'tddPattern': 'DL|DL|DL|DL|UL|DL|DL|DL|DL|UL|'}"
675296,dynamic_continuous_30s_ue7,Cenário contínuo com 7 UEs e cinco fases de tráfego na mesma simulação.,40,7,200,4,30s,3000,"{'dynamicTraffic': '1', 'phaseDurations': '6,6,6,6,6', 'phaseLambdas': '200,350,550,250,650', 'tddPattern': 'DL|DL|DL|DL|UL|DL|DL|DL|DL|UL|'}"
676063,dynamic_continuous_30s_ue3,Cenário contínuo com 3 UEs e cinco fases de tráfego na mesma simulação.,40,3,200,4,30s,3000,"{'dynamicTraffic': '1', 'phaseDurations': '6,6,6,6,6', 'phaseLambdas': '200,350,550,250,650', 'tddPattern': 'DL|DL|DL|DL|UL|DL|DL|DL|DL|UL|'}"
676063,dynamic_continuous_30s_ue5,Cenário contínuo com 5 UEs e cinco fases de tráfego na mesma simulação.,40,5,200,4,30s,3000,"{'dynamicTraffic': '1', 'phaseDurations': '6,6,6,6,6', 'phaseLambdas': '200,350,550,250,650', 'tddPattern': 'DL|DL|DL|DL|UL|DL|DL|DL|DL|UL|'}"
676063,dynamic_continuous_30s_ue7,Cenário contínuo com 7 UEs e cinco fases de tráfego na mesma simulação.,40,7,200,4,30s,3000,"{'dynamicTraffic': '1', 'phaseDurations': '6,6,6,6,6', 'phaseLambdas': '200,350,550,250,650', 'tddPattern': 'DL|DL|DL|DL|UL|DL|DL|DL|DL|UL|'}"
689611,dynamic_continuous_30s_ue3,Cenário contínuo com 3 UEs e cinco fases de tráfego na mesma simulação.,40,3,200,4,30s,3000,"{'dynamicTraffic': '1', 'phaseDurations': '6,6,6,6,6', 'phaseLambdas': '200,350,550,250,650', 'tddPattern': 'DL|DL|DL|DL|UL|DL|DL|DL|DL|UL|'}"
689611,dynamic_continuous_30s_ue5,Cenário contínuo com 5 UEs e cinco fases de tráfego na mesma simulação.,40,5,200,4,30s,3000,"{'dynamicTraffic': '1', 'phaseDurations': '6,6,6,6,6', 'phaseLambdas': '200,350,550,250,650', 'tddPattern': 'DL|DL|DL|DL|UL|DL|DL|DL|DL|UL|'}"
689611,dynamic_continuous_30s_ue7,Cenário contínuo com 7 UEs e cinco fases de tráfego na mesma simulação.,40,7,200,4,30s,3000,"{'dynamicTraffic': '1', 'phaseDurations': '6,6,6,6,6', 'phaseLambdas': '200,350,550,250,650', 'tddPattern': 'DL|DL|DL|DL|UL|DL|DL|DL|DL|UL|'}"
692469,dynamic_continuous_30s_ue3,Cenário contínuo com 3 UEs e cinco fases de tráfego na mesma simulação.,40,3,200,4,30s,3000,"{'dynamicTraffic': '1', 'phaseDurations': '6,6,6,6,6', 'phaseLambdas': '200,350,550,250,650', 'tddPattern': 'DL|DL|DL|DL|UL|DL|DL|DL|DL|UL|'}"
692469,dynamic_continuous_30s_ue5,Cenário contínuo com 5 UEs e cinco fases de tráfego na mesma simulação.,40,5,200,4,30s,3000,"{'dynamicTraffic': '1', 'phaseDurations': '6,6,6,6,6', 'phaseLambdas': '200,350,550,250,650', 'tddPattern': 'DL|DL|DL|DL|UL|DL|DL|DL|DL|UL|'}"
692469,dynamic_continuous_30s_ue7,Cenário contínuo com 7 UEs e cinco fases de tráfego na mesma simulação.,40,7,200,4,30s,3000,"{'dynamicTraffic': '1', 'phaseDurations': '6,6,6,6,6', 'phaseLambdas': '200,350,550,250,650', 'tddPattern': 'DL|DL|DL|DL|UL|DL|DL|DL|DL|UL|'}"
708082,dynamic_continuous_30s_ue3,Cenário contínuo com 3 UEs e cinco fases de tráfego na mesma simulação.,40,3,200,4,30s,3000,"{'dynamicTraffic': '1', 'phaseDurations': '6,6,6,6,6', 'phaseLambdas': '200,350,550,250,650', 'tddPattern': 'DL|DL|DL|DL|UL|DL|DL|DL|DL|UL|'}"
708082,dynamic_continuous_30s_ue5,Cenário contínuo com 5 UEs e cinco fases de tráfego na mesma simulação.,40,5,200,4,30s,3000,"{'dynamicTraffic': '1', 'phaseDurations': '6,6,6,6,6', 'phaseLambdas': '200,350,550,250,650', 'tddPattern': 'DL|DL|DL|DL|UL|DL|DL|DL|DL|UL|'}"
708082,dynamic_continuous_30s_ue7,Cenário contínuo com 7 UEs e cinco fases de tráfego na mesma simulação.,40,7,200,4,30s,3000,"{'dynamicTraffic': '1', 'phaseDurations': '6,6,6,6,6', 'phaseLambdas': '200,350,550,250,650', 'tddPattern': 'DL|DL|DL|DL|UL|DL|DL|DL|DL|UL|'}"
719490,dynamic_continuous_30s_ue3,Cenário contínuo com 3 UEs e cinco fases de tráfego na mesma simulação.,40,3,200,4,30s,3000,"{'dynamicTraffic': '1', 'phaseDurations': '6,6,6,6,6', 'phaseLambdas': '200,350,550,250,650', 'tddPattern': 'DL|DL|DL|DL|UL|DL|DL|DL|DL|UL|'}"
719490,dynamic_continuous_30s_ue5,Cenário contínuo com 5 UEs e cinco fases de tráfego na mesma simulação.,40,5,200,4,30s,3000,"{'dynamicTraffic': '1', 'phaseDurations': '6,6,6,6,6', 'phaseLambdas': '200,350,550,250,650', 'tddPattern': 'DL|DL|DL|DL|UL|DL|DL|DL|DL|UL|'}"
719490,dynamic_continuous_30s_ue7,Cenário contínuo com 7 UEs e cinco fases de tráfego na mesma simulação.,40,7,200,4,30s,3000,"{'dynamicTraffic': '1', 'phaseDurations': '6,6,6,6,6', 'phaseLambdas': '200,350,550,250,650', 'tddPattern': 'DL|DL|DL|DL|UL|DL|DL|DL|DL|UL|'}"
720719,dynamic_continuous_30s_ue3,Cenário contínuo com 3 UEs e cinco fases de tráfego na mesma simulação.,40,3,200,4,30s,3000,"{'dynamicTraffic': '1', 'phaseDurations': '6,6,6,6,6', 'phaseLambdas': '200,350,550,250,650', 'tddPattern': 'DL|DL|DL|DL|UL|DL|DL|DL|DL|UL|'}"
720719,dynamic_continuous_30s_ue5,Cenário contínuo com 5 UEs e cinco fases de tráfego na mesma simulação.,40,5,200,4,30s,3000,"{'dynamicTraffic': '1', 'phaseDurations': '6,6,6,6,6', 'phaseLambdas': '200,350,550,250,650', 'tddPattern': 'DL|DL|DL|DL|UL|DL|DL|DL|DL|UL|'}"
720719,dynamic_continuous_30s_ue7,Cenário contínuo com 7 UEs e cinco fases de tráfego na mesma simulação.,40,7,200,4,30s,3000,"{'dynamicTraffic': '1', 'phaseDurations': '6,6,6,6,6', 'phaseLambdas': '200,350,550,250,650', 'tddPattern': 'DL|DL|DL|DL|UL|DL|DL|DL|DL|UL|'}"
752848,dynamic_continuous_30s_ue3,Cenário contínuo com 3 UEs e cinco fases de tráfego na mesma simulação.,40,3,200,4,30s,3000,"{'dynamicTraffic': '1', 'phaseDurations': '6,6,6,6,6', 'phaseLambdas': '200,350,550,250,650', 'tddPattern': 'DL|DL|DL|DL|UL|DL|DL|DL|DL|UL|'}"
752848,dynamic_continuous_30s_ue5,Cenário contínuo com 5 UEs e cinco fases de tráfego na mesma simulação.,40,5,200,4,30s,3000,"{'dynamicTraffic': '1', 'phaseDurations': '6,6,6,6,6', 'phaseLambdas': '200,350,550,250,650', 'tddPattern': 'DL|DL|DL|DL|UL|DL|DL|DL|DL|UL|'}"
752848,dynamic_continuous_30s_ue7,Cenário contínuo com 7 UEs e cinco fases de tráfego na mesma simulação.,40,7,200,4,30s,3000,"{'dynamicTraffic': '1', 'phaseDurations': '6,6,6,6,6', 'phaseLambdas': '200,350,550,250,650', 'tddPattern': 'DL|DL|DL|DL|UL|DL|DL|DL|DL|UL|'}"
782218,dynamic_continuous_30s_ue3,Cenário contínuo com 3 UEs e cinco fases de tráfego na mesma simulação.,40,3,200,4,30s,3000,"{'dynamicTraffic': '1', 'phaseDurations': '6,6,6,6,6', 'phaseLambdas': '200,350,550,250,650', 'tddPattern': 'DL|DL|DL|DL|UL|DL|DL|DL|DL|UL|'}"
782218,dynamic_continuous_30s_ue5,Cenário contínuo com 5 UEs e cinco fases de tráfego na mesma simulação.,40,5,200,4,30s,3000,"{'dynamicTraffic': '1', 'phaseDurations': '6,6,6,6,6', 'phaseLambdas': '200,350,550,250,650', 'tddPattern': 'DL|DL|DL|DL|UL|DL|DL|DL|DL|UL|'}"
782218,dynamic_continuous_30s_ue7,Cenário contínuo com 7 UEs e cinco fases de tráfego na mesma simulação.,40,7,200,4,30s,3000,"{'dynamicTraffic': '1', 'phaseDurations': '6,6,6,6,6', 'phaseLambdas': '200,350,550,250,650', 'tddPattern': 'DL|DL|DL|DL|UL|DL|DL|DL|DL|UL|'}"
789504,dynamic_continuous_30s_ue3,Cenário contínuo com 3 UEs e cinco fases de tráfego na mesma simulação.,40,3,200,4,30s,3000,"{'dynamicTraffic': '1', 'phaseDurations': '6,6,6,6,6', 'phaseLambdas': '200,350,550,250,650', 'tddPattern': 'DL|DL|DL|DL|UL|DL|DL|DL|DL|UL|'}"
789504,dynamic_continuous_30s_ue5,Cenário contínuo com 5 UEs e cinco fases de tráfego na mesma simulação.,40,5,200,4,30s,3000,"{'dynamicTraffic': '1', 'phaseDurations': '6,6,6,6,6', 'phaseLambdas': '200,350,550,250,650', 'tddPattern': 'DL|DL|DL|DL|UL|DL|DL|DL|DL|UL|'}"
789504,dynamic_continuous_30s_ue7,Cenário contínuo com 7 UEs e cinco fases de tráfego na mesma simulação.,40,7,200,4,30s,3000,"{'dynamicTraffic': '1', 'phaseDurations': '6,6,6,6,6', 'phaseLambdas': '200,350,550,250,650', 'tddPattern': 'DL|DL|DL|DL|UL|DL|DL|DL|DL|UL|'}"
792503,dynamic_continuous_30s_ue3,Cenário contínuo com 3 UEs e cinco fases de tráfego na mesma simulação.,40,3,200,4,30s,3000,"{'dynamicTraffic': '1', 'phaseDurations': '6,6,6,6,6', 'phaseLambdas': '200,350,550,250,650', 'tddPattern': 'DL|DL|DL|DL|UL|DL|DL|DL|DL|UL|'}"
792503,dynamic_continuous_30s_ue5,Cenário contínuo com 5 UEs e cinco fases de tráfego na mesma simulação.,40,5,200,4,30s,3000,"{'dynamicTraffic': '1', 'phaseDurations': '6,6,6,6,6', 'phaseLambdas': '200,350,550,250,650', 'tddPattern': 'DL|DL|DL|DL|UL|DL|DL|DL|DL|UL|'}"
792503,dynamic_continuous_30s_ue7,Cenário contínuo com 7 UEs e cinco fases de tráfego na mesma simulação.,40,7,200,4,30s,3000,"{'dynamicTraffic': '1', 'phaseDurations': '6,6,6,6,6', 'phaseLambdas': '200,350,550,250,650', 'tddPattern': 'DL|DL|DL|DL|UL|DL|DL|DL|DL|UL|'}"
811895,dynamic_continuous_30s_ue3,Cenário contínuo com 3 UEs e cinco fases de tráfego na mesma simulação.,40,3,200,4,30s,3000,"{'dynamicTraffic': '1', 'phaseDurations': '6,6,6,6,6', 'phaseLambdas': '200,350,550,250,650', 'tddPattern': 'DL|DL|DL|DL|UL|DL|DL|DL|DL|UL|'}"
811895,dynamic_continuous_30s_ue5,Cenário contínuo com 5 UEs e cinco fases de tráfego na mesma simulação.,40,5,200,4,30s,3000,"{'dynamicTraffic': '1', 'phaseDurations': '6,6,6,6,6', 'phaseLambdas': '200,350,550,250,650', 'tddPattern': 'DL|DL|DL|DL|UL|DL|DL|DL|DL|UL|'}"
811895,dynamic_continuous_30s_ue7,Cenário contínuo com 7 UEs e cinco fases de tráfego na mesma simulação.,40,7,200,4,30s,3000,"{'dynamicTraffic': '1', 'phaseDurations': '6,6,6,6,6', 'phaseLambdas': '200,350,550,250,650', 'tddPattern': 'DL|DL|DL|DL|UL|DL|DL|DL|DL|UL|'}"
832404,dynamic_continuous_30s_ue3,Cenário contínuo com 3 UEs e cinco fases de tráfego na mesma simulação.,40,3,200,4,30s,3000,"{'dynamicTraffic': '1', 'phaseDurations': '6,6,6,6,6', 'phaseLambdas': '200,350,550,250,650', 'tddPattern': 'DL|DL|DL|DL|UL|DL|DL|DL|DL|UL|'}"
832404,dynamic_continuous_30s_ue5,Cenário contínuo com 5 UEs e cinco fases de tráfego na mesma simulação.,40,5,200,4,30s,3000,"{'dynamicTraffic': '1', 'phaseDurations': '6,6,6,6,6', 'phaseLambdas': '200,350,550,250,650', 'tddPattern': 'DL|DL|DL|DL|UL|DL|DL|DL|DL|UL|'}"
832404,dynamic_continuous_30s_ue7,Cenário contínuo com 7 UEs e cinco fases de tráfego na mesma simulação.,40,7,200,4,30s,3000,"{'dynamicTraffic': '1', 'phaseDurations': '6,6,6,6,6', 'phaseLambdas': '200,350,550,250,650', 'tddPattern': 'DL|DL|DL|DL|UL|DL|DL|DL|DL|UL|'}"
868599,dynamic_continuous_30s_ue3,Cenário contínuo com 3 UEs e cinco fases de tráfego na mesma simulação.,40,3,200,4,30s,3000,"{'dynamicTraffic': '1', 'phaseDurations': '6,6,6,6,6', 'phaseLambdas': '200,350,550,250,650', 'tddPattern': 'DL|DL|DL|DL|UL|DL|DL|DL|DL|UL|'}"
868599,dynamic_continuous_30s_ue5,Cenário contínuo com 5 UEs e cinco fases de tráfego na mesma simulação.,40,5,200,4,30s,3000,"{'dynamicTraffic': '1', 'phaseDurations': '6,6,6,6,6', 'phaseLambdas': '200,350,550,250,650', 'tddPattern': 'DL|DL|DL|DL|UL|DL|DL|DL|DL|UL|'}"
868599,dynamic_continuous_30s_ue7,Cenário contínuo com 7 UEs e cinco fases de tráfego na mesma simulação.,40,7,200,4,30s,3000,"{'dynamicTraffic': '1', 'phaseDurations': '6,6,6,6,6', 'phaseLambdas': '200,350,550,250,650', 'tddPattern': 'DL|DL|DL|DL|UL|DL|DL|DL|DL|UL|'}"
875143,dynamic_continuous_30s_ue3,Cenário contínuo com 3 UEs e cinco fases de tráfego na mesma simulação.,40,3,200,4,30s,3000,"{'dynamicTraffic': '1', 'phaseDurations': '6,6,6,6,6', 'phaseLambdas': '200,350,550,250,650', 'tddPattern': 'DL|DL|DL|DL|UL|DL|DL|DL|DL|UL|'}"
875143,dynamic_continuous_30s_ue5,Cenário contínuo com 5 UEs e cinco fases de tráfego na mesma simulação.,40,5,200,4,30s,3000,"{'dynamicTraffic': '1', 'phaseDurations': '6,6,6,6,6', 'phaseLambdas': '200,350,550,250,650', 'tddPattern': 'DL|DL|DL|DL|UL|DL|DL|DL|DL|UL|'}"
875143,dynamic_continuous_30s_ue7,Cenário contínuo com 7 UEs e cinco fases de tráfego na mesma simulação.,40,7,200,4,30s,3000,"{'dynamicTraffic': '1', 'phaseDurations': '6,6,6,6,6', 'phaseLambdas': '200,350,550,250,650', 'tddPattern': 'DL|DL|DL|DL|UL|DL|DL|DL|DL|UL|'}"
875242,dynamic_continuous_30s_ue3,Cenário contínuo com 3 UEs e cinco fases de tráfego na mesma simulação.,40,3,200,4,30s,3000,"{'dynamicTraffic': '1', 'phaseDurations': '6,6,6,6,6', 'phaseLambdas': '200,350,550,250,650', 'tddPattern': 'DL|DL|DL|DL|UL|DL|DL|DL|DL|UL|'}"
875242,dynamic_continuous_30s_ue5,Cenário contínuo com 5 UEs e cinco fases de tráfego na mesma simulação.,40,5,200,4,30s,3000,"{'dynamicTraffic': '1', 'phaseDurations': '6,6,6,6,6', 'phaseLambdas': '200,350,550,250,650', 'tddPattern': 'DL|DL|DL|DL|UL|DL|DL|DL|DL|UL|'}"
875242,dynamic_continuous_30s_ue7,Cenário contínuo com 7 UEs e cinco fases de tráfego na mesma simulação.,40,7,200,4,30s,3000,"{'dynamicTraffic': '1', 'phaseDurations': '6,6,6,6,6', 'phaseLambdas': '200,350,550,250,650', 'tddPattern': 'DL|DL|DL|DL|UL|DL|DL|DL|DL|UL|'}"
876524,dynamic_continuous_30s_ue3,Cenário contínuo com 3 UEs e cinco fases de tráfego na mesma simulação.,40,3,200,4,30s,3000,"{'dynamicTraffic': '1', 'phaseDurations': '6,6,6,6,6', 'phaseLambdas': '200,350,550,250,650', 'tddPattern': 'DL|DL|DL|DL|UL|DL|DL|DL|DL|UL|'}"
876524,dynamic_continuous_30s_ue5,Cenário contínuo com 5 UEs e cinco fases de tráfego na mesma simulação.,40,5,200,4,30s,3000,"{'dynamicTraffic': '1', 'phaseDurations': '6,6,6,6,6', 'phaseLambdas': '200,350,550,250,650', 'tddPattern': 'DL|DL|DL|DL|UL|DL|DL|DL|DL|UL|'}"
876524,dynamic_continuous_30s_ue7,Cenário contínuo com 7 UEs e cinco fases de tráfego na mesma simulação.,40,7,200,4,30s,3000,"{'dynamicTraffic': '1', 'phaseDurations': '6,6,6,6,6', 'phaseLambdas': '200,350,550,250,650', 'tddPattern': 'DL|DL|DL|DL|UL|DL|DL|DL|DL|UL|'}"
880978,dynamic_continuous_30s_ue3,Cenário contínuo com 3 UEs e cinco fases de tráfego na mesma simulação.,40,3,200,4,30s,3000,"{'dynamicTraffic': '1', 'phaseDurations': '6,6,6,6,6', 'phaseLambdas': '200,350,550,250,650', 'tddPattern': 'DL|DL|DL|DL|UL|DL|DL|DL|DL|UL|'}"
880978,dynamic_continuous_30s_ue5,Cenário contínuo com 5 UEs e cinco fases de tráfego na mesma simulação.,40,5,200,4,30s,3000,"{'dynamicTraffic': '1', 'phaseDurations': '6,6,6,6,6', 'phaseLambdas': '200,350,550,250,650', 'tddPattern': 'DL|DL|DL|DL|UL|DL|DL|DL|DL|UL|'}"
880978,dynamic_continuous_30s_ue7,Cenário contínuo com 7 UEs e cinco fases de tráfego na mesma simulação.,40,7,200,4,30s,3000,"{'dynamicTraffic': '1', 'phaseDurations': '6,6,6,6,6', 'phaseLambdas': '200,350,550,250,650', 'tddPattern': 'DL|DL|DL|DL|UL|DL|DL|DL|DL|UL|'}"
885701,dynamic_continuous_30s_ue3,Cenário contínuo com 3 UEs e cinco fases de tráfego na mesma simulação.,40,3,200,4,30s,3000,"{'dynamicTraffic': '1', 'phaseDurations': '6,6,6,6,6', 'phaseLambdas': '200,350,550,250,650', 'tddPattern': 'DL|DL|DL|DL|UL|DL|DL|DL|DL|UL|'}"
885701,dynamic_continuous_30s_ue5,Cenário contínuo com 5 UEs e cinco fases de tráfego na mesma simulação.,40,5,200,4,30s,3000,"{'dynamicTraffic': '1', 'phaseDurations': '6,6,6,6,6', 'phaseLambdas': '200,350,550,250,650', 'tddPattern': 'DL|DL|DL|DL|UL|DL|DL|DL|DL|UL|'}"
885701,dynamic_continuous_30s_ue7,Cenário contínuo com 7 UEs e cinco fases de tráfego na mesma simulação.,40,7,200,4,30s,3000,"{'dynamicTraffic': '1', 'phaseDurations': '6,6,6,6,6', 'phaseLambdas': '200,350,550,250,650', 'tddPattern': 'DL|DL|DL|DL|UL|DL|DL|DL|DL|UL|'}"
894044,dynamic_continuous_30s_ue3,Cenário contínuo com 3 UEs e cinco fases de tráfego na mesma simulação.,40,3,200,4,30s,3000,"{'dynamicTraffic': '1', 'phaseDurations': '6,6,6,6,6', 'phaseLambdas': '200,350,550,250,650', 'tddPattern': 'DL|DL|DL|DL|UL|DL|DL|DL|DL|UL|'}"
894044,dynamic_continuous_30s_ue5,Cenário contínuo com 5 UEs e cinco fases de tráfego na mesma simulação.,40,5,200,4,30s,3000,"{'dynamicTraffic': '1', 'phaseDurations': '6,6,6,6,6', 'phaseLambdas': '200,350,550,250,650', 'tddPattern': 'DL|DL|DL|DL|UL|DL|DL|DL|DL|UL|'}"
894044,dynamic_continuous_30s_ue7,Cenário contínuo com 7 UEs e cinco fases de tráfego na mesma simulação.,40,7,200,4,30s,3000,"{'dynamicTraffic': '1', 'phaseDurations': '6,6,6,6,6', 'phaseLambdas': '200,350,550,250,650', 'tddPattern': 'DL|DL|DL|DL|UL|DL|DL|DL|DL|UL|'}"
895328,dynamic_continuous_30s_ue3,Cenário contínuo com 3 UEs e cinco fases de tráfego na mesma simulação.,40,3,200,4,30s,3000,"{'dynamicTraffic': '1', 'phaseDurations': '6,6,6,6,6', 'phaseLambdas': '200,350,550,250,650', 'tddPattern': 'DL|DL|DL|DL|UL|DL|DL|DL|DL|UL|'}"
895328,dynamic_continuous_30s_ue5,Cenário contínuo com 5 UEs e cinco fases de tráfego na mesma simulação.,40,5,200,4,30s,3000,"{'dynamicTraffic': '1', 'phaseDurations': '6,6,6,6,6', 'phaseLambdas': '200,350,550,250,650', 'tddPattern': 'DL|DL|DL|DL|UL|DL|DL|DL|DL|UL|'}"
895328,dynamic_continuous_30s_ue7,Cenário contínuo com 7 UEs e cinco fases de tráfego na mesma simulação.,40,7,200,4,30s,3000,"{'dynamicTraffic': '1', 'phaseDurations': '6,6,6,6,6', 'phaseLambdas': '200,350,550,250,650', 'tddPattern': 'DL|DL|DL|DL|UL|DL|DL|DL|DL|UL|'}"
906484,dynamic_continuous_30s_ue3,Cenário contínuo com 3 UEs e cinco fases de tráfego na mesma simulação.,40,3,200,4,30s,3000,"{'dynamicTraffic': '1', 'phaseDurations': '6,6,6,6,6', 'phaseLambdas': '200,350,550,250,650', 'tddPattern': 'DL|DL|DL|DL|UL|DL|DL|DL|DL|UL|'}"
906484,dynamic_continuous_30s_ue5,Cenário contínuo com 5 UEs e cinco fases de tráfego na mesma simulação.,40,5,200,4,30s,3000,"{'dynamicTraffic': '1', 'phaseDurations': '6,6,6,6,6', 'phaseLambdas': '200,350,550,250,650', 'tddPattern': 'DL|DL|DL|DL|UL|DL|DL|DL|DL|UL|'}"
906484,dynamic_continuous_30s_ue7,Cenário contínuo com 7 UEs e cinco fases de tráfego na mesma simulação.,40,7,200,4,30s,3000,"{'dynamicTraffic': '1', 'phaseDurations': '6,6,6,6,6', 'phaseLambdas': '200,350,550,250,650', 'tddPattern': 'DL|DL|DL|DL|UL|DL|DL|DL|DL|UL|'}"
908888,dynamic_continuous_30s_ue3,Cenário contínuo com 3 UEs e cinco fases de tráfego na mesma simulação.,40,3,200,4,30s,3000,"{'dynamicTraffic': '1', 'phaseDurations': '6,6,6,6,6', 'phaseLambdas': '200,350,550,250,650', 'tddPattern': 'DL|DL|DL|DL|UL|DL|DL|DL|DL|UL|'}"
908888,dynamic_continuous_30s_ue5,Cenário contínuo com 5 UEs e cinco fases de tráfego na mesma simulação.,40,5,200,4,30s,3000,"{'dynamicTraffic': '1', 'phaseDurations': '6,6,6,6,6', 'phaseLambdas': '200,350,550,250,650', 'tddPattern': 'DL|DL|DL|DL|UL|DL|DL|DL|DL|UL|'}"
908888,dynamic_continuous_30s_ue7,Cenário contínuo com 7 UEs e cinco fases de tráfego na mesma simulação.,40,7,200,4,30s,3000,"{'dynamicTraffic': '1', 'phaseDurations': '6,6,6,6,6', 'phaseLambdas': '200,350,550,250,650', 'tddPattern': 'DL|DL|DL|DL|UL|DL|DL|DL|DL|UL|'}"
914957,dynamic_continuous_30s_ue3,Cenário contínuo com 3 UEs e cinco fases de tráfego na mesma simulação.,40,3,200,4,30s,3000,"{'dynamicTraffic': '1', 'phaseDurations': '6,6,6,6,6', 'phaseLambdas': '200,350,550,250,650', 'tddPattern': 'DL|DL|DL|DL|UL|DL|DL|DL|DL|UL|'}"
914957,dynamic_continuous_30s_ue5,Cenário contínuo com 5 UEs e cinco fases de tráfego na mesma simulação.,40,5,200,4,30s,3000,"{'dynamicTraffic': '1', 'phaseDurations': '6,6,6,6,6', 'phaseLambdas': '200,350,550,250,650', 'tddPattern': 'DL|DL|DL|DL|UL|DL|DL|DL|DL|UL|'}"
914957,dynamic_continuous_30s_ue7,Cenário contínuo com 7 UEs e cinco fases de tráfego na mesma simulação.,40,7,200,4,30s,3000,"{'dynamicTraffic': '1', 'phaseDurations': '6,6,6,6,6', 'phaseLambdas': '200,350,550,250,650', 'tddPattern': 'DL|DL|DL|DL|UL|DL|DL|DL|DL|UL|'}"
915456,dynamic_continuous_30s_ue3,Cenário contínuo com 3 UEs e cinco fases de tráfego na mesma simulação.,40,3,200,4,30s,3000,"{'dynamicTraffic': '1', 'phaseDurations': '6,6,6,6,6', 'phaseLambdas': '200,350,550,250,650', 'tddPattern': 'DL|DL|DL|DL|UL|DL|DL|DL|DL|UL|'}"
915456,dynamic_continuous_30s_ue5,Cenário contínuo com 5 UEs e cinco fases de tráfego na mesma simulação.,40,5,200,4,30s,3000,"{'dynamicTraffic': '1', 'phaseDurations': '6,6,6,6,6', 'phaseLambdas': '200,350,550,250,650', 'tddPattern': 'DL|DL|DL|DL|UL|DL|DL|DL|DL|UL|'}"
915456,dynamic_continuous_30s_ue7,Cenário contínuo com 7 UEs e cinco fases de tráfego na mesma simulação.,40,7,200,4,30s,3000,"{'dynamicTraffic': '1', 'phaseDurations': '6,6,6,6,6', 'phaseLambdas': '200,350,550,250,650', 'tddPattern': 'DL|DL|DL|DL|UL|DL|DL|DL|DL|UL|'}"
949592,dynamic_continuous_30s_ue3,Cenário contínuo com 3 UEs e cinco fases de tráfego na mesma simulação.,40,3,200,4,30s,3000,"{'dynamicTraffic': '1', 'phaseDurations': '6,6,6,6,6', 'phaseLambdas': '200,350,550,250,650', 'tddPattern': 'DL|DL|DL|DL|UL|DL|DL|DL|DL|UL|'}"
949592,dynamic_continuous_30s_ue5,Cenário contínuo com 5 UEs e cinco fases de tráfego na mesma simulação.,40,5,200,4,30s,3000,"{'dynamicTraffic': '1', 'phaseDurations': '6,6,6,6,6', 'phaseLambdas': '200,350,550,250,650', 'tddPattern': 'DL|DL|DL|DL|UL|DL|DL|DL|DL|UL|'}"
949592,dynamic_continuous_30s_ue7,Cenário contínuo com 7 UEs e cinco fases de tráfego na mesma simulação.,40,7,200,4,30s,3000,"{'dynamicTraffic': '1', 'phaseDurations': '6,6,6,6,6', 'phaseLambdas': '200,350,550,250,650', 'tddPattern': 'DL|DL|DL|DL|UL|DL|DL|DL|DL|UL|'}"
970121,dynamic_continuous_30s_ue3,Cenário contínuo com 3 UEs e cinco fases de tráfego na mesma simulação.,40,3,200,4,30s,3000,"{'dynamicTraffic': '1', 'phaseDurations': '6,6,6,6,6', 'phaseLambdas': '200,350,550,250,650', 'tddPattern': 'DL|DL|DL|DL|UL|DL|DL|DL|DL|UL|'}"
970121,dynamic_continuous_30s_ue5,Cenário contínuo com 5 UEs e cinco fases de tráfego na mesma simulação.,40,5,200,4,30s,3000,"{'dynamicTraffic': '1', 'phaseDurations': '6,6,6,6,6', 'phaseLambdas': '200,350,550,250,650', 'tddPattern': 'DL|DL|DL|DL|UL|DL|DL|DL|DL|UL|'}"
970121,dynamic_continuous_30s_ue7,Cenário contínuo com 7 UEs e cinco fases de tráfego na mesma simulação.,40,7,200,4,30s,3000,"{'dynamicTraffic': '1', 'phaseDurations': '6,6,6,6,6', 'phaseLambdas': '200,350,550,250,650', 'tddPattern': 'DL|DL|DL|DL|UL|DL|DL|DL|DL|UL|'}"
990474,dynamic_continuous_30s_ue3,Cenário contínuo com 3 UEs e cinco fases de tráfego na mesma simulação.,40,3,200,4,30s,3000,"{'dynamicTraffic': '1', 'phaseDurations': '6,6,6,6,6', 'phaseLambdas': '200,350,550,250,650', 'tddPattern': 'DL|DL|DL|DL|UL|DL|DL|DL|DL|UL|'}"
990474,dynamic_continuous_30s_ue5,Cenário contínuo com 5 UEs e cinco fases de tráfego na mesma simulação.,40,5,200,4,30s,3000,"{'dynamicTraffic': '1', 'phaseDurations': '6,6,6,6,6', 'phaseLambdas': '200,350,550,250,650', 'tddPattern': 'DL|DL|DL|DL|UL|DL|DL|DL|DL|UL|'}"
990474,dynamic_continuous_30s_ue7,Cenário contínuo com 7 UEs e cinco fases de tráfego na mesma simulação.,40,7,200,4,30s,3000,"{'dynamicTraffic': '1', 'phaseDurations': '6,6,6,6,6', 'phaseLambdas': '200,350,550,250,650', 'tddPattern': 'DL|DL|DL|DL|UL|DL|DL|DL|DL|UL|'}"
