scheduler,ue,time_s,mean,CI95_low,CI95_high,n
RR,1,0.45,11.113164072689331,,,1
RR,1,0.55,11.111082128124124,,,1
RR,1,0.65,11.109100203278716,,,1
RR,1,0.75,11.112377510268743,,,1
RR,1,0.8500000000000001,11.115045701616175,,,1
RR,1,0.95,11.1114935561203,,,1
RR,1,1.05,11.109857197658192,,,1
RR,1,1.15,11.109178843925791,,,1
RR,1,1.25,11.111695655547203,,,1
RR,1,1.35,11.110770757286012,,,1
RR,1,1.4500000000000002,11.112674300922848,,,1
RR,1,1.55,11.113195802429985,,,1
RR,1,1.65,11.109496209385222,,,1
RR,1,1.75,11.111615248528112,,,1
RR,1,1.85,11.112069022566793,,,1
RR,1,1.95,11.114591472370044,,,1
RR,1,2.0500000000000003,11.110933952753546,,,1
RR,1,2.15,11.106658550482855,,,1
RR,1,2.25,11.108945571637804,,,1
RR,1,2.35,11.109735324947588,,,1
RR,1,2.45,11.114149166755498,,,1
RR,1,2.5500000000000003,11.111453748965742,,,1
RR,1,2.6500000000000004,11.111595400050788,,,1
RR,1,2.75,11.109876070314291,,,1
RR,1,2.85,11.111270251929684,,,1
RR,1,2.95,11.10989540316305,,,1
RR,1,3.0500000000000003,11.112541675887917,,,1
RR,1,3.1500000000000004,11.112016983882125,,,1
RR,1,3.25,11.110981650007655,,,1
RR,1,3.35,11.111958250656118,,,1
RR,1,3.45,11.108974707878083,,,1
RR,1,3.5500000000000003,11.10889378523042,,,1
RR,1,3.65,11.10791718458196,,,1
RR,1,3.75,11.11262005709649,,,1
RR,1,3.85,11.112700979744153,,,1
RR,1,3.95,11.11072207843016,,,1
RR,1,4.05,11.110129864854258,,,1
RR,1,4.15,11.113515350048145,,,1
RR,1,4.25,11.11093678166931,,,1
RR,1,4.3500000000000005,11.112207348977613,,,1
RR,1,4.45,11.108740941136064,,,1
RR,1,4.55,11.111779254264611,,,1
RR,1,4.65,11.110508686956312,,,1
RR,1,4.75,11.11050868695631,,,1
RR,1,4.8500000000000005,11.11185255622471,,,1
RR,1,4.95,11.109491704807256,,,1
RR,1,5.050000000000001,11.114266141019169,,,1
RR,1,5.15,11.10988395862222,,,1
RR,1,5.25,11.115922768037397,,,1
RR,1,5.3500000000000005,11.11122925447314,,,1
RR,1,5.45,11.110917099014728,,,1
RR,1,5.550000000000001,11.107752973384336,,,1
RR,1,5.65,11.10886668846738,,,1
RR,1,5.75,11.1153935753251,,,1
RR,1,5.8500000000000005,11.113291533822393,,,1
RR,1,5.95,11.112699320246492,,,1
RR,1,6.050000000000001,11.111578231445046,,,1
RR,1,6.15,11.113166440580423,,,1
RR,1,6.25,11.11080558916297,,,1
RR,1,6.3500000000000005,11.107766017412578,,,1
RR,1,6.45,11.108723294151709,,,1
RR,1,6.550000000000001,11.1106730796753,,,1
RR,1,6.65,11.112749215736956,,,1
RR,1,6.75,11.110394314958688,,,1
RR,1,6.8500000000000005,11.110394314958688,,,1
RR,1,6.95,11.110572988486418,,,1
RR,1,7.050000000000001,11.115330285696546,,,1
RR,1,7.15,11.113902372591548,,,1
RR,1,7.25,11.111918731793892,,,1
RR,1,7.35,11.110709249452333,,,1
RR,1,7.45,11.109860489914398,,,1
RR,1,7.550000000000001,11.11306932061649,,,1
RR,1,7.65,11.11045938503734,,,1
RR,1,7.75,11.113147123574135,,,1
RR,1,7.85,11.107613053232845,,,1
RR,1,7.95,11.109756682367058,,,1
RR,1,8.05,11.1088831673426,,,1
RR,1,8.15,11.114071671300588,,,1
RR,1,8.25,11.109700048379294,,,1
RR,1,8.35,11.111665457184325,,,1
RR,1,8.450000000000001,11.110785833663192,,,1
RR,1,8.55,11.111634593201126,,,1
RR,1,8.65,11.110542699420554,,,1
RR,1,8.75,11.110616001380649,,,1
RR,1,8.85,11.11158146535505,,,1
RR,1,8.950000000000001,11.110262952110585,,,1
RR,1,9.05,11.111714330920456,,,1
RR,1,9.15,11.11258784594491,,,1
RR,1,9.25,11.111496662570184,,,1
RR,1,9.35,11.111496662570184,,,1
RR,1,9.45,11.111496662570184,,,1
RR,1,9.55,11.113906359189375,,,1
RR,1,9.65,11.109272132112253,,,1
RR,1,9.75,11.112631805283243,,,1
RR,1,9.85,11.110635199513055,,,1
RR,1,9.95,11.110885969376534,,,1
RR,1,10.05,11.111893871327837,,,1
RR,1,10.15,11.113890477098025,,,1
RR,1,10.25,11.116177498252968,,,1
RR,1,10.35,11.109970944131817,,,1
RR,1,10.45,11.108986701850736,,,1
RR,1,10.55,11.110438080660607,,,1
RR,1,10.65,11.111674635504668,,,1
RR,1,10.75,11.109620564657195,,,1
RR,1,10.85,11.112289767066152,,,1
RR,1,10.95,11.110895585450765,,,1
RR,1,11.05,11.116429655792052,,,1
RR,1,11.15,11.110291749309193,,,1
RR,1,11.25,11.109600616542588,,,1
RR,1,11.35,11.112480336403442,,,1
RR,1,11.45,11.113798849647909,,,1
RR,1,11.55,11.114898379049322,,,1
RR,1,11.65,11.108204388731266,,,1
RR,1,11.75,11.10929628251184,,,1
RR,1,11.85,11.109565978402754,,,1
RR,1,11.95,11.113858159815589,,,1
RR,1,12.05,11.11007852749822,,,1
RR,1,12.15,11.112740910011082,,,1
RR,1,12.25,11.10836961780358,,,1
RR,1,12.35,11.112149250120948,,,1
RR,1,12.45,11.109407756813418,,,1
RR,1,12.55,11.11448333885027,,,1
RR,1,12.65,11.113391445069697,,,1
RR,1,12.75,11.113200859973452,,,1
RR,1,12.85,11.107231715026332,,,1
RR,1,12.95,11.10897874507525,,,1
RR,1,13.05,11.112455635344594,,,1
RR,1,13.15,11.111029737083532,,,1
RR,1,13.25,11.10788508299548,,,1
RR,1,13.35,11.108492159074254,,,1
RR,1,13.45,11.11089073104025,,,1
RR,1,13.55,11.11157528159003,,,1
RR,1,13.65,11.11369432073292,,,1
RR,1,13.75,11.111518773879553,,,1
RR,1,13.85,11.111104731208314,,,1
RR,1,13.95,11.110857509974975,,,1
RR,1,14.05,11.113749145918012,,,1
RR,1,14.15,11.112188523541809,,,1
RR,1,14.25,11.111498906417236,,,1
RR,1,14.35,11.1103321862187,,,1
RR,1,14.45,11.112306851266146,,,1
RR,1,14.55,11.11142414134669,,,1
RR,1,14.65,11.10969922560219,,,1
RR,1,14.75,11.110412299091545,,,1
RR,1,14.85,11.10950573214724,,,1
RR,1,14.95,11.112999792245075,,,1
RR,1,15.05,11.110816004683931,,,1
RR,1,15.15,11.111077514379405,,,1
RR,1,15.25,11.1110775143794,,,1
RR,1,15.35,11.110970114991147,,,1
RR,1,15.45,11.11131568137445,,,1
RR,1,15.55,11.11182951374178,,,1
RR,1,15.65,11.113136458410096,,,1
RR,1,15.75,11.11064070119736,,,1
RR,1,15.85,11.10828788983117,,,1
RR,1,15.95,11.10978596447958,,,1
RR,1,16.05,11.111841293948894,,,1
RR,1,16.150000000000002,11.113158771440617,,,1
RR,1,16.25,11.11132642582882,,,1
RR,1,16.35,11.109784928726834,,,1
RR,1,16.45,11.110306430233974,,,1
RR,1,16.55,11.11162494347844,,,1
RR,1,16.650000000000002,11.10927213211225,,,1
RR,1,16.75,11.112448550383007,,,1
RR,1,16.85,11.109328853867083,,,1
RR,1,16.95,11.110708088116231,,,1
RR,1,17.05,11.108123883421378,,,1
RR,1,17.150000000000002,11.111942391956868,,,1
RR,1,17.25,11.11100451266745,,,1
RR,1,17.35,11.11100451266745,,,1
RR,1,17.45,11.114250607209952,,,1
RR,1,17.55,11.115126729741943,,,1
RR,1,17.650000000000002,11.114013014658902,,,1
RR,1,17.75,11.110068108096833,,,1
RR,1,17.85,11.108820465250638,,,1
RR,1,17.95,11.108628893268424,,,1
RR,1,18.05,11.108107391761283,,,1
RR,1,18.15,11.11083381285375,,,1
RR,1,18.25,11.111087141593387,,,1
RR,1,18.35,11.11160864310053,,,1
RR,1,18.45,11.112862796803062,,,1
RR,1,18.55,11.112195425392189,,,1
RR,1,18.65,11.110797801353051,,,1
RR,1,18.75,11.111450354598134,,,1
RR,1,18.85,11.1084668118201,,,1
RR,1,18.95,11.11272841954598,,,1
RR,1,19.05,11.110821712598366,,,1
RR,1,19.15,11.114410870029852,,,1
RR,1,19.25,11.109550280572911,,,1
RR,1,19.35,11.107465887673191,,,1
RR,1,19.450000000000003,11.108579602756231,,,1
RR,1,19.55,11.111090040893751,,,1
RR,1,19.65,11.113736313618618,,,1
RR,1,19.75,11.112541675887917,,,1
RR,1,19.85,11.112027843520588,,,1
RR,1,19.950000000000003,11.111100900532216,,,1
RR,1,20.05,11.111100900532216,,,1
RR,1,20.15,11.110579399025076,,,1
RR,1,20.25,11.108398976313794,,,1
RR,1,20.35,11.109515232835925,,,1
RR,1,20.450000000000003,11.112248164784727,,,1
RR,1,20.55,11.112962858895647,,,1
RR,1,20.65,11.111989281778603,,,1
RR,1,20.75,11.110231625375617,,,1
RR,1,20.85,11.11064539565036,,,1
RR,1,20.950000000000003,11.112852170448994,,,1
RR,1,21.05,11.111795972255512,,,1
RR,1,21.15,11.111271474724148,,,1
RR,1,21.25,11.11120832905973,,,1
RR,1,21.35,11.110562874608162,,,1
RR,1,21.450000000000003,11.11067360186478,,,1
RR,1,21.55,11.109443491518965,,,1
RR,1,21.65,11.108852391126474,,,1
RR,1,21.75,11.113403864148651,,,1
RR,1,21.85,11.113907366849103,,,1
RR,1,21.950000000000003,11.113058607311167,,,1
RR,1,22.05,11.10877822515865,,,1
RR,1,22.15,11.108334780786846,,,1
RR,1,22.25,11.11042009516884,,,1
RR,1,22.35,11.11102251932364,,,1
RR,1,22.450000000000003,11.11272011739798,,,1
RR,1,22.55,11.113322541552776,,,1
RR,1,22.65,11.110961690135325,,,1
RR,1,22.75,11.107766017412578,,,1
RR,1,22.85,11.108618227192537,,,1
RR,1,22.950000000000003,11.11183128838995,,,1
RR,1,23.05,11.110976551672168,,,1
RR,1,23.15,11.11012434189221,,,1
RR,1,23.25,11.110229408851383,,,1
RR,1,23.35,11.111465963695444,,,1
RR,1,23.450000000000003,11.111465963695444,,,1
RR,1,23.55,11.11050868695631,,,1
RR,1,23.65,11.113166440580423,,,1
RR,1,23.75,11.111327461581563,,,1
RR,1,23.85,11.113823218794304,,,1
RR,1,23.950000000000003,11.10732090374593,,,1
RR,1,24.05,11.109752096320692,,,1
RR,1,24.15,11.106653914953156,,,1
RR,1,24.25,11.114545748515996,,,1
RR,1,24.35,11.113432033432952,,,1
RR,1,24.450000000000003,11.112446248452372,,,1
RR,1,24.55,11.107413191333212,,,1
RR,1,24.65,11.108891969579489,,,1
RR,1,24.75,11.111999335279142,,,1
RR,1,24.85,11.111226692997064,,,1
RR,1,24.950000000000003,11.11026941625793,,,1
RR,1,25.05,11.109449071713222,,,1
RR,1,25.15,11.114783591299046,,,1
RR,1,25.25,11.113656475138455,,,1
RR,1,25.35,11.11391493985802,,,1
RR,1,25.450000000000003,11.112688301738569,,,1
RR,1,25.55,11.109993789667156,,,1
RR,1,25.65,11.109993789667156,,,1
RR,1,25.75,11.10737324459378,,,1
RR,1,25.85,11.109606663690403,,,1
RR,1,25.950000000000003,11.109241600527175,,,1
RR,1,26.05,11.114729911907268,,,1
RR,1,26.15,11.11072762488611,,,1
RR,1,26.25,11.113580259293988,,,1
RR,1,26.35,11.105143834706352,,,1
RR,1,26.450000000000003,11.113230088075625,,,1
RR,1,26.55,11.10838761605271,,,1
RR,1,26.65,11.113166521023848,,,1
RR,1,26.75,11.110211019061396,,,1
RR,1,26.85,11.112700536881102,,,1
RR,1,26.950000000000003,11.108026174931508,,,1
RR,1,27.05,11.110005076245498,,,1
RR,1,27.15,11.110801863598889,,,1
RR,1,27.25,11.115476225548484,,,1
RR,1,27.35,11.113354644829409,,,1
RR,1,27.450000000000003,11.109174776746045,,,1
RR,1,27.55,11.109736656571188,,,1
RR,1,27.65,11.108500101727126,,,1
RR,1,27.75,11.110269787169386,,,1
RR,1,27.85,11.111545878683378,,,1
RR,1,27.950000000000003,11.11251134265778,,,1
RR,1,28.05,11.11215932914046,,,1
RR,1,28.15,11.108761656907395,,,1
RR,1,28.25,11.109635171931853,,,1
RR,1,28.35,11.11300444416905,,,1
RR,1,28.450000000000003,11.11161026255366,,,1
RR,1,28.55,11.114106019766396,,,1
RR,1,28.65,11.110022053418282,,,1
RR,1,28.75,11.112717471208038,,,1
RR,1,28.85,11.1102217139953,,,1
RR,1,28.950000000000003,11.112901816911252,,,1
RR,1,29.05,11.108092345953056,,,1
RR,1,29.15,11.112707142308686,,,1
RR,1,29.25,11.109776269529254,,,1
RR,1,29.35,11.111703140906734,,,1
RR,1,29.450000000000003,11.111455919673398,,,1
RR,1,29.55,11.108557190065026,,,1
RR,1,29.65,11.113236734838909,,,1
RR,1,29.75,11.108869159716615,,,1
RR,1,29.85,11.114950737592244,,,1
RR,1,29.950000000000003,11.112454980379509,,,1
RR,1,30.05,11.11185255622471,,,1
RR,1,30.15,11.109190173711848,,,1
RR,1,30.25,11.111340364541284,,,1
RR,1,30.35,11.112358627488568,,,1
RR,2,0.45,11.113164072689331,,,1
RR,2,0.55,11.111082128124124,,,1
RR,2,0.65,11.109100203278716,,,1
RR,2,0.75,11.112377510268743,,,1
RR,2,0.8500000000000001,11.115045701616175,,,1
RR,2,0.95,11.1114935561203,,,1
RR,2,1.05,11.109857197658192,,,1
RR,2,1.15,11.109178843925791,,,1
RR,2,1.25,11.111695655547203,,,1
RR,2,1.35,11.110770757286012,,,1
RR,2,1.4500000000000002,11.112674300922848,,,1
RR,2,1.55,11.113195802429985,,,1
RR,2,1.65,11.109496209385222,,,1
RR,2,1.75,11.111615248528112,,,1
RR,2,1.85,11.107985056218675,,,1
RR,2,1.95,11.11527213342806,,,1
RR,2,2.0500000000000003,11.111614613811565,,,1
RR,2,2.15,11.111423177888996,,,1
RR,2,2.25,11.108945571637804,,,1
RR,2,2.35,11.109735324947588,,,1
RR,2,2.45,11.114149166755498,,,1
RR,2,2.5500000000000003,11.111453748965742,,,1
RR,2,2.6500000000000004,11.111595400050788,,,1
RR,2,2.75,11.109876070314291,,,1
RR,2,2.85,11.111270251929689,,,1
RR,2,2.95,11.10989540316305,,,1
RR,2,3.0500000000000003,11.112541675887917,,,1
RR,2,3.1500000000000004,11.112016983882125,,,1
RR,2,3.25,11.110981650007654,,,1
RR,2,3.35,11.107465887673191,,,1
RR,2,3.45,11.110648333303097,,,1
RR,2,3.5500000000000003,11.110567410655436,,,1
RR,2,3.65,11.1140831729899,,,1
RR,2,3.75,11.112620057096493,,,1
RR,2,3.85,11.11270097974415,,,1
RR,2,3.95,11.110722078430165,,,1
RR,2,4.05,11.110129864854256,,,1
RR,2,4.15,11.108360179411996,,,1
RR,2,4.25,11.110339080725987,,,1
RR,2,4.3500000000000005,11.11160964803429,,,1
RR,2,4.45,11.11329841082889,,,1
RR,2,4.55,11.111779254264617,,,1
RR,2,4.65,11.11050868695631,,,1
RR,2,4.75,11.110508686956312,,,1
RR,2,4.8500000000000005,11.11185255622471,,,1
RR,2,4.95,11.109491704807256,,,1
RR,2,5.050000000000001,11.109572627454916,,,1
RR,2,5.15,11.109747914750791,,,1
RR,2,5.25,11.110269787169386,,,1
RR,2,5.3500000000000005,11.114963300733642,,,1
RR,2,5.45,11.110093675582403,,,1
RR,2,5.550000000000001,11.112446486948592,,,1
RR,2,5.65,11.10886668846738,,,1
RR,2,5.75,11.110628947918965,,,1
RR,2,5.8500000000000005,11.113291533822393,,,1
RR,2,5.95,11.112699320246492,,,1
RR,2,6.050000000000001,11.110176870443242,,,1
RR,2,6.15,11.107000452172484,,,1
RR,2,6.25,11.108889133306448,,,1
RR,2,6.3500000000000005,11.112015549963994,,,1
RR,2,6.45,11.112972826703128,,,1
RR,2,6.550000000000001,11.1106730796753,,,1
RR,2,6.65,11.112749215736956,,,1
RR,2,6.75,11.110394314958688,,,1
RR,2,6.8500000000000005,11.110394314958688,,,1
RR,2,6.95,11.110572988486418,,,1
RR,2,7.050000000000001,11.115330285696546,,,1
RR,2,7.15,11.113902372591548,,,1
RR,2,7.25,11.11191873179389,,,1
RR,2,7.35,11.110709249452333,,,1
RR,2,7.45,11.109860489914398,,,1
RR,2,7.550000000000001,11.113069320616493,,,1
RR,2,7.65,11.11045938503734,,,1
RR,2,7.75,11.113147123574132,,,1
RR,2,7.85,11.107613053232845,,,1
RR,2,7.95,11.109756682367058,,,1
RR,2,8.05,11.1088831673426,,,1
RR,2,8.15,11.114071671300586,,,1
RR,2,8.25,11.109700048379294,,,1
RR,2,8.35,11.111665457184325,,,1
RR,2,8.450000000000001,11.110785833663192,,,1
RR,2,8.55,11.111634593201126,,,1
RR,2,8.65,11.110542699420554,,,1
RR,2,8.75,11.110616001380649,,,1
RR,2,8.85,11.11158146535505,,,1
RR,2,8.950000000000001,11.110262952110585,,,1
RR,2,9.05,11.111714330920456,,,1
RR,2,9.15,11.11258784594491,,,1
RR,2,9.25,11.111496662570184,,,1
RR,2,9.35,11.11149666257018,,,1
RR,2,9.45,11.111496662570184,,,1
RR,2,9.55,11.113906359189375,,,1
RR,2,9.65,11.10927213211225,,,1
RR,2,9.75,11.106584393575456,,,1
RR,2,9.85,11.109080150788197,,,1
RR,2,9.95,11.109330920651676,,,1
RR,2,10.05,11.11638623431076,,,1
RR,2,10.15,11.113890477098025,,,1
RR,2,10.25,11.109888190076868,,,1
RR,2,10.35,11.109198572952296,,,1
RR,2,10.45,11.108214330671217,,,1
RR,2,10.55,11.115955017657187,,,1
RR,2,10.65,11.111674635504668,,,1
RR,2,10.75,11.109620564657195,,,1
RR,2,10.85,11.10686794967296,,,1
RR,2,10.95,11.1099661310405,,,1
RR,2,11.05,11.109884747653126,,,1
RR,2,11.15,11.115101968163556,,,1
RR,2,11.25,11.109918472414025,,,1
RR,2,11.35,11.110350430393147,,,1
RR,2,11.45,11.105735634037522,,,1
RR,2,11.55,11.113982104548144,,,1
RR,2,11.65,11.115351329840472,,,1
RR,2,11.75,11.116443223621042,,,1
RR,2,11.85,11.10956597840275,,,1
RR,2,11.95,11.107167406436757,,,1
RR,2,12.05,11.10822570348562,,,1
RR,2,12.15,11.110888085998482,,,1
RR,2,12.25,11.113207547169813,,,1
RR,2,12.35,11.112149250120948,,,1
RR,2,12.45,11.109407756813418,,,1
RR,2,12.55,11.10896640185369,,,1
RR,2,12.65,11.107874508073118,,,1
RR,2,12.75,11.112448550383007,,,1
RR,2,12.85,11.11199634243247,,,1
RR,2,12.95,11.113743372481387,,,1
RR,2,13.05,11.108206102793174,,,1
RR,2,13.15,11.11347095791094,,,1
RR,2,13.25,11.110326303822893,,,1
RR,2,13.35,11.115182912453085,,,1
RR,2,13.45,11.11089073104025,,,1
RR,2,13.55,11.11157528159003,,,1
RR,2,13.65,11.107761011132824,,,1
RR,2,13.75,11.11082655442621,,,1
RR,2,13.85,11.110412511754973,,,1
RR,2,13.95,11.116098600121726,,,1
RR,2,14.05,11.113749145918012,,,1
RR,2,14.15,11.112188523541809,,,1
RR,2,14.25,11.111498906417236,,,1
RR,2,14.35,11.110332186218704,,,1
RR,2,14.45,11.112306851266142,,,1
RR,2,14.55,11.11142414134669,,,1
RR,2,14.65,11.10969922560219,,,1
RR,2,14.75,11.110412299091545,,,1
RR,2,14.85,11.10950573214724,,,1
RR,2,14.95,11.112999792245075,,,1
RR,2,15.05,11.110816004683928,,,1
RR,2,15.15,11.1110775143794,,,1
RR,2,15.25,11.1110775143794,,,1
RR,2,15.35,11.110970114991147,,,1
RR,2,15.45,11.11131568137445,,,1
RR,2,15.55,11.11182951374178,,,1
RR,2,15.65,11.113136458410098,,,1
RR,2,15.75,11.11064070119736,,,1
RR,2,15.85,11.10828788983117,,,1
RR,2,15.95,11.10978596447958,,,1
RR,2,16.05,11.111841293948894,,,1
RR,2,16.150000000000002,11.113158771440617,,,1
RR,2,16.25,11.11132642582882,,,1
RR,2,16.35,11.109784928726834,,,1
RR,2,16.45,11.110306430233974,,,1
RR,2,16.55,11.11162494347844,,,1
RR,2,16.650000000000002,11.109272132112253,,,1
RR,2,16.75,11.112448550383007,,,1
RR,2,16.85,11.109328853867089,,,1
RR,2,16.95,11.110708088116231,,,1
RR,2,17.05,11.108123883421378,,,1
RR,2,17.150000000000002,11.111942391956866,,,1
RR,2,17.25,11.11100451266745,,,1
RR,2,17.35,11.111004512667447,,,1
RR,2,17.45,11.10917858448729,,,1
RR,2,17.55,11.114748220583538,,,1
RR,2,17.650000000000002,11.113634505500494,,,1
RR,2,17.75,11.114761621661088,,,1
RR,2,17.85,11.108820465250638,,,1
RR,2,17.95,11.108628893268424,,,1
RR,2,18.05,11.108107391761283,,,1
RR,2,18.15,11.11083381285375,,,1
RR,2,18.25,11.111087141593387,,,1
RR,2,18.35,11.11160864310053,,,1
RR,2,18.45,11.112862796803062,,,1
RR,2,18.55,11.112195425392189,,,1
RR,2,18.65,11.110797801353051,,,1
RR,2,18.75,11.111450354598134,,,1
RR,2,18.85,11.1084668118201,,,1
RR,2,18.95,11.11272841954598,,,1
RR,2,19.05,11.110821712598366,,,1
RR,2,19.15,11.114410870029852,,,1
RR,2,19.25,11.109550280572911,,,1
RR,2,19.35,11.107465887673191,,,1
RR,2,19.450000000000003,11.108579602756231,,,1
RR,2,19.55,11.111090040893751,,,1
RR,2,19.65,11.113736313618618,,,1
RR,2,19.75,11.112541675887917,,,1
RR,2,19.85,11.112027843520588,,,1
RR,2,19.950000000000003,11.111100900532216,,,1
RR,2,20.05,11.111100900532216,,,1
RR,2,20.15,11.110579399025076,,,1
RR,2,20.25,11.108398976313794,,,1
RR,2,20.35,11.109515232835925,,,1
RR,2,20.450000000000003,11.112248164784727,,,1
RR,2,20.55,11.112962858895647,,,1
RR,2,20.65,11.111989281778603,,,1
RR,2,20.75,11.110231625375617,,,1
RR,2,20.85,11.11064539565036,,,1
RR,2,20.950000000000003,11.112852170448994,,,1
RR,2,21.05,11.111795972255512,,,1
RR,2,21.15,11.111271474724148,,,1
RR,2,21.25,11.11120832905973,,,1
RR,2,21.35,11.110562874608162,,,1
RR,2,21.450000000000003,11.11067360186478,,,1
RR,2,21.55,11.109443491518965,,,1
RR,2,21.65,11.108852391126474,,,1
RR,2,21.75,11.113403864148651,,,1
RR,2,21.85,11.109599621523008,,,1
RR,2,21.950000000000003,11.114798273692864,,,1
RR,2,22.05,11.110517891540342,,,1
RR,2,22.15,11.114382192494633,,,1
RR,2,22.25,11.11042009516884,,,1
RR,2,22.35,11.11102251932364,,,1
RR,2,22.450000000000003,11.108739542602978,,,1
RR,2,22.55,11.109341966757777,,,1
RR,2,22.65,11.111230647891745,,,1
RR,2,22.75,11.112015549963996,,,1
RR,2,22.85,11.112867759743954,,,1
RR,2,22.950000000000003,11.11183128838995,,,1
RR,2,23.05,11.110976551672168,,,1
RR,2,23.15,11.110124341892211,,,1
RR,2,23.25,11.110229408851382,,,1
RR,2,23.35,11.111465963695444,,,1
RR,2,23.450000000000003,11.111465963695444,,,1
RR,2,23.55,11.110508686956312,,,1
RR,2,23.65,11.113166440580423,,,1
RR,2,23.75,11.111327461581563,,,1
RR,2,23.85,11.113823218794304,,,1
RR,2,23.950000000000003,11.10732090374593,,,1
RR,2,24.05,11.109752096320692,,,1
RR,2,24.15,11.106653914953156,,,1
RR,2,24.25,11.114545748515996,,,1
RR,2,24.35,11.113432033432952,,,1
RR,2,24.450000000000003,11.112446248452372,,,1
RR,2,24.55,11.107413191333212,,,1
RR,2,24.65,11.108891969579489,,,1
RR,2,24.75,11.111999335279142,,,1
RR,2,24.85,11.111226692997064,,,1
RR,2,24.950000000000003,11.11026941625793,,,1
RR,2,25.05,11.109449071713222,,,1
RR,2,25.15,11.114783591299046,,,1
RR,2,25.25,11.113656475138455,,,1
RR,2,25.35,11.113914939858022,,,1
RR,2,25.450000000000003,11.107447211591818,,,1
RR,2,25.55,11.109666221532985,,,1
RR,2,25.65,11.109666221532985,,,1
RR,2,25.75,11.11228676660636,,,1
RR,2,25.85,11.109606663690403,,,1
RR,2,25.950000000000003,11.109241600527175,,,1
RR,2,26.05,11.108796602307171,,,1
RR,2,26.15,11.111083623462116,,,1
RR,2,26.25,11.113936257869993,,,1
RR,2,26.35,11.111433142882452,,,1
RR,2,26.450000000000003,11.113230088075625,,,1
RR,2,26.55,11.10838761605271,,,1
RR,2,26.65,11.113166521023848,,,1
RR,2,26.75,11.110211019061396,,,1
RR,2,26.85,11.112700536881102,,,1
RR,2,26.950000000000003,11.108026174931508,,,1
RR,2,27.05,11.1100050762455,,,1
RR,2,27.15,11.110801863598889,,,1
RR,2,27.25,11.111168480222387,,,1
RR,2,27.35,11.114468716896504,,,1
RR,2,27.450000000000003,11.11028884881314,,,1
RR,2,27.55,11.115158473964378,,,1
RR,2,27.65,11.108500101727126,,,1
RR,2,27.75,11.110269787169386,,,1
RR,2,27.85,11.111545878683378,,,1
RR,2,27.950000000000003,11.11251134265778,,,1
RR,2,28.05,11.11215932914046,,,1
RR,2,28.15,11.108761656907395,,,1
RR,2,28.25,11.109635171931854,,,1
RR,2,28.35,11.11300444416905,,,1
RR,2,28.450000000000003,11.11161026255366,,,1
RR,2,28.55,11.114106019766396,,,1
RR,2,28.65,11.11002205341828,,,1
RR,2,28.75,11.112717471208038,,,1
RR,2,28.85,11.1102217139953,,,1
RR,2,28.950000000000003,11.112901816911252,,,1
RR,2,29.05,11.108092345953056,,,1
RR,2,29.15,11.10677383270859,,,1
RR,2,29.25,11.109359896925737,,,1
RR,2,29.35,11.111286768303218,,,1
RR,2,29.450000000000003,11.11042149398654,,,1
RR,2,29.55,11.107335749564724,,,1
RR,2,29.65,11.112015294338606,,,1
RR,2,29.75,11.114199081899754,,,1
RR,2,29.85,11.114950737592247,,,1
RR,2,29.950000000000003,11.112454980379509,,,1
RR,2,30.05,11.11185255622471,,,1
RR,2,30.15,11.109190173711845,,,1
RR,2,30.25,11.106502435175052,,,1
RR,2,30.35,11.10510173343922,,,1
RR,3,0.45,11.113164072689331,,,1
RR,3,0.55,11.111082128124124,,,1
RR,3,0.65,11.109100203278716,,,1
RR,3,0.75,11.112377510268743,,,1
RR,3,0.8500000000000001,11.109328148728814,,,1
RR,3,0.95,11.11033347292576,,,1
RR,3,1.05,11.108697114463654,,,1
RR,3,1.15,11.113736313618618,,,1
RR,3,1.25,11.111695655547203,,,1
RR,3,1.35,11.110770757286012,,,1
RR,3,1.4500000000000002,11.108181937939918,,,1
RR,3,1.55,11.108703439447057,,,1
RR,3,1.65,11.111169834810234,,,1
RR,3,1.75,11.111847927335958,,,1
RR,3,1.85,11.11230170137464,,,1
RR,3,1.95,11.113422790176084,,,1
RR,3,2.0500000000000003,11.111390834833584,,,1
RR,3,2.15,11.11202895457548,,,1
RR,3,2.25,11.109551348324288,,,1
RR,3,2.35,11.114648846960169,,,1
RR,3,2.45,11.114149166755498,,,1
RR,3,2.5500000000000003,11.111453748965742,,,1
RR,3,2.6500000000000004,11.111595400050788,,,1
RR,3,2.75,11.109876070314296,,,1
RR,3,2.85,11.111270251929684,,,1
RR,3,2.95,11.10989540316305,,,1
RR,3,3.0500000000000003,11.10798420619509,,,1
RR,3,3.1500000000000004,11.11253153691196,,,1
RR,3,3.25,11.11149620303749,,,1
RR,3,3.35,11.11253791039585,,,1
RR,3,3.45,11.110648333303097,,,1
RR,3,3.5500000000000003,11.110567410655436,,,1
RR,3,3.65,11.1140831729899,,,1
RR,3,3.75,11.112620057096493,,,1
RR,3,3.85,11.11270097974415,,,1
RR,3,3.95,11.110722078430165,,,1
RR,3,4.05,11.110129864854256,,,1
RR,3,4.15,11.108360179411996,,,1
RR,3,4.25,11.110339080725987,,,1
RR,3,4.3500000000000005,11.11160964803429,,,1
RR,3,4.45,11.11329841082889,,,1
RR,3,4.55,11.111779254264617,,,1
RR,3,4.65,11.11050868695631,,,1
RR,3,4.75,11.110508686956312,,,1
RR,3,4.8500000000000005,11.11185255622471,,,1
RR,3,4.95,11.109491704807256,,,1
RR,3,5.050000000000001,11.109572627454916,,,1
RR,3,5.15,11.109747914750791,,,1
RR,3,5.25,11.110269787169386,,,1
RR,3,5.3500000000000005,11.110269787169386,,,1
RR,3,5.45,11.109707907344244,,,1
RR,3,5.550000000000001,11.112060718710431,,,1
RR,3,5.65,11.113174433793477,,,1
RR,3,5.75,11.110628947918965,,,1
RR,3,5.8500000000000005,11.113291533822393,,,1
RR,3,5.95,11.112699320246492,,,1
RR,3,6.050000000000001,11.110176870443242,,,1
RR,3,6.15,11.107000452172484,,,1
RR,3,6.25,11.108889133306448,,,1
RR,3,6.3500000000000005,11.112015549963994,,,1
RR,3,6.45,11.112972826703128,,,1
RR,3,6.550000000000001,11.1106730796753,,,1
RR,3,6.65,11.112749215736956,,,1
RR,3,6.75,11.110394314958688,,,1
RR,3,6.8500000000000005,11.110394314958688,,,1
RR,3,6.95,11.110572988486418,,,1
RR,3,7.050000000000001,11.109282873988755,,,1
RR,3,7.15,11.11337189788034,,,1
RR,3,7.25,11.11138825708268,,,1
RR,3,7.35,11.111388257082682,,,1
RR,3,7.45,11.109860489914398,,,1
RR,3,7.550000000000001,11.10857695763356,,,1
RR,3,7.65,11.110804951420642,,,1
RR,3,7.75,11.108654760591206,,,1
RR,3,7.85,11.112170522925672,,,1
RR,3,7.95,11.114314152059883,,,1
RR,3,8.05,11.113440637035426,,,1
RR,3,8.15,11.109233741934355,,,1
RR,3,8.25,11.108893726818254,,,1
RR,3,8.35,11.110859135623286,,,1
RR,3,8.450000000000001,11.114817441468384,,,1
RR,3,8.55,11.111634593201126,,,1
RR,3,8.65,11.110542699420554,,,1
RR,3,8.75,11.110616001380649,,,1
RR,3,8.85,11.11158146535505,,,1
RR,3,8.950000000000001,11.110262952110585,,,1
RR,3,9.05,11.107521458803054,,,1
RR,3,9.15,11.10839497382751,,,1
RR,3,9.25,11.110918335381577,,,1
RR,3,9.35,11.110918335381577,,,1
RR,3,9.45,11.110918335381577,,,1
RR,3,9.55,11.109713487071977,,,1
RR,3,9.65,11.11478906910883,,,1
RR,3,9.75,11.112101330572036,,,1
RR,3,9.85,11.114597087784777,,,1
RR,3,9.95,11.109330920651676,,,1
RR,3,10.05,11.109834871627324,,,1
RR,3,10.15,11.107339114414586,,,1
RR,3,10.25,11.109626135569531,,,1
RR,3,10.35,11.115487881128397,,,1
RR,3,10.45,11.114503638847316,,,1
RR,3,10.55,11.111117088290955,,,1
RR,3,10.65,11.106836706138438,,,1
RR,3,10.75,11.109340104983792,,,1
RR,3,10.85,11.111425419365789,,,1
RR,3,10.95,11.114523600733326,,,1
RR,3,11.05,11.109884747653128,,,1
RR,3,11.15,11.10916865856346,,,1
RR,3,11.25,11.110032574521716,,,1
RR,3,11.35,11.110464532500844,,,1
RR,3,11.45,11.11178304574531,,,1
RR,3,11.55,11.106835163438936,,,1
RR,3,11.65,11.114137698331362,,,1
RR,3,11.75,11.110316070099357,,,1
RR,3,11.85,11.116519075590366,,,1
RR,3,11.95,11.108187194024271,,,1
RR,3,12.05,11.114159013085713,,,1
RR,3,12.15,11.106856478193292,,,1
RR,3,12.25,11.11336881148202,,,1
RR,3,12.35,11.112310514433156,,,1
RR,3,12.45,11.113600628930817,,,1
RR,3,12.55,11.108966401853692,,,1
RR,3,12.65,11.107874508073117,,,1
RR,3,12.75,11.112448550383007,,,1
RR,3,12.85,11.11199634243247,,,1
RR,3,12.95,11.113743372481387,,,1
RR,3,13.05,11.108206102793174,,,1
RR,3,13.15,11.11347095791094,,,1
RR,3,13.25,11.110326303822893,,,1
RR,3,13.35,11.115182912453085,,,1
RR,3,13.45,11.11089073104025,,,1
RR,3,13.55,11.11157528159003,,,1
RR,3,13.65,11.107761011132824,,,1
RR,3,13.75,11.11082655442621,,,1
RR,3,13.85,11.110412511754973,,,1
RR,3,13.95,11.10954723743829,,,1
RR,3,14.05,11.112619600627765,,,1
RR,3,14.15,11.111058978251563,,,1
RR,3,14.25,11.111403786813849,,,1
RR,3,14.35,11.108795824017122,,,1
RR,3,14.45,11.110770489064564,,,1
RR,3,14.55,11.111211844024291,,,1
RR,3,14.65,11.11074744363154,,,1
RR,3,14.75,11.111460517120896,,,1
RR,3,14.85,11.11474682229399,,,1
RR,3,14.95,11.112999792245075,,,1
RR,3,15.05,11.110816004683931,,,1
RR,3,15.15,11.10623958501317,,,1
RR,3,15.25,11.10623958501317,,,1
RR,3,15.35,11.111287356261064,,,1
RR,3,15.45,11.110855398281936,,,1
RR,3,15.55,11.111369230649265,,,1
RR,3,15.65,11.111950094946296,,,1
RR,3,15.75,11.11506979146222,,,1
RR,3,15.85,11.112716980096032,,,1
RR,3,15.95,11.10978596447958,,,1
RR,3,16.05,11.10567530554095,,,1
RR,3,16.150000000000002,11.111686296596927,,,1
RR,3,16.25,11.109853950985134,,,1
RR,3,16.35,11.11447844229109,,,1
RR,3,16.45,11.110306430233974,,,1
RR,3,16.55,11.11162494347844,,,1
RR,3,16.650000000000002,11.10927213211225,,,1
RR,3,16.75,11.107683922976872,,,1
RR,3,16.85,11.11017968018961,,,1
RR,3,16.95,11.111558914438756,,,1
RR,3,17.05,11.113739337150038,,,1
RR,3,17.150000000000002,11.111942391956866,,,1
RR,3,17.25,11.11100451266745,,,1
RR,3,17.35,11.111004512667447,,,1
RR,3,17.45,11.10917858448729,,,1
RR,3,17.55,11.110054707019282,,,1
RR,3,17.650000000000002,11.108940991936242,,,1
RR,3,17.75,11.110068108096833,,,1
RR,3,17.85,11.11280104004564,,,1
RR,3,17.95,11.112609468063424,,,1
RR,3,18.05,11.112087966556286,,,1
RR,3,18.15,11.11083381285375,,,1
RR,3,18.25,11.111087141593387,,,1
RR,3,18.35,11.11160864310053,,,1
RR,3,18.45,11.108882222008065,,,1
RR,3,18.55,11.113286873319849,,,1
RR,3,18.65,11.111889249280717,,,1
RR,3,18.75,11.111367206684648,,,1
RR,3,18.85,11.109477629591892,,,1
RR,3,18.95,11.113739237317771,,,1
RR,3,19.05,11.112679955680209,,,1
RR,3,19.15,11.110103124703755,,,1
RR,3,19.25,11.109734898229746,,,1
RR,3,19.35,11.111958250656118,,,1
RR,3,19.450000000000003,11.11307196573916,,,1
RR,3,19.55,11.111090040893751,,,1
RR,3,19.65,11.113736313618618,,,1
RR,3,19.75,11.112541675887917,,,1
RR,3,19.85,11.112027843520586,,,1
RR,3,19.950000000000003,11.111100900532216,,,1
RR,3,20.05,11.111100900532216,,,1
RR,3,20.15,11.110579399025076,,,1
RR,3,20.25,11.108398976313794,,,1
RR,3,20.35,11.109515232835925,,,1
RR,3,20.450000000000003,11.108267589989728,,,1
RR,3,20.55,11.11291310171071,,,1
RR,3,20.65,11.111939524593666,,,1
RR,3,20.75,11.11416244298568,,,1
RR,3,20.85,11.11064539565036,,,1
RR,3,20.950000000000003,11.107611080302243,,,1
RR,3,21.05,11.111976699501952,,,1
RR,3,21.15,11.111452201970588,,,1
RR,3,21.25,11.1128414065878,,,1
RR,3,21.35,11.110517770562147,,,1
RR,3,21.450000000000003,11.110628497818768,,,1
RR,3,21.55,11.11318712733807,,,1
RR,3,21.65,11.10885239112647,,,1
RR,3,21.75,11.107886927152071,,,1
RR,3,21.85,11.108390429852523,,,1
RR,3,21.950000000000003,11.113589082022376,,,1
RR,3,22.05,11.11482563686644,,,1
RR,3,22.15,11.114382192494636,,,1
RR,3,22.25,11.11042009516884,,,1
RR,3,22.35,11.11102251932364,,,1
RR,3,22.450000000000003,11.108739542602978,,,1
RR,3,22.55,11.109341966757777,,,1
RR,3,22.65,11.11123064789174,,,1
RR,3,22.75,11.112015549963994,,,1
RR,3,22.85,11.112867759743956,,,1
RR,3,22.950000000000003,11.11183128838995,,,1
RR,3,23.05,11.110976551672168,,,1
RR,3,23.15,11.110124341892211,,,1
RR,3,23.25,11.110229408851382,,,1
RR,3,23.35,11.111465963695444,,,1
RR,3,23.450000000000003,11.111465963695444,,,1
RR,3,23.55,11.110508686956312,,,1
RR,3,23.65,11.107000452172484,,,1
RR,3,23.75,11.110678410170204,,,1
RR,3,23.85,11.10755871365428,,,1
RR,3,23.950000000000003,11.11293993990121,,,1
RR,3,24.05,11.109854195479397,,,1
RR,3,24.15,11.112371467840518,,,1
RR,3,24.25,11.110116658251137,,,1
RR,3,24.35,11.109002943168091,,,1
RR,3,24.450000000000003,11.112781785593649,,,1
RR,3,24.55,11.11217781873935,,,1
RR,3,24.65,11.113656596985622,,,1
RR,3,24.75,11.111999335279142,,,1
RR,3,24.85,11.111226692997064,,,1
RR,3,24.950000000000003,11.11026941625793,,,1
RR,3,25.05,11.109449071713222,,,1
RR,3,25.15,11.114783591299046,,,1
RR,3,25.25,11.113656475138455,,,1
RR,3,25.35,11.11391493985802,,,1
RR,3,25.450000000000003,11.107447211591818,,,1
RR,3,25.55,11.109666221532985,,,1
RR,3,25.65,11.109666221532985,,,1
RR,3,25.75,11.112286766606358,,,1
RR,3,25.85,11.109606663690409,,,1
RR,3,25.950000000000003,11.109241600527175,,,1
RR,3,26.05,11.108796602307171,,,1
RR,3,26.15,11.111083623462116,,,1
RR,3,26.25,11.109507167605132,,,1
RR,3,26.35,11.11191757463017,,,1
RR,3,26.450000000000003,11.113714519823342,,,1
RR,3,26.55,11.113301138065289,,,1
RR,3,26.65,11.113166521023848,,,1
RR,3,26.75,11.110211019061396,,,1
RR,3,26.85,11.112700536881102,,,1
RR,3,26.950000000000003,11.108026174931508,,,1
RR,3,27.05,11.1100050762455,,,1
RR,3,27.15,11.10655233104747,,,1
RR,3,27.25,11.111226692997064,,,1
RR,3,27.35,11.10910511227799,,,1
RR,3,27.450000000000003,11.114329947382194,,,1
RR,3,27.55,11.114891827207336,,,1
RR,3,27.65,11.113655272363276,,,1
RR,3,27.75,11.110269787169386,,,1
RR,3,27.85,11.107353006565978,,,1
RR,3,27.950000000000003,11.112249288150442,,,1
RR,3,28.05,11.111897274633122,,,1
RR,3,28.15,11.11269247451746,,,1
RR,3,28.25,11.109635171931854,,,1
RR,3,28.35,11.10738899044039,,,1
RR,3,28.450000000000003,11.110487171807929,,,1
RR,3,28.55,11.107367475292005,,,1
RR,3,28.65,11.116045903781751,,,1
RR,3,28.75,11.11424895858858,,,1
RR,3,28.85,11.117368655104505,,,1
RR,3,28.950000000000003,11.10798829489867,,,1
RR,3,29.05,11.10934481234842,,,1
RR,3,29.15,11.108026299103951,,,1
RR,3,29.25,11.11552588533368,,,1
RR,3,29.35,11.111286768303222,,,1
RR,3,29.450000000000003,11.110421493986538,,,1
RR,3,29.55,11.107335749564724,,,1
RR,3,29.65,11.112015294338606,,,1
RR,3,29.75,11.114199081899754,,,1
RR,3,29.85,11.110919129787057,,,1
RR,3,29.950000000000003,11.108423372574316,,,1
RR,3,30.05,11.107820948419516,,,1
RR,3,30.15,11.115123483311942,,,1
RR,3,30.25,11.112435744775146,,,1
RR,3,30.35,11.114001697839363,,,1
RR,4,0.45,11.113164072689331,,,1
RR,4,0.55,11.111082128124124,,,1
RR,4,0.65,11.109100203278716,,,1
RR,4,0.75,11.112377510268743,,,1
RR,4,0.8500000000000001,11.109328148728814,,,1
RR,4,0.95,11.11033347292576,,,1
RR,4,1.05,11.108697114463654,,,1
RR,4,1.15,11.113736313618618,,,1
RR,4,1.25,11.111695655547203,,,1
RR,4,1.35,11.110770757286012,,,1
RR,4,1.4500000000000002,11.112674300922848,,,1
RR,4,1.55,11.113195802429985,,,1
RR,4,1.65,11.109496209385222,,,1
RR,4,1.75,11.105681938928017,,,1
RR,4,1.85,11.106135712966696,,,1
RR,4,1.95,11.113422790176084,,,1
RR,4,2.0500000000000003,11.111390834833584,,,1
RR,4,2.15,11.11202895457548,,,1
RR,4,2.25,11.109551348324288,,,1
RR,4,2.35,11.114648846960169,,,1
RR,4,2.45,11.114149166755498,,,1
RR,4,2.5500000000000003,11.111453748965742,,,1
RR,4,2.6500000000000004,11.111595400050788,,,1
RR,4,2.75,11.109876070314291,,,1
RR,4,2.85,11.111270251929684,,,1
RR,4,2.95,11.10989540316305,,,1
RR,4,3.0500000000000003,11.112541675887917,,,1
RR,4,3.1500000000000004,11.112016983882125,,,1
RR,4,3.25,11.110981650007655,,,1
RR,4,3.35,11.107465887673188,,,1
RR,4,3.45,11.110648333303097,,,1
RR,4,3.5500000000000003,11.110567410655436,,,1
RR,4,3.65,11.114083172989902,,,1
RR,4,3.75,11.112620057096493,,,1
RR,4,3.85,11.112700979744153,,,1
RR,4,3.95,11.11072207843016,,,1
RR,4,4.05,11.110129864854256,,,1
RR,4,4.15,11.108360179411996,,,1
RR,4,4.25,11.110339080725987,,,1
RR,4,4.3500000000000005,11.111609648034287,,,1
RR,4,4.45,11.11329841082889,,,1
RR,4,4.55,11.111779254264611,,,1
RR,4,4.65,11.110508686956312,,,1
RR,4,4.75,11.110508686956312,,,1
RR,4,4.8500000000000005,11.11185255622471,,,1
RR,4,4.95,11.109491704807256,,,1
RR,4,5.050000000000001,11.109572627454916,,,1
RR,4,5.15,11.109747914750791,,,1
RR,4,5.25,11.110269787169386,,,1
RR,4,5.3500000000000005,11.110269787169386,,,1
RR,4,5.45,11.109707907344244,,,1
RR,4,5.550000000000001,11.112060718710431,,,1
RR,4,5.65,11.113174433793477,,,1
RR,4,5.75,11.110628947918965,,,1
RR,4,5.8500000000000005,11.113291533822396,,,1
RR,4,5.95,11.112699320246492,,,1
RR,4,6.050000000000001,11.11017687044324,,,1
RR,4,6.15,11.107000452172484,,,1
RR,4,6.25,11.108889133306448,,,1
RR,4,6.3500000000000005,11.112015549963994,,,1
RR,4,6.45,11.112972826703128,,,1
RR,4,6.550000000000001,11.1106730796753,,,1
RR,4,6.65,11.112749215736956,,,1
RR,4,6.75,11.110394314958688,,,1
RR,4,6.8500000000000005,11.110394314958688,,,1
RR,4,6.95,11.110572988486418,,,1
RR,4,7.050000000000001,11.109282873988755,,,1
RR,4,7.15,11.11337189788034,,,1
RR,4,7.25,11.111388257082682,,,1
RR,4,7.35,11.111388257082682,,,1
RR,4,7.45,11.109860489914398,,,1
RR,4,7.550000000000001,11.10857695763356,,,1
RR,4,7.65,11.114942654168075,,,1
RR,4,7.75,11.11279246333864,,,1
RR,4,7.85,11.111750755980282,,,1
RR,4,7.95,11.109756682367058,,,1
RR,4,8.05,11.1088831673426,,,1
RR,4,8.15,11.114071671300588,,,1
RR,4,8.25,11.109700048379294,,,1
RR,4,8.35,11.111665457184325,,,1
RR,4,8.450000000000001,11.110785833663192,,,1
RR,4,8.55,11.111634593201126,,,1
RR,4,8.65,11.110542699420554,,,1
RR,4,8.75,11.110616001380649,,,1
RR,4,8.85,11.11158146535505,,,1
RR,4,8.950000000000001,11.110262952110585,,,1
RR,4,9.05,11.111714330920456,,,1
RR,4,9.15,11.11258784594491,,,1
RR,4,9.25,11.111496662570184,,,1
RR,4,9.35,11.111496662570184,,,1
RR,4,9.45,11.111496662570184,,,1
RR,4,9.55,11.113906359189375,,,1
RR,4,9.65,11.109272132112253,,,1
RR,4,9.75,11.106584393575456,,,1
RR,4,9.85,11.109080150788197,,,1
RR,4,9.95,11.109330920651676,,,1
RR,4,10.05,11.109834871627326,,,1
RR,4,10.15,11.107339114414586,,,1
RR,4,10.25,11.109626135569531,,,1
RR,4,10.35,11.115487881128397,,,1
RR,4,10.45,11.11450363884732,,,1
RR,4,10.55,11.111117088290955,,,1
RR,4,10.65,11.112258523531628,,,1
RR,4,10.75,11.110204452684156,,,1
RR,4,10.85,11.112289767066152,,,1
RR,4,10.95,11.1099661310405,,,1
RR,4,11.05,11.109884747653126,,,1
RR,4,11.15,11.115101968163556,,,1
RR,4,11.25,11.109918472414025,,,1
RR,4,11.35,11.110350430393147,,,1
RR,4,11.45,11.10573563403752,,,1
RR,4,11.55,11.113982104548144,,,1
RR,4,11.65,11.115351329840472,,,1
RR,4,11.75,11.116443223621046,,,1
RR,4,11.85,11.10956597840275,,,1
RR,4,11.95,11.107167406436758,,,1
RR,4,12.05,11.10822570348562,,,1
RR,4,12.15,11.110888085998482,,,1
RR,4,12.25,11.113207547169813,,,1
RR,4,12.35,11.112149250120948,,,1
RR,4,12.45,11.109407756813416,,,1
RR,4,12.55,11.10896640185369,,,1
RR,4,12.65,11.107874508073117,,,1
RR,4,12.75,11.112448550383007,,,1
RR,4,12.85,11.111996342432471,,,1
RR,4,12.95,11.113743372481386,,,1
RR,4,13.05,11.108206102793174,,,1
RR,4,13.15,11.11347095791094,,,1
RR,4,13.25,11.110326303822893,,,1
RR,4,13.35,11.115182912453086,,,1
RR,4,13.45,11.11089073104025,,,1
RR,4,13.55,11.11157528159003,,,1
RR,4,13.65,11.107761011132824,,,1
RR,4,13.75,11.11082655442621,,,1
RR,4,13.85,11.110412511754973,,,1
RR,4,13.95,11.11609860012173,,,1
RR,4,14.05,11.113749145918012,,,1
RR,4,14.15,11.112188523541809,,,1
RR,4,14.25,11.111498906417236,,,1
RR,4,14.35,11.1103321862187,,,1
RR,4,14.45,11.112306851266146,,,1
RR,4,14.55,11.10723126922929,,,1
RR,4,14.65,11.11074744363154,,,1
RR,4,14.75,11.111460517120896,,,1
RR,4,14.85,11.114746822293991,,,1
RR,4,14.95,11.112999792245075,,,1
RR,4,15.05,11.110816004683931,,,1
RR,4,15.15,11.111077514379405,,,1
RR,4,15.25,11.1110775143794,,,1
RR,4,15.35,11.110970114991147,,,1
RR,4,15.45,11.11131568137445,,,1
RR,4,15.55,11.107205022435824,,,1
RR,4,15.65,11.112941057369,,,1
RR,4,15.75,11.110445300156265,,,1
RR,4,15.85,11.11271698009603,,,1
RR,4,15.95,11.10978596447958,,,1
RR,4,16.05,11.111841293948894,,,1
RR,4,16.150000000000002,11.113158771440617,,,1
RR,4,16.25,11.11132642582882,,,1
RR,4,16.35,11.109784928726834,,,1
RR,4,16.45,11.110306430233974,,,1
RR,4,16.55,11.11162494347844,,,1
RR,4,16.650000000000002,11.10927213211225,,,1
RR,4,16.75,11.107683922976872,,,1
RR,4,16.85,11.11017968018961,,,1
RR,4,16.95,11.111558914438756,,,1
RR,4,17.05,11.113739337150038,,,1
RR,4,17.150000000000002,11.111942391956868,,,1
RR,4,17.25,11.11100451266745,,,1
RR,4,17.35,11.11100451266745,,,1
RR,4,17.45,11.10917858448729,,,1
RR,4,17.55,11.110054707019282,,,1
RR,4,17.650000000000002,11.113634505500494,,,1
RR,4,17.75,11.114761621661088,,,1
RR,4,17.85,11.113513978814892,,,1
RR,4,17.95,11.108628893268424,,,1
RR,4,18.05,11.108107391761283,,,1
RR,4,18.15,11.11083381285375,,,1
RR,4,18.25,11.111087141593387,,,1
RR,4,18.35,11.11160864310053,,,1
RR,4,18.45,11.112862796803062,,,1
RR,4,18.55,11.112195425392189,,,1
RR,4,18.65,11.110797801353051,,,1
RR,4,18.75,11.111450354598134,,,1
RR,4,18.85,11.1084668118201,,,1
RR,4,18.95,11.11272841954598,,,1
RR,4,19.05,11.106513967272267,,,1
RR,4,19.15,11.114796638268013,,,1
RR,4,19.25,11.109936048811072,,,1
RR,4,19.35,11.112159401237443,,,1
RR,4,19.450000000000003,11.108579602756237,,,1
RR,4,19.55,11.111090040893751,,,1
RR,4,19.65,11.113736313618618,,,1
RR,4,19.75,11.112541675887917,,,1
RR,4,19.85,11.112027843520586,,,1
RR,4,19.950000000000003,11.111100900532216,,,1
RR,4,20.05,11.111100900532216,,,1
RR,4,20.15,11.110579399025076,,,1
RR,4,20.25,11.108398976313794,,,1
RR,4,20.35,11.109515232835925,,,1
RR,4,20.450000000000003,11.112248164784726,,,1
RR,4,20.55,11.112962858895647,,,1
RR,4,20.65,11.111989281778603,,,1
RR,4,20.75,11.11023162537562,,,1
RR,4,20.85,11.11064539565036,,,1
RR,4,20.950000000000003,11.112852170448994,,,1
RR,4,21.05,11.111795972255514,,,1
RR,4,21.15,11.111271474724148,,,1
RR,4,21.25,11.107419589194611,,,1
RR,4,21.35,11.110517770562147,,,1
RR,4,21.450000000000003,11.110628497818768,,,1
RR,4,21.55,11.11318712733807,,,1
RR,4,21.65,11.108852391126474,,,1
RR,4,21.75,11.113403864148651,,,1
RR,4,21.85,11.109599621523008,,,1
RR,4,21.950000000000003,11.114798273692864,,,1
RR,4,22.05,11.110517891540342,,,1
RR,4,22.15,11.114382192494633,,,1
RR,4,22.25,11.11042009516884,,,1
RR,4,22.35,11.11102251932364,,,1
RR,4,22.450000000000003,11.108739542602978,,,1
RR,4,22.55,11.109341966757777,,,1
RR,4,22.65,11.111230647891745,,,1
RR,4,22.75,11.112015549963996,,,1
RR,4,22.85,11.112867759743954,,,1
RR,4,22.950000000000003,11.11183128838995,,,1
RR,4,23.05,11.110976551672168,,,1
RR,4,23.15,11.110124341892211,,,1
RR,4,23.25,11.110229408851382,,,1
RR,4,23.35,11.111465963695444,,,1
RR,4,23.450000000000003,11.111465963695444,,,1
RR,4,23.55,11.110508686956312,,,1
RR,4,23.65,11.113166440580423,,,1
RR,4,23.75,11.111327461581563,,,1
RR,4,23.85,11.108207765065645,,,1
RR,4,23.950000000000003,11.107423002904632,,,1
RR,4,24.05,11.109854195479397,,,1
RR,4,24.15,11.112371467840518,,,1
RR,4,24.25,11.110116658251137,,,1
RR,4,24.35,11.113696456732349,,,1
RR,4,24.450000000000003,11.112710671751769,,,1
RR,4,24.55,11.112106704897467,,,1
RR,4,24.65,11.108891969579489,,,1
RR,4,24.75,11.11199933527914,,,1
RR,4,24.85,11.111226692997064,,,1
RR,4,24.950000000000003,11.11026941625793,,,1
RR,4,25.05,11.109449071713223,,,1
RR,4,25.15,11.114783591299046,,,1
RR,4,25.25,11.113656475138455,,,1
RR,4,25.35,11.11391493985802,,,1
RR,4,25.450000000000003,11.107447211591818,,,1
RR,4,25.55,11.109666221532985,,,1
RR,4,25.65,11.109666221532985,,,1
RR,4,25.75,11.112286766606358,,,1
RR,4,25.85,11.109606663690409,,,1
RR,4,25.950000000000003,11.109241600527175,,,1
RR,4,26.05,11.108796602307171,,,1
RR,4,26.15,11.111083623462116,,,1
RR,4,26.25,11.109507167605132,,,1
RR,4,26.35,11.11191757463017,,,1
RR,4,26.450000000000003,11.113714519823342,,,1
RR,4,26.55,11.113301138065289,,,1
RR,4,26.65,11.113166521023848,,,1
RR,4,26.75,11.110211019061396,,,1
RR,4,26.85,11.112700536881102,,,1
RR,4,26.950000000000003,11.108026174931508,,,1
RR,4,27.05,11.1100050762455,,,1
RR,4,27.15,11.110801863598889,,,1
RR,4,27.25,11.111168480222387,,,1
RR,4,27.35,11.109046899503312,,,1
RR,4,27.450000000000003,11.1100222020561,,,1
RR,4,27.55,11.114891827207336,,,1
RR,4,27.65,11.113655272363276,,,1
RR,4,27.75,11.110269787169386,,,1
RR,4,27.85,11.107353006565978,,,1
RR,4,27.950000000000003,11.112249288150442,,,1
RR,4,28.05,11.111897274633122,,,1
RR,4,28.15,11.11269247451746,,,1
RR,4,28.25,11.109635171931854,,,1
RR,4,28.35,11.11300444416905,,,1
RR,4,28.450000000000003,11.11161026255366,,,1
RR,4,28.55,11.114106019766396,,,1
RR,4,28.65,11.110022053418282,,,1
RR,4,28.75,11.112717471208038,,,1
RR,4,28.85,11.1102217139953,,,1
RR,4,28.950000000000003,11.107988294898671,,,1
RR,4,29.05,11.10934481234842,,,1
RR,4,29.15,11.108026299103956,,,1
RR,4,29.25,11.115525885333676,,,1
RR,4,29.35,11.111286768303218,,,1
RR,4,29.450000000000003,11.11042149398654,,,1
RR,4,29.55,11.107335749564724,,,1
RR,4,29.65,11.112015294338606,,,1
RR,4,29.75,11.114199081899754,,,1
RR,4,29.85,11.110919129787057,,,1
RR,4,29.950000000000003,11.108423372574316,,,1
RR,4,30.05,11.113242765812709,,,1
RR,4,30.15,11.114611991105036,,,1
RR,4,30.25,11.111924252568242,,,1
RR,4,30.35,11.10510173343922,,,1
RR,5,0.45,11.114033562298932,,,1
RR,5,0.55,11.111661787863856,,,1
RR,5,0.65,11.114172226001378,,,1
RR,5,0.75,11.107539580902513,,,1
RR,5,0.8500000000000001,11.110207772249948,,,1
RR,5,0.95,11.111213096446894,,,1
RR,5,1.05,11.11441466735102,,,1
RR,5,1.15,11.113736313618618,,,1
RR,5,1.25,11.111695655547203,,,1
RR,5,1.35,11.110770757286014,,,1
RR,5,1.4500000000000002,11.108181937939918,,,1
RR,5,1.55,11.10870343944706,,,1
RR,5,1.65,11.111169834810234,,,1
RR,5,1.75,11.111847927335958,,,1
RR,5,1.85,11.11230170137464,,,1
RR,5,1.95,11.108658162769949,,,1
RR,5,2.0500000000000003,11.110933952753545,,,1
RR,5,2.15,11.11157207249544,,,1
RR,5,2.25,11.113859093650383,,,1
RR,5,2.35,11.114648846960169,,,1
RR,5,2.45,11.10881924457236,,,1
RR,5,2.5500000000000003,11.110616189765537,,,1
RR,5,2.6500000000000004,11.106508308299162,,,1
RR,5,2.75,11.115190923468466,,,1
RR,5,2.85,11.112092742100929,,,1
RR,5,2.95,11.11496742588571,,,1
RR,5,3.0500000000000003,11.10798420619509,,,1
RR,5,3.1500000000000004,11.11253153691196,,,1
RR,5,3.25,11.11149620303749,,,1
RR,5,3.35,11.11253791039585,,,1
RR,5,3.45,11.110648333303097,,,1
RR,5,3.5500000000000003,11.110567410655436,,,1
RR,5,3.65,11.1140831729899,,,1
RR,5,3.75,11.107290134913356,,,1
RR,5,3.85,11.112064571125268,,,1
RR,5,3.95,11.110085669811278,,,1
RR,5,4.05,11.114823378418512,,,1
RR,5,4.15,11.108360179411996,,,1
RR,5,4.25,11.110339080725987,,,1
RR,5,4.3500000000000005,11.111609648034287,,,1
RR,5,4.45,11.11329841082889,,,1
RR,5,4.55,11.111779254264611,,,1
RR,5,4.65,11.110508686956312,,,1
RR,5,4.75,11.110508686956312,,,1
RR,5,4.8500000000000005,11.107820948419516,,,1
RR,5,4.95,11.10970962955348,,,1
RR,5,5.050000000000001,11.10979055220114,,,1
RR,5,5.15,11.11399744730221,,,1
RR,5,5.25,11.110269787169386,,,1
RR,5,5.3500000000000005,11.110269787169386,,,1
RR,5,5.45,11.109707907344244,,,1
RR,5,5.550000000000001,11.112060718710431,,,1
RR,5,5.65,11.113174433793477,,,1
RR,5,5.75,11.110628947918965,,,1
RR,5,5.8500000000000005,11.10852690641626,,,1
RR,5,5.95,11.107934692840354,,,1
RR,5,6.050000000000001,11.111578231445046,,,1
RR,5,6.15,11.113166440580423,,,1
RR,5,6.25,11.11505512171439,,,1
RR,5,6.3500000000000005,11.112015549963996,,,1
RR,5,6.45,11.112972826703128,,,1
RR,5,6.550000000000001,11.1106730796753,,,1
RR,5,6.65,11.112749215736956,,,1
RR,5,6.75,11.110394314958688,,,1
RR,5,6.8500000000000005,11.110394314958688,,,1
RR,5,6.95,11.110572988486418,,,1
RR,5,7.050000000000001,11.109282873988755,,,1
RR,5,7.15,11.11337189788034,,,1
RR,5,7.25,11.11138825708268,,,1
RR,5,7.35,11.111388257082682,,,1
RR,5,7.45,11.109860489914398,,,1
RR,5,7.550000000000001,11.10857695763356,,,1
RR,5,7.65,11.110804951420642,,,1
RR,5,7.75,11.108654760591206,,,1
RR,5,7.85,11.112170522925672,,,1
RR,5,7.95,11.114314152059883,,,1
RR,5,8.05,11.113440637035426,,,1
RR,5,8.15,11.109233741934355,,,1
RR,5,8.25,11.108893726818254,,,1
RR,5,8.35,11.110859135623286,,,1
RR,5,8.450000000000001,11.114817441468384,,,1
RR,5,8.55,11.111634593201126,,,1
RR,5,8.65,11.110542699420554,,,1
RR,5,8.75,11.110616001380649,,,1
RR,5,8.85,11.11158146535505,,,1
RR,5,8.950000000000001,11.110262952110585,,,1
RR,5,9.05,11.107521458803054,,,1
RR,5,9.15,11.10839497382751,,,1
RR,5,9.25,11.110918335381577,,,1
RR,5,9.35,11.110918335381577,,,1
RR,5,9.45,11.110918335381577,,,1
RR,5,9.55,11.109713487071977,,,1
RR,5,9.65,11.11478906910883,,,1
RR,5,9.75,11.112101330572036,,,1
RR,5,9.85,11.114597087784777,,,1
RR,5,9.95,11.109330920651676,,,1
RR,5,10.05,11.109834871627324,,,1
RR,5,10.15,11.107339114414586,,,1
RR,5,10.25,11.109626135569531,,,1
RR,5,10.35,11.109970944131817,,,1
RR,5,10.45,11.113415792115598,,,1
RR,5,10.55,11.110029241559236,,,1
RR,5,10.65,11.111265796403297,,,1
RR,5,10.75,11.109340104983792,,,1
RR,5,10.85,11.111425419365789,,,1
RR,5,10.95,11.114523600733326,,,1
RR,5,11.05,11.109884747653126,,,1
RR,5,11.15,11.109168658563462,,,1
RR,5,11.25,11.110032574521716,,,1
RR,5,11.35,11.110464532500844,,,1
RR,5,11.45,11.11178304574531,,,1
RR,5,11.55,11.106835163438936,,,1
RR,5,11.65,11.114137698331362,,,1
RR,5,11.75,11.110316070099357,,,1
RR,5,11.85,11.116519075590364,,,1
RR,5,11.95,11.108187194024271,,,1
RR,5,12.05,11.114159013085716,,,1
RR,5,12.15,11.106856478193292,,,1
RR,5,12.25,11.11336881148202,,,1
RR,5,12.35,11.107396992420576,,,1
RR,5,12.45,11.11287997903564,,,1
RR,5,12.55,11.108245751958512,,,1
RR,5,12.65,11.112067380190515,,,1
RR,5,12.75,11.107683922976872,,,1
RR,5,12.85,11.11238688566248,,,1
RR,5,12.95,11.114133915711395,,,1
RR,5,13.05,11.11336127342932,,,1
RR,5,13.15,11.11347095791094,,,1
RR,5,13.25,11.110326303822893,,,1
RR,5,13.35,11.115182912453086,,,1
RR,5,13.45,11.11089073104025,,,1
RR,5,13.55,11.11157528159003,,,1
RR,5,13.65,11.107761011132824,,,1
RR,5,13.75,11.11082655442621,,,1
RR,5,13.85,11.110412511754973,,,1
RR,5,13.95,11.10954723743829,,,1
RR,5,14.05,11.107197783234575,,,1
RR,5,14.15,11.110475090224602,,,1
RR,5,14.25,11.110819898786886,,,1
RR,5,14.35,11.113633753383354,,,1
RR,5,14.45,11.110770489064564,,,1
RR,5,14.55,11.111211844024291,,,1
RR,5,14.65,11.11074744363154,,,1
RR,5,14.75,11.111460517120896,,,1
RR,5,14.85,11.110497289742574,,,1
RR,5,14.95,11.108750259693656,,,1
RR,5,15.05,11.113117834815949,,,1
RR,5,15.15,11.11279094769661,,,1
RR,5,15.25,11.112790947696608,,,1
RR,5,15.35,11.111287356261064,,,1
RR,5,15.45,11.110855398281936,,,1
RR,5,15.55,11.111369230649265,,,1
RR,5,15.65,11.107521004681438,,,1
RR,5,15.75,11.11064070119736,,,1
RR,5,15.85,11.113804826827751,,,1
RR,5,15.95,11.115302901476158,,,1
RR,5,16.05,11.111192242537532,,,1
RR,5,16.150000000000002,11.106992783032672,,,1
RR,5,16.25,11.111093747020972,,,1
RR,5,16.35,11.115718238326927,,,1
RR,5,16.45,11.116239739834066,,,1
RR,5,16.55,11.11162494347844,,,1
RR,5,16.650000000000002,11.10927213211225,,,1
RR,5,16.75,11.107683922976872,,,1
RR,5,16.85,11.11017968018961,,,1
RR,5,16.95,11.111558914438756,,,1
RR,5,17.05,11.113739337150038,,,1
RR,5,17.150000000000002,11.111942391956868,,,1
RR,5,17.25,11.11100451266745,,,1
RR,5,17.35,11.11100451266745,,,1
RR,5,17.45,11.10917858448729,,,1
RR,5,17.55,11.110054707019282,,,1
RR,5,17.650000000000002,11.108940991936242,,,1
RR,5,17.75,11.110068108096833,,,1
RR,5,17.85,11.11280104004564,,,1
RR,5,17.95,11.112609468063424,,,1
RR,5,18.05,11.112087966556285,,,1
RR,5,18.15,11.11083381285375,,,1
RR,5,18.25,11.111087141593387,,,1
RR,5,18.35,11.11160864310053,,,1
RR,5,18.45,11.108882222008065,,,1
RR,5,18.55,11.113286873319849,,,1
RR,5,18.65,11.111889249280711,,,1
RR,5,18.75,11.111367206684648,,,1
RR,5,18.85,11.109477629591892,,,1
RR,5,18.95,11.108584066681628,,,1
RR,5,19.05,11.111832530370158,,,1
RR,5,19.15,11.109255699393705,,,1
RR,5,19.25,11.11404264355584,,,1
RR,5,19.35,11.111958250656118,,,1
RR,5,19.450000000000003,11.11307196573916,,,1
RR,5,19.55,11.111090040893751,,,1
RR,5,19.65,11.109178843925791,,,1
RR,5,19.75,11.11340602358828,,,1
RR,5,19.85,11.11289219122095,,,1
RR,5,19.950000000000003,11.11119279574227,,,1
RR,5,20.05,11.11119279574227,,,1
RR,5,20.15,11.11067129423513,,,1
RR,5,20.25,11.113820793706983,,,1
RR,5,20.35,11.10951523283592,,,1
RR,5,20.450000000000003,11.108267589989728,,,1
RR,5,20.55,11.112913101710712,,,1
RR,5,20.65,11.111939524593668,,,1
RR,5,20.75,11.11416244298568,,,1
RR,5,20.85,11.11064539565036,,,1
RR,5,20.950000000000003,11.107611080302243,,,1
RR,5,21.05,11.106554882108762,,,1
RR,5,21.15,11.110459474842258,,,1
RR,5,21.25,11.11184867945947,,,1
RR,5,21.35,11.114946860827006,,,1
RR,5,21.450000000000003,11.110628497818768,,,1
RR,5,21.55,11.11318712733807,,,1
RR,5,21.65,11.10885239112647,,,1
RR,5,21.75,11.107886927152071,,,1
RR,5,21.85,11.108390429852523,,,1
RR,5,21.950000000000003,11.113589082022376,,,1
RR,5,22.05,11.11482563686644,,,1
RR,5,22.15,11.114382192494636,,,1
RR,5,22.25,11.11042009516884,,,1
RR,5,22.35,11.11102251932364,,,1
RR,5,22.450000000000003,11.108739542602978,,,1
RR,5,22.55,11.109341966757777,,,1
RR,5,22.65,11.11123064789174,,,1
RR,5,22.75,11.112015549963994,,,1
RR,5,22.85,11.112867759743956,,,1
RR,5,22.950000000000003,11.107996344380132,,,1
RR,5,23.05,11.112658544658933,,,1
RR,5,23.15,11.111806334878972,,,1
RR,5,23.25,11.115746345847962,,,1
RR,5,23.35,11.111465963695444,,,1
RR,5,23.450000000000003,11.111465963695444,,,1
RR,5,23.55,11.110508686956312,,,1
RR,5,23.65,11.107000452172484,,,1
RR,5,23.75,11.110678410170204,,,1
RR,5,23.85,11.10755871365428,,,1
RR,5,23.950000000000003,11.11293993990121,,,1
RR,5,24.05,11.109854195479397,,,1
RR,5,24.15,11.112371467840518,,,1
RR,5,24.25,11.110116658251137,,,1
RR,5,24.35,11.109002943168091,,,1
RR,5,24.450000000000003,11.112781785593649,,,1
RR,5,24.55,11.11217781873935,,,1
RR,5,24.65,11.113656596985622,,,1
RR,5,24.75,11.107441865586315,,,1
RR,5,24.85,11.110918755855655,,,1
RR,5,24.950000000000003,11.109961479116526,,,1
RR,5,25.05,11.11369860426464,,,1
RR,5,25.15,11.108092837920216,,,1
RR,5,25.25,11.112037744482286,,,1
RR,5,25.35,11.107988463875756,,,1
RR,5,25.450000000000003,11.113452579135137,,,1
RR,5,25.55,11.110599566353637,,,1
RR,5,25.65,11.114907311679737,,,1
RR,5,25.75,11.112286766606358,,,1
RR,5,25.85,11.109606663690409,,,1
RR,5,25.950000000000003,11.109241600527175,,,1
RR,5,26.05,11.108796602307171,,,1
RR,5,26.15,11.111083623462116,,,1
RR,5,26.25,11.109507167605132,,,1
RR,5,26.35,11.11191757463017,,,1
RR,5,26.450000000000003,11.109222156840415,,,1
RR,5,26.55,11.11300164719976,,,1
RR,5,26.65,11.11286703015832,,,1
RR,5,26.75,11.114403891178796,,,1
RR,5,26.85,11.107787014868522,,,1
RR,5,26.950000000000003,11.10980340629776,,,1
RR,5,27.05,11.111782307611753,,,1
RR,5,27.15,11.1132430844263,,,1
RR,5,27.25,11.111226692997064,,,1
RR,5,27.35,11.10910511227799,,,1
RR,5,27.450000000000003,11.114329947382194,,,1
RR,5,27.55,11.108055622668097,,,1
RR,5,27.65,11.112336004820614,,,1
RR,5,27.75,11.108950519626726,,,1
RR,5,27.85,11.112869943562558,,,1
RR,5,27.950000000000003,11.10831847054038,,,1
RR,5,28.05,11.111897274633122,,,1
RR,5,28.15,11.11269247451746,,,1
RR,5,28.25,11.113565989541916,,,1
RR,5,28.35,11.10738899044039,,,1
RR,5,28.450000000000003,11.110487171807929,,,1
RR,5,28.55,11.107367475292005,,,1
RR,5,28.65,11.116045903781751,,,1
RR,5,28.75,11.10795965041248,,,1
RR,5,28.85,11.111079346928404,,,1
RR,5,28.950000000000003,11.106612508735148,,,1
RR,5,29.05,11.114258334360995,,,1
RR,5,29.15,11.112939821116532,,,1
RR,5,29.25,11.110008948337098,,,1
RR,5,29.35,11.112321193990075,,,1
RR,5,29.450000000000003,11.111455919673396,,,1
RR,5,29.55,11.113887112248165,,,1
RR,5,29.65,11.112015294338606,,,1
RR,5,29.75,11.114199081899754,,,1
RR,5,29.85,11.110919129787057,,,1
RR,5,29.950000000000003,11.108423372574316,,,1
RR,5,30.05,11.107820948419516,,,1
RR,5,30.15,11.115123483311942,,,1
RR,5,30.25,11.112435744775146,,,1
RR,5,30.35,11.114001697839363,,,1
RR,6,0.45,11.114033562298932,,,1
RR,6,0.55,11.111661787863856,,,1
RR,6,0.65,11.114172226001378,,,1
RR,6,0.75,11.107539580902513,,,1
RR,6,0.8500000000000001,11.110207772249948,,,1
RR,6,0.95,11.111213096446894,,,1
RR,6,1.05,11.11441466735102,,,1
RR,6,1.15,11.113736313618618,,,1
RR,6,1.25,11.111695655547203,,,1
RR,6,1.35,11.110770757286014,,,1
RR,6,1.4500000000000002,11.108181937939918,,,1
RR,6,1.55,11.10870343944706,,,1
RR,6,1.65,11.111169834810234,,,1
RR,6,1.75,11.111847927335958,,,1
RR,6,1.85,11.11230170137464,,,1
RR,6,1.95,11.108658162769949,,,1
RR,6,2.0500000000000003,11.110933952753545,,,1
RR,6,2.15,11.11157207249544,,,1
RR,6,2.25,11.113859093650383,,,1
RR,6,2.35,11.109407756813418,,,1
RR,6,2.45,11.108908076608747,,,1
RR,6,2.5500000000000003,11.11070502180192,,,1
RR,6,2.6500000000000004,11.111838230482295,,,1
RR,6,2.75,11.115190923468466,,,1
RR,6,2.85,11.112092742100929,,,1
RR,6,2.95,11.11496742588571,,,1
RR,6,3.0500000000000003,11.10798420619509,,,1
RR,6,3.1500000000000004,11.107459514189296,,,1
RR,6,3.25,11.111117693879082,,,1
RR,6,3.35,11.112159401237443,,,1
RR,6,3.45,11.11534184686735,,,1
RR,6,3.5500000000000003,11.110567410655436,,,1
RR,6,3.65,11.109525703297075,,,1
RR,6,3.75,11.108062587403666,,,1
RR,6,3.85,11.108143510051326,,,1
RR,6,3.95,11.114859781177596,,,1
RR,6,4.05,11.114267567601692,,,1
RR,6,4.15,11.112497882159431,,,1
RR,6,4.25,11.110339080725987,,,1
RR,6,4.3500000000000005,11.105892095146928,,,1
RR,6,4.45,11.113002675334718,,,1
RR,6,4.55,11.11148351877044,,,1
RR,6,4.65,11.1159305043495,,,1
RR,6,4.75,11.110508686956312,,,1
RR,6,4.8500000000000005,11.107820948419516,,,1
RR,6,4.95,11.10970962955348,,,1
RR,6,5.050000000000001,11.10979055220114,,,1
RR,6,5.15,11.11399744730221,,,1
RR,6,5.25,11.110269787169386,,,1
RR,6,5.3500000000000005,11.110269787169386,,,1
RR,6,5.45,11.109707907344244,,,1
RR,6,5.550000000000001,11.112060718710431,,,1
RR,6,5.65,11.113174433793477,,,1
RR,6,5.75,11.110628947918965,,,1
RR,6,5.8500000000000005,11.10852690641626,,,1
RR,6,5.95,11.107934692840354,,,1
RR,6,6.050000000000001,11.111578231445046,,,1
RR,6,6.15,11.113166440580423,,,1
RR,6,6.25,11.11505512171439,,,1
RR,6,6.3500000000000005,11.112015549963996,,,1
RR,6,6.45,11.112972826703128,,,1
RR,6,6.550000000000001,11.1106730796753,,,1
RR,6,6.65,11.107835693724375,,,1
RR,6,6.75,11.109673665063507,,,1
RR,6,6.8500000000000005,11.10967366506351,,,1
RR,6,6.95,11.114765860603818,,,1
RR,6,7.050000000000001,11.109282873988755,,,1
RR,6,7.15,11.107854960883758,,,1
RR,6,7.25,11.112288981490286,,,1
RR,6,7.35,11.112288981490286,,,1
RR,6,7.45,11.116278151318582,,,1
RR,6,7.550000000000001,11.10857695763356,,,1
RR,6,7.65,11.110804951420642,,,1
RR,6,7.75,11.108654760591206,,,1
RR,6,7.85,11.112170522925672,,,1
RR,6,7.95,11.110525412194766,,,1
RR,6,8.05,11.11358271478037,,,1
RR,6,8.15,11.1093758196793,,,1
RR,6,8.25,11.11282454442832,,,1
RR,6,8.35,11.110859135623286,,,1
RR,6,8.450000000000001,11.10909988858102,,,1
RR,6,8.55,11.11143397731034,,,1
RR,6,8.65,11.11034208352977,,,1
RR,6,8.75,11.112101330572036,,,1
RR,6,8.85,11.11148067515992,,,1
RR,6,8.950000000000001,11.110162161915454,,,1
RR,6,9.05,11.111452276413116,,,1
RR,6,9.15,11.108394973827512,,,1
RR,6,9.25,11.110918335381577,,,1
RR,6,9.35,11.110918335381577,,,1
RR,6,9.45,11.110918335381577,,,1
RR,6,9.55,11.109713487071978,,,1
RR,6,9.65,11.11478906910883,,,1
RR,6,9.75,11.112101330572036,,,1
RR,6,9.85,11.110104724801843,,,1
RR,6,9.95,11.109603185074883,,,1
RR,6,10.05,11.110107136050535,,,1
RR,6,10.15,11.112103741820723,,,1
RR,6,10.25,11.109626135569531,,,1
RR,6,10.35,11.109970944131817,,,1
RR,6,10.45,11.113415792115598,,,1
RR,6,10.55,11.110029241559236,,,1
RR,6,10.65,11.111265796403297,,,1
RR,6,10.75,11.109340104983792,,,1
RR,6,10.85,11.111425419365789,,,1
RR,6,10.95,11.110031237750396,,,1
RR,6,11.05,11.11100783839886,,,1
RR,6,11.15,11.110291749309193,,,1
RR,6,11.25,11.115648028250376,,,1
RR,6,11.35,11.110464532500844,,,1
RR,6,11.45,11.11178304574531,,,1
RR,6,11.55,11.106835163438936,,,1
RR,6,11.65,11.108204388731266,,,1
RR,6,11.75,11.10929628251184,,,1
RR,6,11.85,11.10956597840275,,,1
RR,6,11.95,11.113858159815589,,,1
RR,6,12.05,11.11491645686445,,,1
RR,6,12.15,11.113547231572122,,,1
RR,6,12.25,11.11336881148202,,,1
RR,6,12.35,11.107396992420576,,,1
RR,6,12.45,11.11287997903564,,,1
RR,6,12.55,11.108245751958512,,,1
RR,6,12.65,11.112067380190515,,,1
RR,6,12.75,11.107683922976872,,,1
RR,6,12.85,11.11238688566248,,,1
RR,6,12.95,11.108892825564649,,,1
RR,6,13.05,11.11236971583399,,,1
RR,6,13.15,11.112479400315612,,,1
RR,6,13.25,11.114575836374312,,,1
RR,6,13.35,11.109567458724426,,,1
RR,6,13.45,11.111208586911683,,,1
RR,6,13.55,11.111893137461465,,,1
RR,6,13.65,11.11369432073292,,,1
RR,6,13.75,11.11082655442621,,,1
RR,6,13.85,11.110412511754973,,,1
RR,6,13.95,11.10954723743829,,,1
RR,6,14.05,11.107197783234572,,,1
RR,6,14.15,11.110475090224602,,,1
RR,6,14.25,11.110819898786888,,,1
RR,6,14.35,11.113633753383354,,,1
RR,6,14.45,11.110770489064564,,,1
RR,6,14.55,11.111211844024291,,,1
RR,6,14.65,11.11074744363154,,,1
RR,6,14.75,11.111460517120896,,,1
RR,6,14.85,11.110497289742574,,,1
RR,6,14.95,11.108750259693656,,,1
RR,6,15.05,11.113117834815949,,,1
RR,6,15.15,11.112790947696608,,,1
RR,6,15.25,11.112790947696608,,,1
RR,6,15.35,11.111287356261066,,,1
RR,6,15.45,11.110855398281936,,,1
RR,6,15.55,11.111369230649268,,,1
RR,6,15.65,11.107521004681436,,,1
RR,6,15.75,11.11064070119736,,,1
RR,6,15.85,11.113804826827751,,,1
RR,6,15.95,11.11530290147616,,,1
RR,6,16.05,11.111192242537532,,,1
RR,6,16.150000000000002,11.106992783032672,,,1
RR,6,16.25,11.111093747020972,,,1
RR,6,16.35,11.111093747020972,,,1
RR,6,16.45,11.111615248528112,,,1
RR,6,16.55,11.107000452172484,,,1
RR,6,16.650000000000002,11.11478906910883,,,1
RR,6,16.75,11.113200859973452,,,1
RR,6,16.85,11.11569661718619,,,1
RR,6,16.95,11.111558914438756,,,1
RR,6,17.05,11.113739337150038,,,1
RR,6,17.150000000000002,11.111942391956868,,,1
RR,6,17.25,11.11100451266745,,,1
RR,6,17.35,11.11100451266745,,,1
RR,6,17.45,11.10917858448729,,,1
RR,6,17.55,11.110054707019282,,,1
RR,6,17.650000000000002,11.108940991936242,,,1
RR,6,17.75,11.110068108096833,,,1
RR,6,17.85,11.11280104004564,,,1
RR,6,17.95,11.112609468063424,,,1
RR,6,18.05,11.112087966556285,,,1
RR,6,18.15,11.11083381285375,,,1
RR,6,18.25,11.111087141593387,,,1
RR,6,18.35,11.11160864310053,,,1
RR,6,18.45,11.108882222008065,,,1
RR,6,18.55,11.108214850597186,,,1
RR,6,18.65,11.111010098675452,,,1
RR,6,18.75,11.110488056079385,,,1
RR,6,18.85,11.113670501709294,,,1
RR,6,18.95,11.108584066681624,,,1
RR,6,19.05,11.111832530370158,,,1
RR,6,19.15,11.109255699393705,,,1
RR,6,19.25,11.114042643555845,,,1
RR,6,19.35,11.111958250656118,,,1
RR,6,19.450000000000003,11.11307196573916,,,1
RR,6,19.55,11.111090040893751,,,1
RR,6,19.65,11.109178843925791,,,1
RR,6,19.75,11.10798420619509,,,1
RR,6,19.85,11.10747037382776,,,1
RR,6,19.950000000000003,11.111100900532216,,,1
RR,6,20.05,11.111100900532216,,,1
RR,6,20.15,11.115272912589331,,,1
RR,6,20.25,11.11309248987805,,,1
RR,6,20.35,11.114208746400177,,,1
RR,6,20.450000000000003,11.108267589989728,,,1
RR,6,20.55,11.108982284100648,,,1
RR,6,20.65,11.11214640973104,,,1
RR,6,20.75,11.110285361774936,,,1
RR,6,20.85,11.114836834797112,,,1
RR,6,20.950000000000003,11.10766481670156,,,1
RR,6,21.05,11.110692584856196,,,1
RR,6,21.15,11.110459474842258,,,1
RR,6,21.25,11.111848679459468,,,1
RR,6,21.35,11.111203225007898,,,1
RR,6,21.450000000000003,11.110815679609724,,,1
RR,6,21.55,11.113374309129028,,,1
RR,6,21.65,11.112783208736536,,,1
RR,6,21.75,11.107886927152071,,,1
RR,6,21.85,11.108390429852522,,,1
RR,6,21.950000000000003,11.107541670314587,,,1
RR,6,22.05,11.11420004255184,,,1
RR,6,22.15,11.10913210687408,,,1
RR,6,22.25,11.116639238649263,,,1
RR,6,22.35,11.111819845410873,,,1
RR,6,22.450000000000003,11.114161359996167,,,1
RR,6,22.55,11.109341966757777,,,1
RR,6,22.65,11.111230647891745,,,1
RR,6,22.75,11.112015549963996,,,1
RR,6,22.85,11.112867759743954,,,1
RR,6,22.950000000000003,11.107996344380132,,,1
RR,6,23.05,11.112658544658933,,,1
RR,6,23.15,11.111806334878972,,,1
RR,6,23.25,11.111438600521868,,,1
RR,6,23.35,11.11258003576254,,,1
RR,6,23.450000000000003,11.11258003576254,,,1
RR,6,23.55,11.1159305043495,,,1
RR,6,23.65,11.107000452172484,,,1
RR,6,23.75,11.110678410170204,,,1
RR,6,23.85,11.10755871365428,,,1
RR,6,23.950000000000003,11.11293993990121,,,1
RR,6,24.05,11.109854195479397,,,1
RR,6,24.15,11.112371467840518,,,1
RR,6,24.25,11.110116658251137,,,1
RR,6,24.35,11.109002943168091,,,1
RR,6,24.450000000000003,11.112781785593649,,,1
RR,6,24.55,11.11217781873935,,,1
RR,6,24.65,11.113656596985622,,,1
RR,6,24.75,11.107441865586315,,,1
RR,6,24.85,11.110918755855655,,,1
RR,6,24.950000000000003,11.109961479116526,,,1
RR,6,25.05,11.11369860426464,,,1
RR,6,25.15,11.108092837920216,,,1
RR,6,25.25,11.112037744482286,,,1
RR,6,25.35,11.107988463875756,,,1
RR,6,25.450000000000003,11.113452579135137,,,1
RR,6,25.55,11.110599566353637,,,1
RR,6,25.65,11.114907311679737,,,1
RR,6,25.75,11.112286766606358,,,1
RR,6,25.85,11.109606663690409,,,1
RR,6,25.950000000000003,11.109241600527175,,,1
RR,6,26.05,11.108796602307171,,,1
RR,6,26.15,11.111083623462116,,,1
RR,6,26.25,11.109507167605132,,,1
RR,6,26.35,11.11191757463017,,,1
RR,6,26.450000000000003,11.109222156840415,,,1
RR,6,26.55,11.11300164719976,,,1
RR,6,26.65,11.108559284832223,,,1
RR,6,26.75,11.114233848600136,,,1
RR,6,26.85,11.10761697228986,,,1
RR,6,26.950000000000003,11.113941109045196,,,1
RR,6,27.05,11.11178230761175,,,1
RR,6,27.15,11.1132430844263,,,1
RR,6,27.25,11.111226692997064,,,1
RR,6,27.35,11.10910511227799,,,1
RR,6,27.450000000000003,11.114329947382194,,,1
RR,6,27.55,11.108055622668097,,,1
RR,6,27.65,11.112336004820614,,,1
RR,6,27.75,11.108950519626726,,,1
RR,6,27.85,11.112869943562558,,,1
RR,6,27.950000000000003,11.108318470540375,,,1
RR,6,28.05,11.111897274633124,,,1
RR,6,28.15,11.112692474517456,,,1
RR,6,28.25,11.113565989541916,,,1
RR,6,28.35,11.10738899044039,,,1
RR,6,28.450000000000003,11.110487171807923,,,1
RR,6,28.55,11.107367475292005,,,1
RR,6,28.65,11.108898962672548,,,1
RR,6,28.75,11.107102017479376,,,1
RR,6,28.85,11.1102217139953,,,1
RR,6,28.950000000000003,11.112901816911252,,,1
RR,6,29.05,11.114258334360995,,,1
RR,6,29.15,11.112939821116532,,,1
RR,6,29.25,11.110008948337098,,,1
RR,6,29.35,11.112321193990075,,,1
RR,6,29.450000000000003,11.111455919673396,,,1
RR,6,29.55,11.113887112248165,,,1
RR,6,29.65,11.106399840609946,,,1
RR,6,29.75,11.108583628171091,,,1
RR,6,29.85,11.109335283863588,,,1
RR,6,29.950000000000003,11.112454980379509,,,1
RR,6,30.05,11.11185255622471,,,1
RR,6,30.15,11.109190173711845,,,1
RR,6,30.25,11.111340364541284,,,1
RR,6,30.35,11.112358627488565,,,1
RR,7,0.45,11.106425528214938,,,1
RR,7,0.55,11.110782637258596,,,1
RR,7,0.65,11.113293075396117,,,1
RR,7,0.75,11.111732453019911,,,1
RR,7,0.8500000000000001,11.110207772249948,,,1
RR,7,0.95,11.111213096446894,,,1
RR,7,1.05,11.11441466735102,,,1
RR,7,1.15,11.108406391435482,,,1
RR,7,1.25,11.111059246928322,,,1
RR,7,1.35,11.110134348667131,,,1
RR,7,1.4500000000000002,11.112875451504172,,,1
RR,7,1.55,11.108703439447057,,,1
RR,7,1.65,11.111169834810234,,,1
RR,7,1.75,11.111847927335958,,,1
RR,7,1.85,11.11230170137464,,,1
RR,7,1.95,11.108658162769949,,,1
RR,7,2.0500000000000003,11.110933952753545,,,1
RR,7,2.15,11.11157207249544,,,1
RR,7,2.25,11.113859093650383,,,1
RR,7,2.35,11.109407756813418,,,1
RR,7,2.45,11.108908076608747,,,1
RR,7,2.5500000000000003,11.11070502180192,,,1
RR,7,2.6500000000000004,11.111838230482295,,,1
RR,7,2.75,11.110118900745803,,,1
RR,7,2.85,11.112442536771455,,,1
RR,7,2.95,11.110692729250284,,,1
RR,7,3.0500000000000003,11.113339001975149,,,1
RR,7,3.1500000000000004,11.107392492576167,,,1
RR,7,3.25,11.110981650007654,,,1
RR,7,3.35,11.111958250656118,,,1
RR,7,3.45,11.115140696286025,,,1
RR,7,3.5500000000000003,11.115059773638365,,,1
RR,7,3.65,11.109525703297075,,,1
RR,7,3.75,11.108062587403666,,,1
RR,7,3.85,11.108143510051326,,,1
RR,7,3.95,11.11072207843016,,,1
RR,7,4.05,11.110129864854256,,,1
RR,7,4.15,11.113515350048145,,,1
RR,7,4.25,11.115494251362136,,,1
RR,7,4.3500000000000005,11.111047265783071,,,1
RR,7,4.45,11.107580857941528,,,1
RR,7,4.55,11.10606170137725,,,1
RR,7,4.65,11.110508686956312,,,1
RR,7,4.75,11.1159305043495,,,1
RR,7,4.8500000000000005,11.113242765812709,,,1
RR,7,4.95,11.115131446946672,,,1
RR,7,5.050000000000001,11.10979055220114,,,1
RR,7,5.15,11.11399744730221,,,1
RR,7,5.25,11.110269787169386,,,1
RR,7,5.3500000000000005,11.110269787169386,,,1
RR,7,5.45,11.109707907344244,,,1
RR,7,5.550000000000001,11.112060718710431,,,1
RR,7,5.65,11.113174433793477,,,1
RR,7,5.75,11.110628947918965,,,1
RR,7,5.8500000000000005,11.10852690641626,,,1
RR,7,5.95,11.107934692840354,,,1
RR,7,6.050000000000001,11.111578231445046,,,1
RR,7,6.15,11.113166440580423,,,1
RR,7,6.25,11.11080558916297,,,1
RR,7,6.3500000000000005,11.112195107677437,,,1
RR,7,6.45,11.10884463909047,,,1
RR,7,6.550000000000001,11.11449401765883,,,1
RR,7,6.65,11.107227541443043,,,1
RR,7,6.75,11.113373258108275,,,1
RR,7,6.8500000000000005,11.109673665063507,,,1
RR,7,6.95,11.114765860603818,,,1
RR,7,7.050000000000001,11.109282873988755,,,1
RR,7,7.15,11.107854960883762,,,1
RR,7,7.25,11.105871320086102,,,1
RR,7,7.35,11.110709249452334,,,1
RR,7,7.45,11.114698419280629,,,1
RR,7,7.550000000000001,11.113414886999792,,,1
RR,7,7.65,11.110804951420642,,,1
RR,7,7.75,11.108654760591207,,,1
RR,7,7.85,11.112170522925672,,,1
RR,7,7.95,11.110525412194765,,,1
RR,7,8.05,11.11358271478037,,,1
RR,7,8.15,11.1093758196793,,,1
RR,7,8.25,11.11282454442832,,,1
RR,7,8.35,11.110859135623286,,,1
RR,7,8.450000000000001,11.10909988858102,,,1
RR,7,8.55,11.111433977310345,,,1
RR,7,8.65,11.11034208352977,,,1
RR,7,8.75,11.112101330572036,,,1
RR,7,8.85,11.11148067515992,,,1
RR,7,8.950000000000001,11.110162161915454,,,1
RR,7,9.05,11.111452276413118,,,1
RR,7,9.15,11.10839497382751,,,1
RR,7,9.25,11.110918335381577,,,1
RR,7,9.35,11.110918335381577,,,1
RR,7,9.45,11.110918335381577,,,1
RR,7,9.55,11.109713487071977,,,1
RR,7,9.65,11.10927213211225,,,1
RR,7,9.75,11.112631805283243,,,1
RR,7,9.85,11.110635199513055,,,1
RR,7,9.95,11.115650596782674,,,1
RR,7,10.05,11.110107136050535,,,1
RR,7,10.15,11.112103741820723,,,1
RR,7,10.25,11.109626135569531,,,1
RR,7,10.35,11.109970944131817,,,1
RR,7,10.45,11.10898670185074,,,1
RR,7,10.55,11.110438080660607,,,1
RR,7,10.65,11.11167463550467,,,1
RR,7,10.75,11.114178034350024,,,1
RR,7,10.85,11.111425419365789,,,1
RR,7,10.95,11.110031237750396,,,1
RR,7,11.05,11.11100783839886,,,1
RR,7,11.15,11.110291749309193,,,1
RR,7,11.25,11.115648028250376,,,1
RR,7,11.35,11.110464532500844,,,1
RR,7,11.45,11.11178304574531,,,1
RR,7,11.55,11.106835163438936,,,1
RR,7,11.65,11.108204388731266,,,1
RR,7,11.75,11.10929628251184,,,1
RR,7,11.85,11.10956597840275,,,1
RR,7,11.95,11.113858159815589,,,1
RR,7,12.05,11.11007852749822,,,1
RR,7,12.15,11.112740910011084,,,1
RR,7,12.25,11.10836961780358,,,1
RR,7,12.35,11.112149250120948,,,1
RR,7,12.45,11.113600628930817,,,1
RR,7,12.55,11.11315927397109,,,1
RR,7,12.65,11.112067380190515,,,1
RR,7,12.75,11.107683922976872,,,1
RR,7,12.85,11.11238688566248,,,1
RR,7,12.95,11.108892825564649,,,1
RR,7,13.05,11.11236971583399,,,1
RR,7,13.15,11.10578864693678,,,1
RR,7,13.25,11.11207795511288,,,1
RR,7,13.35,11.107069577462994,,,1
RR,7,13.45,11.115401459029083,,,1
RR,7,13.55,11.111893137461465,,,1
RR,7,13.65,11.11369432073292,,,1
RR,7,13.75,11.11082655442621,,,1
RR,7,13.85,11.110412511754973,,,1
RR,7,13.95,11.10954723743829,,,1
RR,7,14.05,11.107197783234572,,,1
RR,7,14.15,11.110475090224602,,,1
RR,7,14.25,11.110819898786888,,,1
RR,7,14.35,11.113633753383354,,,1
RR,7,14.45,11.110770489064564,,,1
RR,7,14.55,11.111211844024291,,,1
RR,7,14.65,11.11074744363154,,,1
RR,7,14.75,11.111460517120896,,,1
RR,7,14.85,11.110497289742574,,,1
RR,7,14.95,11.108750259693656,,,1
RR,7,15.05,11.113117834815949,,,1
RR,7,15.15,11.112790947696608,,,1
RR,7,15.25,11.112790947696608,,,1
RR,7,15.35,11.111287356261066,,,1
RR,7,15.45,11.110855398281936,,,1
RR,7,15.55,11.111369230649268,,,1
RR,7,15.65,11.107521004681436,,,1
RR,7,15.75,11.11064070119736,,,1
RR,7,15.85,11.113804826827751,,,1
RR,7,15.95,11.110678410170204,,,1
RR,7,16.05,11.112733739639516,,,1
RR,7,16.150000000000002,11.108534280134656,,,1
RR,7,16.25,11.11132642582882,,,1
RR,7,16.35,11.109784928726834,,,1
RR,7,16.45,11.110306430233974,,,1
RR,7,16.55,11.11162494347844,,,1
RR,7,16.650000000000002,11.11478906910883,,,1
RR,7,16.75,11.113200859973452,,,1
RR,7,16.85,11.11569661718619,,,1
RR,7,16.95,11.111558914438756,,,1
RR,7,17.05,11.113739337150038,,,1
RR,7,17.150000000000002,11.105653083780766,,,1
RR,7,17.25,11.108908076608747,,,1
RR,7,17.35,11.108908076608747,,,1
RR,7,17.45,11.11337145660469,,,1
RR,7,17.55,11.110054707019282,,,1
RR,7,17.650000000000002,11.108940991936242,,,1
RR,7,17.75,11.110068108096833,,,1
RR,7,17.85,11.11280104004564,,,1
RR,7,17.95,11.112609468063424,,,1
RR,7,18.05,11.112087966556285,,,1
RR,7,18.15,11.11083381285375,,,1
RR,7,18.25,11.111087141593387,,,1
RR,7,18.35,11.11160864310053,,,1
RR,7,18.45,11.108882222008065,,,1
RR,7,18.55,11.108214850597186,,,1
RR,7,18.65,11.111010098675452,,,1
RR,7,18.75,11.110488056079385,,,1
RR,7,18.85,11.113670501709294,,,1
RR,7,18.95,11.108584066681624,,,1
RR,7,19.05,11.111832530370158,,,1
RR,7,19.15,11.109255699393705,,,1
RR,7,19.25,11.114042643555845,,,1
RR,7,19.35,11.111958250656118,,,1
RR,7,19.450000000000003,11.11307196573916,,,1
RR,7,19.55,11.111090040893751,,,1
RR,7,19.65,11.109178843925791,,,1
RR,7,19.75,11.10798420619509,,,1
RR,7,19.85,11.10747037382776,,,1
RR,7,19.950000000000003,11.111100900532216,,,1
RR,7,20.05,11.111100900532216,,,1
RR,7,20.15,11.110579399025076,,,1
RR,7,20.25,11.113163603719933,,,1
RR,7,20.35,11.114279860242055,,,1
RR,7,20.450000000000003,11.113032217395864,,,1
RR,7,20.55,11.108982284100648,,,1
RR,7,20.65,11.108008706983604,,,1
RR,7,20.75,11.11023162537562,,,1
RR,7,20.85,11.11064539565036,,,1
RR,7,20.950000000000003,11.112852170448994,,,1
RR,7,21.05,11.111795972255512,,,1
RR,7,21.15,11.111271474724148,,,1
RR,7,21.25,11.11120832905973,,,1
RR,7,21.35,11.110562874608162,,,1
RR,7,21.450000000000003,11.114604419474844,,,1
RR,7,21.55,11.109290342780907,,,1
RR,7,21.65,11.114216179384998,,,1
RR,7,21.75,11.109319897800532,,,1
RR,7,21.85,11.113907366849103,,,1
RR,7,21.950000000000003,11.107541670314587,,,1
RR,7,22.05,11.10877822515865,,,1
RR,7,22.15,11.108334780786846,,,1
RR,7,22.25,11.11042009516884,,,1
RR,7,22.35,11.11102251932364,,,1
RR,7,22.450000000000003,11.11272011739798,,,1
RR,7,22.55,11.113322541552778,,,1
RR,7,22.65,11.11096169013532,,,1
RR,7,22.75,11.112195107677437,,,1
RR,7,22.85,11.109212373447578,,,1
RR,7,22.950000000000003,11.112425434644992,,,1
RR,7,23.05,11.112658544658933,,,1
RR,7,23.15,11.11564127888879,,,1
RR,7,23.25,11.111438600521868,,,1
RR,7,23.35,11.107158218369348,,,1
RR,7,23.450000000000003,11.10715821836935,,,1
RR,7,23.55,11.11050868695631,,,1
RR,7,23.65,11.113166440580423,,,1
RR,7,23.75,11.111327461581563,,,1
RR,7,23.85,11.113823218794304,,,1
RR,7,23.950000000000003,11.113038456633292,,,1
RR,7,24.05,11.115469649208055,,,1
RR,7,24.15,11.11237146784052,,,1
RR,7,24.25,11.110116658251137,,,1
RR,7,24.35,11.109002943168091,,,1
RR,7,24.450000000000003,11.108017158187511,,,1
RR,7,24.55,11.11217781873935,,,1
RR,7,24.65,11.113656596985622,,,1
RR,7,24.75,11.112206492992453,,,1
RR,7,24.85,11.110918755855655,,,1
RR,7,24.950000000000003,11.109961479116526,,,1
RR,7,25.05,11.11369860426464,,,1
RR,7,25.15,11.108092837920216,,,1
RR,7,25.25,11.106965721759623,,,1
RR,7,25.35,11.107224186479192,,,1
RR,7,25.450000000000003,11.11268830173857,,,1
RR,7,25.55,11.114907311679731,,,1
RR,7,25.65,11.110599566353637,,,1
RR,7,25.75,11.115840656500389,,,1
RR,7,25.85,11.113160553584436,,,1
RR,7,25.950000000000003,11.117103235747305,,,1
RR,7,26.05,11.108796602307171,,,1
RR,7,26.15,11.111083623462116,,,1
RR,7,26.25,11.109507167605132,,,1
RR,7,26.35,11.111917574630173,,,1
RR,7,26.450000000000003,11.109222156840415,,,1
RR,7,26.55,11.11300164719976,,,1
RR,7,26.65,11.108559284832223,,,1
RR,7,26.75,11.1100961458527,,,1
RR,7,26.85,11.108392791555003,,,1
RR,7,26.950000000000003,11.114716928310338,,,1
RR,7,27.05,11.116695829624328,,,1
RR,7,27.15,11.1132430844263,,,1
RR,7,27.25,11.111226692997064,,,1
RR,7,27.35,11.10910511227799,,,1
RR,7,27.450000000000003,11.109174776746045,,,1
RR,7,27.55,11.109736656571188,,,1
RR,7,27.65,11.114017038723707,,,1
RR,7,27.75,11.115786724165966,,,1
RR,7,27.85,11.112869943562558,,,1
RR,7,27.950000000000003,11.10831847054038,,,1
RR,7,28.05,11.10796645702306,,,1
RR,7,28.15,11.114183474300583,,,1
RR,7,28.25,11.115056989325042,,,1
RR,7,28.35,11.112810807833576,,,1
RR,7,28.450000000000003,11.110487171807929,,,1
RR,7,28.55,11.107367475292005,,,1
RR,7,28.65,11.108898962672548,,,1
RR,7,28.75,11.107102017479376,,,1
RR,7,28.85,11.1102217139953,,,1
RR,7,28.950000000000003,11.112901816911252,,,1
RR,7,29.05,11.114258334360995,,,1
RR,7,29.15,11.112939821116532,,,1
RR,7,29.25,11.110008948337098,,,1
RR,7,29.35,11.112321193990075,,,1
RR,7,29.450000000000003,11.111455919673396,,,1
RR,7,29.55,11.11388711224816,,,1
RR,7,29.65,11.106399840609948,,,1
RR,7,29.75,11.108583628171091,,,1
RR,7,29.85,11.109335283863588,,,1
RR,7,29.950000000000003,11.112454980379509,,,1
RR,7,30.05,11.11185255622471,,,1
RR,7,30.15,11.109190173711848,,,1
RR,7,30.25,11.111340364541284,,,1
RR,7,30.35,11.112358627488566,,,1
RR,8,0.45,11.106425528214938,,,1
RR,8,0.55,11.110782637258596,,,1
RR,8,0.65,11.10866858409016,,,1
RR,8,0.75,11.111945891080188,,,1
RR,8,0.8500000000000001,11.11042121031022,,,1
RR,8,0.95,11.1114935561203,,,1
RR,8,1.05,11.109857197658192,,,1
RR,8,1.15,11.109178843925791,,,1
RR,8,1.25,11.111695655547203,,,1
RR,8,1.35,11.110770757286012,,,1
RR,8,1.4500000000000002,11.112674300922848,,,1
RR,8,1.55,11.113195802429985,,,1
RR,8,1.65,11.115662197793164,,,1
RR,8,1.75,11.111847927335958,,,1
RR,8,1.85,11.11230170137464,,,1
RR,8,1.95,11.108658162769949,,,1
RR,8,2.0500000000000003,11.110933952753545,,,1
RR,8,2.15,11.11157207249544,,,1
RR,8,2.25,11.107569785474285,,,1
RR,8,2.35,11.108359538784066,,,1
RR,8,2.45,11.107859858579396,,,1
RR,8,2.5500000000000003,11.111453748965742,,,1
RR,8,2.6500000000000004,11.111595400050788,,,1
RR,8,2.75,11.109876070314291,,,1
RR,8,2.85,11.111270251929689,,,1
RR,8,2.95,11.10989540316305,,,1
RR,8,3.0500000000000003,11.112541675887917,,,1
RR,8,3.1500000000000004,11.112016983882125,,,1
RR,8,3.25,11.110981650007654,,,1
RR,8,3.35,11.111958250656118,,,1
RR,8,3.45,11.10897470787808,,,1
RR,8,3.5500000000000003,11.10889378523042,,,1
RR,8,3.65,11.10791718458196,,,1
RR,8,3.75,11.112620057096493,,,1
RR,8,3.85,11.112700979744153,,,1
RR,8,3.95,11.11072207843016,,,1
RR,8,4.05,11.110129864854256,,,1
RR,8,4.15,11.113515350048145,,,1
RR,8,4.25,11.11093678166931,,,1
RR,8,4.3500000000000005,11.112207348977613,,,1
RR,8,4.45,11.108740941136064,,,1
RR,8,4.55,11.111779254264611,,,1
RR,8,4.65,11.110508686956312,,,1
RR,8,4.75,11.110508686956312,,,1
RR,8,4.8500000000000005,11.11185255622471,,,1
RR,8,4.95,11.113741237358674,,,1
RR,8,5.050000000000001,11.113822160006334,,,1
RR,8,5.15,11.109439977609384,,,1
RR,8,5.25,11.11122925447314,,,1
RR,8,5.3500000000000005,11.11122925447314,,,1
RR,8,5.45,11.115224844340824,,,1
RR,8,5.550000000000001,11.107436227404476,,,1
RR,8,5.65,11.10854994248752,,,1
RR,8,5.75,11.110769084019145,,,1
RR,8,5.8500000000000005,11.113291533822396,,,1
RR,8,5.95,11.112699320246492,,,1
RR,8,6.050000000000001,11.111578231445046,,,1
RR,8,6.15,11.113166440580423,,,1
RR,8,6.25,11.11080558916297,,,1
RR,8,6.3500000000000005,11.107766017412578,,,1
RR,8,6.45,11.108723294151709,,,1
RR,8,6.550000000000001,11.1106730796753,,,1
RR,8,6.65,11.112749215736956,,,1
RR,8,6.75,11.110394314958688,,,1
RR,8,6.8500000000000005,11.114093908003454,,,1
RR,8,6.95,11.10855502864382,,,1
RR,8,7.050000000000001,11.113312325853949,,,1
RR,8,7.15,11.108184819704183,,,1
RR,8,7.25,11.111918731793892,,,1
RR,8,7.35,11.110709249452334,,,1
RR,8,7.45,11.109860489914398,,,1
RR,8,7.550000000000001,11.113069320616493,,,1
RR,8,7.65,11.11045938503734,,,1
RR,8,7.75,11.113147123574132,,,1
RR,8,7.85,11.112170522925672,,,1
RR,8,7.95,11.110525412194765,,,1
RR,8,8.05,11.109651897170304,,,1
RR,8,8.15,11.110282931435464,,,1
RR,8,8.25,11.113731656184486,,,1
RR,8,8.35,11.11078354297694,,,1
RR,8,8.450000000000001,11.109903919455803,,,1
RR,8,8.55,11.10672107118855,,,1
RR,8,8.65,11.110542699420554,,,1
RR,8,8.75,11.110616001380649,,,1
RR,8,8.85,11.11158146535505,,,1
RR,8,8.950000000000001,11.116196261710678,,,1
RR,8,9.05,11.11345476840315,,,1
RR,8,9.15,11.114328283427604,,,1
RR,8,9.25,11.110918335381577,,,1
RR,8,9.35,11.110918335381577,,,1
RR,8,9.45,11.110918335381577,,,1
RR,8,9.55,11.109713487071977,,,1
RR,8,9.65,11.10927213211225,,,1
RR,8,9.75,11.112631805283243,,,1
RR,8,9.85,11.110635199513055,,,1
RR,8,9.95,11.110885969376538,,,1
RR,8,10.05,11.111893871327837,,,1
RR,8,10.15,11.113890477098025,,,1
RR,8,10.25,11.116177498252968,,,1
RR,8,10.35,11.109970944131817,,,1
RR,8,10.45,11.10898670185074,,,1
RR,8,10.55,11.110438080660607,,,1
RR,8,10.65,11.11167463550467,,,1
RR,8,10.75,11.114178034350024,,,1
RR,8,10.85,11.111425419365789,,,1
RR,8,10.95,11.110031237750396,,,1
RR,8,11.05,11.11100783839886,,,1
RR,8,11.15,11.110291749309193,,,1
RR,8,11.25,11.109600616542588,,,1
RR,8,11.35,11.112480336403442,,,1
RR,8,11.45,11.113798849647909,,,1
RR,8,11.55,11.114898379049322,,,1
RR,8,11.65,11.108204388731266,,,1
RR,8,11.75,11.10929628251184,,,1
RR,8,11.85,11.109565978402754,,,1
RR,8,11.95,11.113858159815589,,,1
RR,8,12.05,11.11007852749822,,,1
RR,8,12.15,11.112740910011082,,,1
RR,8,12.25,11.10836961780358,,,1
RR,8,12.35,11.112149250120948,,,1
RR,8,12.45,11.109407756813418,,,1
RR,8,12.55,11.11448333885027,,,1
RR,8,12.65,11.113391445069697,,,1
RR,8,12.75,11.113200859973452,,,1
RR,8,12.85,11.107231715026332,,,1
RR,8,12.95,11.10897874507525,,,1
RR,8,13.05,11.112455635344594,,,1
RR,8,13.15,11.111029737083532,,,1
RR,8,13.25,11.11207795511288,,,1
RR,8,13.35,11.107069577462994,,,1
RR,8,13.45,11.10946814942899,,,1
RR,8,13.55,11.10595982786137,,,1
RR,8,13.65,11.11369432073292,,,1
RR,8,13.75,11.111518773879553,,,1
RR,8,13.85,11.116176753930976,,,1
RR,8,13.95,11.1093781700142,,,1
RR,8,14.05,11.112269805957236,,,1
RR,8,14.15,11.110475090224602,,,1
RR,8,14.25,11.110819898786888,,,1
RR,8,14.35,11.109653178588353,,,1
RR,8,14.45,11.106789914269564,,,1
RR,8,14.55,11.11142414134669,,,1
RR,8,14.65,11.10969922560219,,,1
RR,8,14.75,11.110412299091545,,,1
RR,8,14.85,11.10950573214724,,,1
RR,8,14.95,11.112999792245075,,,1
RR,8,15.05,11.110816004683931,,,1
RR,8,15.15,11.111077514379405,,,1
RR,8,15.25,11.1110775143794,,,1
RR,8,15.35,11.110970114991147,,,1
RR,8,15.45,11.11131568137445,,,1
RR,8,15.55,11.11182951374178,,,1
RR,8,15.65,11.113136458410096,,,1
RR,8,15.75,11.11064070119736,,,1
RR,8,15.85,11.10828788983117,,,1
RR,8,15.95,11.10978596447958,,,1
RR,8,16.05,11.111841293948894,,,1
RR,8,16.150000000000002,11.113158771440617,,,1
RR,8,16.25,11.11132642582882,,,1
RR,8,16.35,11.109784928726834,,,1
RR,8,16.45,11.110306430233974,,,1
RR,8,16.55,11.11162494347844,,,1
RR,8,16.650000000000002,11.10927213211225,,,1
RR,8,16.75,11.112448550383007,,,1
RR,8,16.85,11.109328853867083,,,1
RR,8,16.95,11.110708088116231,,,1
RR,8,17.05,11.108123883421378,,,1
RR,8,17.150000000000002,11.111942391956868,,,1
RR,8,17.25,11.11519738478485,,,1
RR,8,17.35,11.109867462601713,,,1
RR,8,17.45,11.113113557144215,,,1
RR,8,17.55,11.109796807558808,,,1
RR,8,17.650000000000002,11.114013014658902,,,1
RR,8,17.75,11.110068108096833,,,1
RR,8,17.85,11.108820465250638,,,1
RR,8,17.95,11.108628893268424,,,1
RR,8,18.05,11.112800905325535,,,1
RR,8,18.15,11.111219581091907,,,1
RR,8,18.25,11.111472909831548,,,1
RR,8,18.35,11.107300897774431,,,1
RR,8,18.45,11.112862796803062,,,1
RR,8,18.55,11.112195425392189,,,1
RR,8,18.65,11.110797801353051,,,1
RR,8,18.75,11.111450354598134,,,1
RR,8,18.85,11.114632800228042,,,1
RR,8,18.95,11.113739237317771,,,1
RR,8,19.05,11.111832530370158,,,1
RR,8,19.15,11.109255699393705,,,1
RR,8,19.25,11.109550280572911,,,1
RR,8,19.35,11.11253791039585,,,1
RR,8,19.450000000000003,11.10832170329576,,,1
RR,8,19.55,11.110832141433278,,,1
RR,8,19.65,11.108406391435482,,,1
RR,8,19.75,11.112541675887917,,,1
RR,8,19.85,11.112027843520586,,,1
RR,8,19.950000000000003,11.111100900532216,,,1
RR,8,20.05,11.111100900532216,,,1
RR,8,20.15,11.110579399025076,,,1
RR,8,20.25,11.113163603719933,,,1
RR,8,20.35,11.109655368936105,,,1
RR,8,20.450000000000003,11.112388300884907,,,1
RR,8,20.55,11.10833836758969,,,1
RR,8,20.65,11.111989281778603,,,1
RR,8,20.75,11.11023162537562,,,1
RR,8,20.85,11.11064539565036,,,1
RR,8,20.950000000000003,11.112852170448994,,,1
RR,8,21.05,11.111795972255514,,,1
RR,8,21.15,11.111271474724148,,,1
RR,8,21.25,11.11120832905973,,,1
RR,8,21.35,11.110562874608158,,,1
RR,8,21.450000000000003,11.110673601864782,,,1
RR,8,21.55,11.10944349151896,,,1
RR,8,21.65,11.114369328123052,,,1
RR,8,21.75,11.113403864148651,,,1
RR,8,21.85,11.113907366849103,,,1
RR,8,21.950000000000003,11.107541670314587,,,1
RR,8,22.05,11.10877822515865,,,1
RR,8,22.15,11.108334780786846,,,1
RR,8,22.25,11.11042009516884,,,1
RR,8,22.35,11.11102251932364,,,1
RR,8,22.450000000000003,11.11272011739798,,,1
RR,8,22.55,11.113322541552778,,,1
RR,8,22.65,11.11096169013532,,,1
RR,8,22.75,11.107766017412574,,,1
RR,8,22.85,11.108618227192537,,,1
RR,8,22.950000000000003,11.11183128838995,,,1
RR,8,23.05,11.110976551672168,,,1
RR,8,23.15,11.110124341892211,,,1
RR,8,23.25,11.110229408851382,,,1
RR,8,23.35,11.111465963695444,,,1
RR,8,23.450000000000003,11.111465963695444,,,1
RR,8,23.55,11.110508686956312,,,1
RR,8,23.65,11.113166440580423,,,1
RR,8,23.75,11.111327461581563,,,1
RR,8,23.85,11.113823218794304,,,1
RR,8,23.950000000000003,11.113038456633292,,,1
RR,8,24.05,11.11013972702492,,,1
RR,8,24.15,11.112463363050573,,,1
RR,8,24.25,11.110208553461192,,,1
RR,8,24.35,11.114424760561285,,,1
RR,8,24.450000000000003,11.108017158187511,,,1
RR,8,24.55,11.11217781873935,,,1
RR,8,24.65,11.109348851659528,,,1
RR,8,24.75,11.11245621735918,,,1
RR,8,24.85,11.111168480222387,,,1
RR,8,24.950000000000003,11.11451894880935,,,1
RR,8,25.05,11.10740929608854,,,1
RR,8,25.15,11.108494283122946,,,1
RR,8,25.25,11.107367166962357,,,1
RR,8,25.35,11.113914939858022,,,1
RR,8,25.450000000000003,11.11268830173857,,,1
RR,8,25.55,11.109993789667152,,,1
RR,8,25.65,11.109993789667152,,,1
RR,8,25.75,11.10737324459378,,,1
RR,8,25.85,11.116753604799612,,,1
RR,8,25.950000000000003,11.111058619453246,,,1
RR,8,26.05,11.116546930833332,,,1
RR,8,26.15,11.111687010879075,,,1
RR,8,26.25,11.115440477205226,,,1
RR,8,26.35,11.111917574630173,,,1
RR,8,26.450000000000003,11.109222156840415,,,1
RR,8,26.55,11.10880877508236,,,1
RR,8,26.65,11.10867415804092,,,1
RR,8,26.75,11.110211019061396,,,1
RR,8,26.85,11.112700536881102,,,1
RR,8,26.950000000000003,11.114716928310338,,,1
RR,8,27.05,11.109859625085088,,,1
RR,8,27.15,11.11065641243848,,,1
RR,8,27.25,11.108640021009244,,,1
RR,8,27.35,11.113354644829409,,,1
RR,8,27.450000000000003,11.109174776746045,,,1
RR,8,27.55,11.109736656571188,,,1
RR,8,27.65,11.108500101727126,,,1
RR,8,27.75,11.110269787169386,,,1
RR,8,27.85,11.111545878683378,,,1
RR,8,27.950000000000003,11.11251134265778,,,1
RR,8,28.05,11.11215932914046,,,1
RR,8,28.15,11.108761656907395,,,1
RR,8,28.25,11.109635171931853,,,1
RR,8,28.35,11.11300444416905,,,1
RR,8,28.450000000000003,11.11161026255366,,,1
RR,8,28.55,11.114106019766396,,,1
RR,8,28.65,11.110022053418282,,,1
RR,8,28.75,11.112717471208038,,,1
RR,8,28.85,11.1102217139953,,,1
RR,8,28.950000000000003,11.112901816911252,,,1
RR,8,29.05,11.108092345953056,,,1
RR,8,29.15,11.112707142308686,,,1
RR,8,29.25,11.109776269529254,,,1
RR,8,29.35,11.111703140906734,,,1
RR,8,29.450000000000003,11.111455919673398,,,1
RR,8,29.55,11.11388711224816,,,1
RR,8,29.65,11.112951203293385,,,1
RR,8,29.75,11.108583628171091,,,1
RR,8,29.85,11.109335283863588,,,1
RR,8,29.950000000000003,11.112454980379509,,,1
RR,8,30.05,11.11185255622471,,,1
RR,8,30.15,11.109190173711848,,,1
RR,8,30.25,11.111340364541284,,,1
RR,8,30.35,11.112358627488566,,,1
RR,9,0.45,11.106425528214938,,,1
RR,9,0.55,11.110782637258596,,,1
RR,9,0.65,11.113293075396117,,,1
RR,9,0.75,11.111732453019911,,,1
RR,9,0.8500000000000001,11.110207772249948,,,1
RR,9,0.95,11.111213096446894,,,1
RR,9,1.05,11.10979017604506,,,1
RR,9,1.15,11.109111822312665,,,1
RR,9,1.25,11.107071164241248,,,1
RR,9,1.35,11.114470350330777,,,1
RR,9,1.4500000000000002,11.111881530984684,,,1
RR,9,1.55,11.11240303249182,,,1
RR,9,1.65,11.111169834810234,,,1
RR,9,1.75,11.111847927335958,,,1
RR,9,1.85,11.11230170137464,,,1
RR,9,1.95,11.108658162769949,,,1
RR,9,2.0500000000000003,11.110933952753545,,,1
RR,9,2.15,11.11157207249544,,,1
RR,9,2.25,11.113859093650383,,,1
RR,9,2.35,11.109407756813418,,,1
RR,9,2.45,11.108908076608747,,,1
RR,9,2.5500000000000003,11.11070502180192,,,1
RR,9,2.6500000000000004,11.111838230482295,,,1
RR,9,2.75,11.110118900745803,,,1
RR,9,2.85,11.107020719378264,,,1
RR,9,2.95,11.10989540316305,,,1
RR,9,3.0500000000000003,11.112541675887917,,,1
RR,9,3.1500000000000004,11.112016983882125,,,1
RR,9,3.25,11.110981650007654,,,1
RR,9,3.35,11.111958250656118,,,1
RR,9,3.45,11.10897470787808,,,1
RR,9,3.5500000000000003,11.114315602623613,,,1
RR,9,3.65,11.108781532282324,,,1
RR,9,3.75,11.113484404796855,,,1
RR,9,3.85,11.108143510051326,,,1
RR,9,3.95,11.11072207843016,,,1
RR,9,4.05,11.110129864854258,,,1
RR,9,4.15,11.113515350048145,,,1
RR,9,4.25,11.11093678166931,,,1
RR,9,4.3500000000000005,11.112207348977613,,,1
RR,9,4.45,11.108740941136064,,,1
RR,9,4.55,11.111779254264611,,,1
RR,9,4.65,11.110508686956312,,,1
RR,9,4.75,11.11050868695631,,,1
RR,9,4.8500000000000005,11.11185255622471,,,1
RR,9,4.95,11.113741237358672,,,1
RR,9,5.050000000000001,11.113822160006334,,,1
RR,9,5.15,11.109439977609386,,,1
RR,9,5.25,11.11122925447314,,,1
RR,9,5.3500000000000005,11.11122925447314,,,1
RR,9,5.45,11.115224844340824,,,1
RR,9,5.550000000000001,11.112060718710431,,,1
RR,9,5.65,11.10784451161034,,,1
RR,9,5.75,11.110063653141966,,,1
RR,9,5.8500000000000005,11.10796161163926,,,1
RR,9,5.95,11.112699320246492,,,1
RR,9,6.050000000000001,11.111578231445046,,,1
RR,9,6.15,11.113166440580423,,,1
RR,9,6.25,11.11080558916297,,,1
RR,9,6.3500000000000005,11.112195107677437,,,1
RR,9,6.45,11.10884463909047,,,1
RR,9,6.550000000000001,11.110794424614063,,,1
RR,9,6.65,11.108441470410858,,,1
RR,9,6.75,11.114587187076088,,,1
RR,9,6.8500000000000005,11.114587187076088,,,1
RR,9,6.95,11.109048307716456,,,1
RR,9,7.050000000000001,11.109612732809182,,,1
RR,9,7.15,11.108184819704183,,,1
RR,9,7.25,11.111918731793892,,,1
RR,9,7.35,11.110709249452333,,,1
RR,9,7.45,11.109860489914398,,,1
RR,9,7.550000000000001,11.11306932061649,,,1
RR,9,7.65,11.11045938503734,,,1
RR,9,7.75,11.113147123574135,,,1
RR,9,7.85,11.112170522925672,,,1
RR,9,7.95,11.110525412194766,,,1
RR,9,8.05,11.109651897170304,,,1
RR,9,8.15,11.110282931435464,,,1
RR,9,8.25,11.113731656184486,,,1
RR,9,8.35,11.110783542976938,,,1
RR,9,8.450000000000001,11.109903919455803,,,1
RR,9,8.55,11.112238008185129,,,1
RR,9,8.65,11.116059636417134,,,1
RR,9,8.75,11.112101330572036,,,1
RR,9,8.85,11.107549857549856,,,1
RR,9,8.950000000000001,11.112164653905486,,,1
RR,9,9.05,11.11345476840315,,,1
RR,9,9.15,11.114328283427604,,,1
RR,9,9.25,11.110918335381577,,,1
RR,9,9.35,11.110918335381577,,,1
RR,9,9.45,11.110918335381577,,,1
RR,9,9.55,11.109713487071977,,,1
RR,9,9.65,11.10927213211225,,,1
RR,9,9.75,11.112631805283243,,,1
RR,9,9.85,11.110635199513055,,,1
RR,9,9.95,11.115650596782674,,,1
RR,9,10.05,11.110107136050535,,,1
RR,9,10.15,11.112103741820723,,,1
RR,9,10.25,11.109626135569531,,,1
RR,9,10.35,11.109970944131817,,,1
RR,9,10.45,11.10898670185074,,,1
RR,9,10.55,11.110438080660607,,,1
RR,9,10.65,11.11167463550467,,,1
RR,9,10.75,11.114178034350024,,,1
RR,9,10.85,11.111425419365789,,,1
RR,9,10.95,11.110031237750396,,,1
RR,9,11.05,11.11100783839886,,,1
RR,9,11.15,11.110291749309193,,,1
RR,9,11.25,11.109600616542588,,,1
RR,9,11.35,11.112480336403442,,,1
RR,9,11.45,11.113798849647909,,,1
RR,9,11.55,11.114898379049322,,,1
RR,9,11.65,11.108204388731266,,,1
RR,9,11.75,11.10929628251184,,,1
RR,9,11.85,11.109565978402754,,,1
RR,9,11.95,11.113858159815589,,,1
RR,9,12.05,11.11007852749822,,,1
RR,9,12.15,11.112740910011082,,,1
RR,9,12.25,11.10836961780358,,,1
RR,9,12.35,11.112149250120948,,,1
RR,9,12.45,11.109407756813418,,,1
RR,9,12.55,11.11448333885027,,,1
RR,9,12.65,11.113391445069697,,,1
RR,9,12.75,11.113200859973452,,,1
RR,9,12.85,11.11238688566248,,,1
RR,9,12.95,11.108892825564649,,,1
RR,9,13.05,11.112369715833992,,,1
RR,9,13.15,11.10578864693678,,,1
RR,9,13.25,11.11207795511288,,,1
RR,9,13.35,11.107069577462994,,,1
RR,9,13.45,11.10946814942899,,,1
RR,9,13.55,11.112377489265551,,,1
RR,9,13.65,11.114178672537008,,,1
RR,9,13.75,11.112003125683644,,,1
RR,9,13.85,11.110243444330882,,,1
RR,9,13.95,11.1093781700142,,,1
RR,9,14.05,11.112269805957236,,,1
RR,9,14.15,11.110475090224602,,,1
RR,9,14.25,11.110819898786888,,,1
RR,9,14.35,11.109653178588353,,,1
RR,9,14.45,11.113207575673748,,,1
RR,9,14.55,11.113648930633474,,,1
RR,9,14.65,11.117165105035724,,,1
RR,9,14.75,11.111460517120896,,,1
RR,9,14.85,11.110497289742574,,,1
RR,9,14.95,11.108750259693656,,,1
RR,9,15.05,11.106566472132508,,,1
RR,9,15.15,11.111077514379405,,,1
RR,9,15.25,11.1110775143794,,,1
RR,9,15.35,11.110970114991147,,,1
RR,9,15.45,11.11131568137445,,,1
RR,9,15.55,11.11182951374178,,,1
RR,9,15.65,11.113136458410096,,,1
RR,9,15.75,11.11064070119736,,,1
RR,9,15.85,11.10828788983117,,,1
RR,9,15.95,11.10978596447958,,,1
RR,9,16.05,11.111841293948894,,,1
RR,9,16.150000000000002,11.113158771440617,,,1
RR,9,16.25,11.11132642582882,,,1
RR,9,16.35,11.109784928726834,,,1
RR,9,16.45,11.110306430233974,,,1
RR,9,16.55,11.11162494347844,,,1
RR,9,16.650000000000002,11.11478906910883,,,1
RR,9,16.75,11.113200859973452,,,1
RR,9,16.85,11.11008116345753,,,1
RR,9,16.95,11.11008116345753,,,1
RR,9,17.05,11.106931663985677,,,1
RR,9,17.150000000000002,11.110750172521165,,,1
RR,9,17.25,11.109867462601713,,,1
RR,9,17.35,11.115197384784848,,,1
RR,9,17.45,11.11337145660469,,,1
RR,9,17.55,11.110054707019282,,,1
RR,9,17.650000000000002,11.108940991936242,,,1
RR,9,17.75,11.110068108096833,,,1
RR,9,17.85,11.108820465250638,,,1
RR,9,17.95,11.115046554672608,,,1
RR,9,18.05,11.11452505316547,,,1
RR,9,18.15,11.11294372893184,,,1
RR,9,18.25,11.110917099014728,,,1
RR,9,18.35,11.111438600521868,,,1
RR,9,18.45,11.113019924755497,,,1
RR,9,18.55,11.108214850597186,,,1
RR,9,18.65,11.111010098675452,,,1
RR,9,18.75,11.110488056079388,,,1
RR,9,18.85,11.113670501709294,,,1
RR,9,18.95,11.108584066681628,,,1
RR,9,19.05,11.111832530370158,,,1
RR,9,19.15,11.109255699393705,,,1
RR,9,19.25,11.109550280572911,,,1
RR,9,19.35,11.11253791039585,,,1
RR,9,19.450000000000003,11.113651625478894,,,1
RR,9,19.55,11.11153757231046,,,1
RR,9,19.65,11.109111822312665,,,1
RR,9,19.75,11.10791718458196,,,1
RR,9,19.85,11.112027843520588,,,1
RR,9,19.950000000000003,11.111100900532216,,,1
RR,9,20.05,11.111100900532216,,,1
RR,9,20.15,11.110579399025076,,,1
RR,9,20.25,11.113163603719933,,,1
RR,9,20.35,11.11427986024206,,,1
RR,9,20.450000000000003,11.113032217395864,,,1
RR,9,20.55,11.108982284100648,,,1
RR,9,20.65,11.108008706983604,,,1
RR,9,20.75,11.11023162537562,,,1
RR,9,20.85,11.11064539565036,,,1
RR,9,20.950000000000003,11.112852170448994,,,1
RR,9,21.05,11.111795972255514,,,1
RR,9,21.15,11.111271474724148,,,1
RR,9,21.25,11.11120832905973,,,1
RR,9,21.35,11.110562874608158,,,1
RR,9,21.450000000000003,11.110673601864782,,,1
RR,9,21.55,11.10944349151896,,,1
RR,9,21.65,11.114369328123052,,,1
RR,9,21.75,11.113403864148651,,,1
RR,9,21.85,11.113907366849103,,,1
RR,9,21.950000000000003,11.107541670314587,,,1
RR,9,22.05,11.10877822515865,,,1
RR,9,22.15,11.108334780786846,,,1
RR,9,22.25,11.11042009516884,,,1
RR,9,22.35,11.11102251932364,,,1
RR,9,22.450000000000003,11.11272011739798,,,1
RR,9,22.55,11.113322541552778,,,1
RR,9,22.65,11.11096169013532,,,1
RR,9,22.75,11.112195107677437,,,1
RR,9,22.85,11.109212373447578,,,1
RR,9,22.950000000000003,11.112425434644992,,,1
RR,9,23.05,11.107141607662353,,,1
RR,9,23.15,11.110124341892211,,,1
RR,9,23.25,11.110229408851382,,,1
RR,9,23.35,11.111465963695444,,,1
RR,9,23.450000000000003,11.111465963695444,,,1
RR,9,23.55,11.110508686956312,,,1
RR,9,23.65,11.113166440580423,,,1
RR,9,23.75,11.111327461581563,,,1
RR,9,23.85,11.113823218794304,,,1
RR,9,23.950000000000003,11.113038456633292,,,1
RR,9,24.05,11.115469649208055,,,1
RR,9,24.15,11.112371467840518,,,1
RR,9,24.25,11.110116658251137,,,1
RR,9,24.35,11.109002943168091,,,1
RR,9,24.450000000000003,11.108017158187511,,,1
RR,9,24.55,11.11217781873935,,,1
RR,9,24.65,11.109348851659528,,,1
RR,9,24.75,11.11245621735918,,,1
RR,9,24.85,11.11116848022239,,,1
RR,9,24.950000000000003,11.11451894880935,,,1
RR,9,25.05,11.11369860426464,,,1
RR,9,25.15,11.108092837920216,,,1
RR,9,25.25,11.106965721759623,,,1
RR,9,25.35,11.107224186479192,,,1
RR,9,25.450000000000003,11.11268830173857,,,1
RR,9,25.55,11.114907311679731,,,1
RR,9,25.65,11.110599566353637,,,1
RR,9,25.75,11.107979021280263,,,1
RR,9,25.85,11.112445859473516,,,1
RR,9,25.950000000000003,11.116388541636384,,,1
RR,9,26.05,11.115943543416376,,,1
RR,9,26.15,11.111083623462116,,,1
RR,9,26.25,11.109507167605132,,,1
RR,9,26.35,11.11191757463017,,,1
RR,9,26.450000000000003,11.109222156840415,,,1
RR,9,26.55,11.10880877508236,,,1
RR,9,26.65,11.10867415804092,,,1
RR,9,26.75,11.110211019061396,,,1
RR,9,26.85,11.112700536881102,,,1
RR,9,26.950000000000003,11.114716928310338,,,1
RR,9,27.05,11.109859625085088,,,1
RR,9,27.15,11.11065641243848,,,1
RR,9,27.25,11.108640021009244,,,1
RR,9,27.35,11.113354644829409,,,1
RR,9,27.450000000000003,11.109174776746045,,,1
RR,9,27.55,11.109736656571188,,,1
RR,9,27.65,11.108500101727126,,,1
RR,9,27.75,11.114963300733642,,,1
RR,9,27.85,11.112046520130232,,,1
RR,9,27.950000000000003,11.113011984104636,,,1
RR,9,28.05,11.10796645702306,,,1
RR,9,28.15,11.108761656907395,,,1
RR,9,28.25,11.109635171931854,,,1
RR,9,28.35,11.11300444416905,,,1
RR,9,28.450000000000003,11.11161026255366,,,1
RR,9,28.55,11.114106019766396,,,1
RR,9,28.65,11.11002205341828,,,1
RR,9,28.75,11.112717471208038,,,1
RR,9,28.85,11.1102217139953,,,1
RR,9,28.950000000000003,11.112901816911252,,,1
RR,9,29.05,11.114258334360995,,,1
RR,9,29.15,11.112939821116532,,,1
RR,9,29.25,11.110008948337098,,,1
RR,9,29.35,11.10576983130664,,,1
RR,9,29.450000000000003,11.111455919673396,,,1
RR,9,29.55,11.113887112248165,,,1
RR,9,29.65,11.112951203293385,,,1
RR,9,29.75,11.108583628171091,,,1
RR,9,29.85,11.109335283863585,,,1
RR,9,29.950000000000003,11.112454980379509,,,1
RR,9,30.05,11.11185255622471,,,1
RR,9,30.15,11.109190173711848,,,1
RR,9,30.25,11.111340364541284,,,1
RR,9,30.35,11.112358627488568,,,1
