scheduler,time_s,mean,CI95_low,CI95_high,n
RR,0.45,8.999996906682725,,,1
RR,0.55,8.999997083392143,,,1
RR,0.65,8.999997711247511,,,1
RR,0.75,8.999997419768127,,,1
RR,0.8500000000000001,8.99999703846744,,,1
RR,0.95,8.999996490955816,,,1
RR,1.05,8.999997292919756,,,1
RR,1.15,8.999997915002588,,,1
RR,1.25,8.99999844862218,,,1
RR,1.35,8.99999861491905,,,1
RR,1.4500000000000002,8.99999813874208,,,1
RR,1.55,8.99999861456991,,,1
RR,1.65,8.999997062466498,,,1
RR,1.75,8.999996821540899,,,1
RR,1.85,8.999996461279268,,,1
RR,1.95,8.999997205720641,,,1
RR,2.0500000000000003,8.99999783499545,,,1
RR,2.15,8.999997282663353,,,1
RR,2.25,8.999997531567978,,,1
RR,2.35,8.999996898015866,,,1
RR,2.45,8.999997196995396,,,1
RR,2.5500000000000003,8.999996961600575,,,1
RR,2.6500000000000004,8.999997321434504,,,1
RR,2.75,8.999996962628346,,,1
RR,2.85,8.9999974174638,,,1
RR,2.95,8.999997930688139,,,1
RR,3.0500000000000003,8.999997893661074,,,1
RR,3.1500000000000004,8.999997556196432,,,1
RR,3.25,8.999997542304401,,,1
RR,3.35,8.999997461960659,,,1
RR,3.45,8.999996586638675,,,1
RR,3.5500000000000003,8.999996427510794,,,1
RR,3.65,8.999996507854538,,,1
RR,3.75,8.999997741982675,,,1
RR,3.85,8.999997901110557,,,1
RR,3.95,8.999998540753408,,,1
RR,4.05,8.999999154367602,,,1
RR,4.15,8.999998195103766,,,1
RR,4.25,8.999997555460917,,,1
RR,4.3500000000000005,8.99999631976389,,,1
RR,4.45,8.999997119899843,,,1
RR,4.55,8.999998129347262,,,1
RR,4.65,8.999999365044289,,,1
RR,4.75,8.99999936504429,,,1
RR,4.8500000000000005,8.99999857510683,,,1
RR,4.95,8.999997599946694,,,1
RR,5.050000000000001,8.999997759074576,,,1
RR,5.15,8.999997539564617,,,1
RR,5.25,8.999997035507024,,,1
RR,5.3500000000000005,8.999997035507024,,,1
RR,5.45,8.99999734351249,,,1
RR,5.550000000000001,8.999998360794422,,,1
RR,5.65,8.99999822300805,,,1
RR,5.75,8.999997821149039,,,1
RR,5.8500000000000005,8.99999717978387,,,1
RR,5.95,8.999997793398068,,,1
RR,6.050000000000001,8.999997048956697,,,1
RR,6.15,8.999998152257662,,,1
RR,6.25,8.999997177097526,,,1
RR,6.3500000000000005,8.999998283323473,,,1
RR,6.45,8.99999758188152,,,1
RR,6.550000000000001,8.999998261402729,,,1
RR,6.65,8.99999809032539,,,1
RR,6.75,8.999997937371006,,,1
RR,6.8500000000000005,8.999997937371006,,,1
RR,6.95,8.999997614267706,,,1
RR,7.050000000000001,8.999996493821175,,,1
RR,7.15,8.99999531024237,,,1
RR,7.25,8.9999956563139,,,1
RR,7.35,8.999996367257033,,,1
RR,7.45,8.999996582575026,,,1
RR,7.550000000000001,8.999996382409362,,,1
RR,7.65,8.99999727650453,,,1
RR,7.75,8.999998540404269,,,1
RR,7.85,8.999998620748011,,,1
RR,7.95,8.999998215407095,,,1
RR,8.05,8.999997631347044,,,1
RR,8.15,8.999997376894726,,,1
RR,8.25,8.999997362102752,,,1
RR,8.35,8.999997033569073,,,1
RR,8.450000000000001,8.999997061771785,,,1
RR,8.55,8.999996372491513,,,1
RR,8.65,8.999997285085243,,,1
RR,8.75,8.99999773084481,,,1
RR,8.85,8.999998626002489,,,1
RR,8.950000000000001,8.999997295285725,,,1
RR,9.05,8.999997230826848,,,1
RR,9.15,8.999997814886898,,,1
RR,9.25,8.999998510647954,,,1
RR,9.35,8.999998510647954,,,1
RR,9.45,8.999998510647954,,,1
RR,9.55,8.999999145603661,,,1
RR,9.65,8.999998520782269,,,1
RR,9.75,8.999996545939398,,,1
RR,9.85,8.999995456148234,,,1
RR,9.95,8.999995832064998,,,1
RR,10.05,8.999995720980165,,,1
RR,10.15,8.999996810771329,,,1
RR,10.25,8.999997059675954,,,1
RR,10.35,8.99999766638593,,,1
RR,10.45,8.99999692486954,,,1
RR,10.55,8.999996515366142,,,1
RR,10.65,8.999997359628162,,,1
RR,10.75,8.999997091697134,,,1
RR,10.85,8.999997720641161,,,1
RR,10.95,8.999997265805709,,,1
RR,11.05,8.999996572454782,,,1
RR,11.15,8.999995876693726,,,1
RR,11.25,8.99999499164202,,,1
RR,11.35,8.999993534693019,,,1
RR,11.45,8.999994865409782,,,1
RR,11.55,8.999994909476497,,,1
RR,11.65,8.999996738507077,,,1
RR,11.75,8.99999582591335,,,1
RR,11.85,8.999996425972745,,,1
RR,11.95,8.999995339317694,,,1
RR,12.05,8.999994988011684,,,1
RR,12.15,8.999995528790986,,,1
RR,12.25,8.999997091766462,,,1
RR,12.35,8.999997443072472,,,1
RR,12.45,8.999997378613594,,,1
RR,12.55,8.999996753792203,,,1
RR,12.65,8.999997666385932,,,1
RR,12.75,8.999997417481303,,,1
RR,12.85,8.99999746160737,,,1
RR,12.95,8.999996126613302,,,1
RR,13.05,8.999996254754134,,,1
RR,13.15,8.999995272473983,,,1
RR,13.25,8.99999575307171,,,1
RR,13.35,8.9999950254335,,,1
RR,13.45,8.999996112088551,,,1
RR,13.55,8.999996076859391,,,1
RR,13.65,8.999996448940975,,,1
RR,13.75,8.99999644466367,,,1
RR,13.85,8.999996361868817,,,1
RR,13.95,8.999995606657874,,,1
RR,14.05,8.999996306696232,,,1
RR,14.15,8.999996015216846,,,1
RR,14.25,8.999996621926822,,,1
RR,14.35,8.999996401254089,,,1
RR,14.45,8.999996775528325,,,1
RR,14.55,8.999997400349718,,,1
RR,14.65,8.999996920984096,,,1
RR,14.75,8.999997810609594,,,1
RR,14.85,8.999997689845799,,,1
RR,14.95,8.999999024839864,,,1
RR,15.05,8.999996938912158,,,1
RR,15.15,8.999996650172555,,,1
RR,15.25,8.999996650172555,,,1
RR,15.35,8.999997301008598,,,1
RR,15.45,8.99999686210999,,,1
RR,15.55,8.999996400174192,,,1
RR,15.65,8.999997093749466,,,1
RR,15.75,8.999998796547812,,,1
RR,15.85,8.999997779265879,,,1
RR,15.95,8.999998058846472,,,1
RR,16.05,8.999996211104135,,,1
RR,16.150000000000002,8.999997214494039,,,1
RR,16.25,8.999996345713074,,,1
RR,16.35,8.999997731519612,,,1
RR,16.45,8.999998207347438,,,1
RR,16.55,8.999999538064202,,,1
RR,16.650000000000002,8.99999852078227,,,1
RR,16.75,8.999997417481303,,,1
RR,16.85,8.999995714682958,,,1
RR,16.95,8.999996824096117,,,1
RR,17.05,8.999997313782888,,,1
RR,17.150000000000002,8.999998162184893,,,1
RR,17.25,8.999997677593123,,,1
RR,17.35,8.999997677593123,,,1
RR,17.45,8.999997559569112,,,1
RR,17.55,8.999997938137623,,,1
RR,17.650000000000002,8.999998075923992,,,1
RR,17.75,8.999999048344344,,,1
RR,17.85,8.99999866854373,,,1
RR,17.95,8.999998254746059,,,1
RR,18.05,8.99999777891823,,,1
RR,18.15,8.99999793310472,,,1
RR,18.25,8.999998452925649,,,1
RR,18.35,8.999998928753476,,,1
RR,18.45,8.999998774566986,,,1
RR,18.55,8.999998171951203,,,1
RR,18.65,8.999997317554863,,,1
RR,18.75,8.999996738091642,,,1
RR,18.85,8.999995862769659,,,1
RR,18.95,8.999995282074332,,,1
RR,19.05,8.999996015724044,,,1
RR,19.15,8.999997387638555,,,1
RR,19.25,8.999997732939056,,,1
RR,19.35,8.999997461960655,,,1
RR,19.450000000000003,8.999997324174286,,,1
RR,19.55,8.999997952029652,,,1
RR,19.65,8.999997915002586,,,1
RR,19.75,8.999997893661073,,,1
RR,19.85,8.99999835559687,,,1
RR,19.950000000000003,8.999998751430093,,,1
RR,20.05,8.999998751430093,,,1
RR,20.15,8.999998275602266,,,1
RR,20.25,8.999997785915498,,,1
RR,20.35,8.99999795893541,,,1
RR,20.450000000000003,8.999997579134794,,,1
RR,20.55,8.999998098375707,,,1
RR,20.65,8.999998190506936,,,1
RR,20.75,8.99999868587375,,,1
RR,20.85,8.99999890012923,,,1
RR,20.950000000000003,8.999997934939733,,,1
RR,21.05,8.999997660245654,,,1
RR,21.15,8.999997288533834,,,1
RR,21.25,8.999997848382412,,,1
RR,21.35,8.999997802218553,,,1
RR,21.450000000000003,8.999997959674893,,,1
RR,21.55,8.99999837455875,,,1
RR,21.65,8.99999757646059,,,1
RR,21.75,8.999996681302909,,,1
RR,21.85,8.999996340122584,,,1
RR,21.950000000000003,8.999995844497443,,,1
RR,22.05,8.999996688759465,,,1
RR,22.15,8.999996928265622,,,1
RR,22.25,8.999998268152783,,,1
RR,22.35,8.999998903108493,,,1
RR,22.450000000000003,8.999998509415846,,,1
RR,22.55,8.999999144371555,,,1
RR,22.65,8.99999816921142,,,1
RR,22.75,8.999998283323473,,,1
RR,22.85,8.999997727406706,,,1
RR,22.950000000000003,8.999998146650073,,,1
RR,23.05,8.999997408948731,,,1
RR,23.15,8.9999979648655,,,1
RR,23.25,8.999997819340315,,,1
RR,23.35,8.999998663602335,,,1
RR,23.450000000000003,8.999998663602335,,,1
RR,23.55,8.99999936504429,,,1
RR,23.65,8.999998152257662,,,1
RR,23.75,8.999996673039933,,,1
RR,23.85,8.999994970241588,,,1
RR,23.950000000000003,8.999995582286898,,,1
RR,24.05,8.99999644789043,,,1
RR,24.15,8.999997515733066,,,1
RR,24.25,8.999998009913703,,,1
RR,24.35,8.999998147700074,,,1
RR,24.450000000000003,8.999997679354815,,,1
RR,24.55,8.99999731757024,,,1
RR,24.65,8.999997091956113,,,1
RR,24.75,8.999997185809661,,,1
RR,24.85,8.999997313950491,,,1
RR,24.950000000000003,8.999998015392444,,,1
RR,25.05,8.999998170443524,,,1
RR,25.15,8.999996728231846,,,1
RR,25.25,8.999995755811492,,,1
RR,25.35,8.99999590876588,,,1
RR,25.450000000000003,8.999996991143627,,,1
RR,25.55,8.999997050970252,,,1
RR,25.65,8.99999705097025,,,1
RR,25.75,8.99999705097025,,,1
RR,25.85,8.999996032787822,,,1
RR,25.950000000000003,8.99999612061558,,,1
RR,26.05,8.999996124892881,,,1
RR,26.15,8.9999972012727,,,1
RR,26.25,8.999997073370507,,,1
RR,26.35,8.999997491493541,,,1
RR,26.450000000000003,8.999997256098718,,,1
RR,26.55,8.999997143218769,,,1
RR,26.65,8.999997354370544,,,1
RR,26.75,8.999998074357137,,,1
RR,26.85,8.999998016159749,,,1
RR,26.950000000000003,8.999996300229888,,,1
RR,27.05,8.999994903501921,,,1
RR,27.15,8.999994840935514,,,1
RR,27.25,8.999996556865375,,,1
RR,27.35,8.9999976884422,,,1
RR,27.450000000000003,8.999997228510672,,,1
RR,27.55,8.999996163420088,,,1
RR,27.65,8.999995319158069,,,1
RR,27.75,8.999996278421905,,,1
RR,27.85,8.999997190558103,,,1
RR,27.950000000000003,8.999998085715783,,,1
RR,28.05,8.999997977483561,,,1
RR,28.15,8.99999819692419,,,1
RR,28.25,8.99999878098424,,,1
RR,28.35,8.999997662245944,,,1
RR,28.450000000000003,8.99999720741049,,,1
RR,28.55,8.999995504612144,,,1
RR,28.65,8.999995276634332,,,1
RR,28.75,8.999995512029157,,,1
RR,28.85,8.999997214827502,,,1
RR,28.950000000000003,8.999998233009933,,,1
RR,29.05,8.999997239663935,,,1
RR,29.15,8.999995908947172,,,1
RR,29.25,8.999995342323167,,,1
RR,29.35,8.999995104137799,,,1
RR,29.450000000000003,8.999994348926856,,,1
RR,29.55,8.999995214530392,,,1
RR,29.65,8.999995597659753,,,1
RR,29.75,8.999997683587459,,,1
RR,29.85,8.999997507264192,,,1
RR,29.950000000000003,8.999999210062539,,,1
RR,30.05,8.999998575106828,,,1
RR,30.15,8.999998034327525,,,1
RR,30.25,8.999996770427789,,,1
RR,30.35,8.999996108075248,,,1
PF,0.45,8.870911230230455,,,1
PF,0.55,8.874589005830904,,,1
PF,0.65,8.835223028286789,,,1
PF,0.75,8.872691620085407,,,1
PF,0.8500000000000001,8.876572091559309,,,1
PF,0.95,8.846739885615607,,,1
PF,1.05,8.822701959183723,,,1
PF,1.15,8.810061020388035,,,1
PF,1.25,8.82294711551073,,,1
PF,1.35,8.752444606589034,,,1
PF,1.4500000000000002,8.710958032642884,,,1
PF,1.55,8.747117262981353,,,1
PF,1.65,8.766333121556235,,,1
PF,1.75,8.779756874840784,,,1
PF,1.85,8.698327483478879,,,1
PF,1.95,8.75122919367179,,,1
PF,2.0500000000000003,8.736068092660172,,,1
PF,2.15,8.742544094479928,,,1
PF,2.25,8.716840785722004,,,1
PF,2.35,8.777478677393463,,,1
PF,2.45,8.798149449604294,,,1
PF,2.5500000000000003,8.769399293240967,,,1
PF,2.6500000000000004,8.574569673914601,,,1
PF,2.75,8.61138398467959,,,1
PF,2.85,8.56848754653634,,,1
PF,2.95,8.77344326275854,,,1
PF,3.0500000000000003,8.804795161039548,,,1
PF,3.1500000000000004,8.893178602170837,,,1
PF,3.25,8.862101610236921,,,1
PF,3.35,8.804443611025048,,,1
PF,3.45,8.850693380782412,,,1
PF,3.5500000000000003,8.795486230434621,,,1
PF,3.65,8.790215208807325,,,1
PF,3.75,8.761251808423639,,,1
PF,3.85,8.777739424800755,,,1
PF,3.95,8.809582046186165,,,1
PF,4.05,8.849970419854447,,,1
PF,4.15,8.799155300453398,,,1
PF,4.25,8.763370871257514,,,1
PF,4.3500000000000005,8.75294517355568,,,1
PF,4.45,8.864673375926477,,,1
PF,4.55,8.886940766721226,,,1
PF,4.65,8.840094041889161,,,1
PF,4.75,8.798977086272526,,,1
PF,4.8500000000000005,8.81597947816608,,,1
PF,4.95,8.853381308787315,,,1
PF,5.050000000000001,8.89322044578878,,,1
PF,5.15,8.91454046790678,,,1
PF,5.25,8.893694551738536,,,1
PF,5.3500000000000005,8.858763905818533,,,1
PF,5.45,8.778109059546074,,,1
PF,5.550000000000001,8.766491841004237,,,1
PF,5.65,8.71488096308393,,,1
PF,5.75,8.602057488104782,,,1
PF,5.8500000000000005,8.597029744439046,,,1
PF,5.95,8.574129869493156,,,1
PF,6.050000000000001,8.688132932589127,,,1
PF,6.15,8.620496280349636,,,1
PF,6.25,8.51516968954705,,,1
PF,6.3500000000000005,8.562792345942006,,,1
PF,6.45,8.651484114456254,,,1
PF,6.550000000000001,8.739013584406637,,,1
PF,6.65,8.734442494463567,,,1
PF,6.75,8.73672548747473,,,1
PF,6.8500000000000005,8.850845064312068,,,1
PF,6.95,8.796128385486028,,,1
PF,7.050000000000001,8.706461127690936,,,1
PF,7.15,8.730645632297602,,,1
PF,7.25,8.757416133805497,,,1
PF,7.35,8.818514487769066,,,1
PF,7.45,8.569912690117757,,,1
PF,7.550000000000001,8.564078759647044,,,1
PF,7.65,8.599862422940285,,,1
PF,7.75,8.718828317920718,,,1
PF,7.85,8.645212732713343,,,1
PF,7.95,8.581212672526421,,,1
PF,8.05,8.686785078849026,,,1
PF,8.15,8.709996931650494,,,1
PF,8.25,8.74222289563568,,,1
PF,8.35,8.691208122975013,,,1
PF,8.450000000000001,8.778724442052688,,,1
PF,8.55,8.817261686509644,,,1
PF,8.65,8.902436004735092,,,1
PF,8.75,8.773473419905669,,,1
PF,8.85,8.476884733404837,,,1
PF,8.950000000000001,8.330042515057693,,,1
PF,9.05,8.41663855102401,,,1
PF,9.15,8.619765916803273,,,1
PF,9.25,8.743511198464104,,,1
PF,9.35,8.681416946646856,,,1
PF,9.45,8.466724560309617,,,1
PF,9.55,8.409030623997431,,,1
PF,9.65,8.52457546477445,,,1
PF,9.75,8.78087007478514,,,1
PF,9.85,8.747746173028753,,,1
PF,9.95,8.7429644479608,,,1
PF,10.05,8.761643550542944,,,1
PF,10.15,8.787538210413828,,,1
PF,10.25,8.693033573395342,,,1
PF,10.35,8.714486173902847,,,1
PF,10.45,8.776372020283278,,,1
PF,10.55,8.859660132459766,,,1
PF,10.65,8.790132764086062,,,1
PF,10.75,8.799700537408937,,,1
PF,10.85,8.722924250246882,,,1
PF,10.95,8.769420628717803,,,1
PF,11.05,8.741512761120445,,,1
PF,11.15,8.8565556496412,,,1
PF,11.25,8.852397458425228,,,1
PF,11.35,8.874219171098874,,,1
PF,11.45,8.885872622583227,,,1
PF,11.55,8.823822671277924,,,1
PF,11.65,8.837012730598284,,,1
PF,11.75,8.726087527099963,,,1
PF,11.85,8.75971038123742,,,1
PF,11.95,8.684375052044723,,,1
PF,12.05,8.741350200339205,,,1
PF,12.15,8.720692345445237,,,1
PF,12.25,8.756604785661427,,,1
PF,12.35,8.76256795281083,,,1
PF,12.45,8.786261202247795,,,1
PF,12.55,8.725393094503263,,,1
PF,12.65,8.58711206388255,,,1
PF,12.75,8.561044630549892,,,1
PF,12.85,8.582818430908281,,,1
PF,12.95,8.708347951191355,,,1
PF,13.05,8.736784071637848,,,1
PF,13.15,8.775897396955932,,,1
PF,13.25,8.715868322249781,,,1
PF,13.35,8.665635718725827,,,1
PF,13.45,8.710781397708567,,,1
PF,13.55,8.564299300659103,,,1
PF,13.65,8.45309119788275,,,1
PF,13.75,8.30165403018246,,,1
PF,13.85,8.512435308614227,,,1
PF,13.95,8.737570177012207,,,1
PF,14.05,8.77193382322089,,,1
PF,14.15,8.676942311117612,,,1
PF,14.25,8.479008831012173,,,1
PF,14.35,8.527565464845987,,,1
PF,14.45,8.486216066563848,,,1
PF,14.55,8.457747455853372,,,1
PF,14.65,8.511325523638238,,,1
PF,14.75,8.57731005214121,,,1
PF,14.85,8.785539247606906,,,1
PF,14.95,8.693767743471474,,,1
PF,15.05,8.648174816575533,,,1
PF,15.15,8.59609711768873,,,1
PF,15.25,8.665408279864891,,,1
PF,15.35,8.72439682160663,,,1
PF,15.45,8.736043992164754,,,1
PF,15.55,8.687218643665085,,,1
PF,15.65,8.765735846256016,,,1
PF,15.75,8.728238687524565,,,1
PF,15.85,8.706046667159201,,,1
PF,15.95,8.675096141160838,,,1
PF,16.05,8.507245552050245,,,1
PF,16.150000000000002,8.615083089291897,,,1
PF,16.25,8.626708338073582,,,1
PF,16.35,8.814562032682643,,,1
PF,16.45,8.758350676249423,,,1
PF,16.55,8.781378050615332,,,1
PF,16.650000000000002,8.763924789950435,,,1
PF,16.75,8.76793160444297,,,1
PF,16.85,8.75462628946969,,,1
PF,16.95,8.697080592810503,,,1
PF,17.05,8.70468097175501,,,1
PF,17.150000000000002,8.735432957178677,,,1
PF,17.25,8.658800920539756,,,1
PF,17.35,8.669320509274838,,,1
PF,17.45,8.550426928100253,,,1
PF,17.55,8.626036750637658,,,1
PF,17.650000000000002,8.559927494071516,,,1
PF,17.75,8.600475535975837,,,1
PF,17.85,8.69678511498002,,,1
PF,17.95,8.691202852822995,,,1
PF,18.05,8.724818647639601,,,1
PF,18.15,8.676521368159376,,,1
PF,18.25,8.78374356550416,,,1
PF,18.35,8.795411737605269,,,1
PF,18.45,8.863714606794204,,,1
PF,18.55,8.862723176239982,,,1
PF,18.65,8.811350180797211,,,1
PF,18.75,8.759724823197596,,,1
PF,18.85,8.691311845378115,,,1
PF,18.95,8.647454391051125,,,1
PF,19.05,8.673787356462642,,,1
PF,19.15,8.687463155473985,,,1
PF,19.25,8.76871384141277,,,1
PF,19.35,8.61839685958033,,,1
PF,19.450000000000003,8.479748748563752,,,1
PF,19.55,8.447543933708038,,,1
PF,19.65,8.648078766909643,,,1
PF,19.75,8.785349698618276,,,1
PF,19.85,8.860190282604547,,,1
PF,19.950000000000003,8.86248881684248,,,1
PF,20.05,8.881487064722462,,,1
PF,20.15,8.830417139814017,,,1
PF,20.25,8.776435567420354,,,1
PF,20.35,8.646990041049746,,,1
PF,20.450000000000003,8.618550436504782,,,1
PF,20.55,8.596937643326902,,,1
PF,20.65,8.750777186982683,,,1
PF,20.75,8.81394427047997,,,1
PF,20.85,8.838044968374364,,,1
PF,20.950000000000003,8.64300455613754,,,1
PF,21.05,8.593207176255538,,,1
PF,21.15,8.638499328746976,,,1
PF,21.25,8.728178941501413,,,1
PF,21.35,8.734787369757848,,,1
PF,21.450000000000003,8.7574645936083,,,1
PF,21.55,8.840326354124267,,,1
PF,21.65,8.83616662887282,,,1
PF,21.75,8.774105909937774,,,1
PF,21.85,8.721643122848265,,,1
PF,21.950000000000003,8.678632322764505,,,1
PF,22.05,8.708922121632533,,,1
PF,22.15,8.711516592611632,,,1
PF,22.25,8.790753289476047,,,1
PF,22.35,8.768151299700646,,,1
PF,22.450000000000003,8.842786846044065,,,1
PF,22.55,8.833326854765213,,,1
PF,22.65,8.803849639618539,,,1
PF,22.75,8.811701734420211,,,1
PF,22.85,8.773521992353544,,,1
PF,22.950000000000003,8.747219223187178,,,1
PF,23.05,8.717737179655602,,,1
PF,23.15,8.745168054737563,,,1
PF,23.25,8.80979379337512,,,1
PF,23.35,8.773833754138527,,,1
PF,23.450000000000003,8.73377611329373,,,1
PF,23.55,8.689304142770077,,,1
PF,23.65,8.691416644815535,,,1
PF,23.75,8.727306628237121,,,1
PF,23.85,8.586913451311988,,,1
PF,23.950000000000003,8.623388983515893,,,1
PF,24.05,8.600479985817797,,,1
PF,24.15,8.81311483432773,,,1
PF,24.25,8.745122836867841,,,1
PF,24.35,8.780639979115598,,,1
PF,24.450000000000003,8.70344041873158,,,1
PF,24.55,8.745339955334169,,,1
PF,24.65,8.527584073893726,,,1
PF,24.75,8.576074169949468,,,1
PF,24.85,8.517970774749587,,,1
PF,24.950000000000003,8.793197362623737,,,1
PF,25.05,8.758921226022181,,,1
PF,25.15,8.810472504317682,,,1
PF,25.25,8.749874423630123,,,1
PF,25.35,8.665976222331429,,,1
PF,25.450000000000003,8.631607656567931,,,1
PF,25.55,8.53850326012425,,,1
PF,25.65,8.699506752020985,,,1
PF,25.75,8.760554542257319,,,1
PF,25.85,8.797434587703004,,,1
PF,25.950000000000003,8.624035805093186,,,1
PF,26.05,8.601921990555121,,,1
PF,26.15,8.640526511320855,,,1
PF,26.25,8.824118904034403,,,1
PF,26.35,8.797079593669174,,,1
PF,26.450000000000003,8.6379149497535,,,1
PF,26.55,8.62190806621511,,,1
PF,26.65,8.640681909562703,,,1
PF,26.75,8.776408727946704,,,1
PF,26.85,8.7507416309448,,,1
PF,26.950000000000003,8.758719218741746,,,1
PF,27.05,8.830530133935307,,,1
PF,27.15,8.789261673256592,,,1
PF,27.25,8.726581475618794,,,1
PF,27.35,8.48645992102719,,,1
PF,27.450000000000003,8.544390816269262,,,1
PF,27.55,8.664862672331235,,,1
PF,27.65,8.766893624683355,,,1
PF,27.75,8.76312446149944,,,1
PF,27.85,8.683137573521256,,,1
PF,27.950000000000003,8.775736021774271,,,1
PF,28.05,8.759400337840422,,,1
PF,28.15,8.747227199606174,,,1
PF,28.25,8.783851604334933,,,1
PF,28.35,8.813328349749293,,,1
PF,28.450000000000003,8.851743660018295,,,1
PF,28.55,8.830447555383705,,,1
PF,28.65,8.783175808368112,,,1
PF,28.75,8.845636122166344,,,1
PF,28.85,8.899881657886253,,,1
PF,28.950000000000003,8.94129609103082,,,1
PF,29.05,8.832126387473815,,,1
PF,29.15,8.771509347642896,,,1
PF,29.25,8.760190325356868,,,1
PF,29.35,8.710440196256444,,,1
PF,29.450000000000003,8.546837910167662,,,1
PF,29.55,8.356278071553922,,,1
PF,29.65,8.47210210592638,,,1
PF,29.75,8.59445515376545,,,1
PF,29.85,8.660260174600998,,,1
PF,29.950000000000003,8.466791415493445,,,1
PF,30.05,8.560839983772036,,,1
PF,30.15,8.608577442706395,,,1
PF,30.25,8.76272444520883,,,1
PF,30.35,8.681153511283181,,,1
MR,0.45,6.010394848168165,,,1
MR,0.55,5.986317157723408,,,1
MR,0.65,5.923831218447254,,,1
MR,0.75,5.922041145594544,,,1
MR,0.8500000000000001,5.899777398171583,,,1
MR,0.95,5.791016164994088,,,1
MR,1.05,5.81333465953682,,,1
MR,1.15,5.772374942479736,,,1
MR,1.25,5.892649752723698,,,1
MR,1.35,5.902215913990445,,,1
MR,1.4500000000000002,5.978880980484374,,,1
MR,1.55,5.924907509444531,,,1
MR,1.65,5.917695002100118,,,1
MR,1.75,5.909617848909986,,,1
MR,1.85,5.9423125249882425,,,1
MR,1.95,5.772978640419846,,,1
MR,2.0500000000000003,5.7029204339750805,,,1
MR,2.15,5.7226552839072085,,,1
MR,2.25,5.895585176958687,,,1
MR,2.35,5.923581449299642,,,1
MR,2.45,5.901691306149476,,,1
MR,2.5500000000000003,5.883949405936949,,,1
MR,2.6500000000000004,5.91368522817498,,,1
MR,2.75,5.940065749619982,,,1
MR,2.85,5.945907865698465,,,1
MR,2.95,5.944813922774114,,,1
MR,3.0500000000000003,5.928083353140323,,,1
MR,3.1500000000000004,5.885919765689725,,,1
MR,3.25,5.866701628833618,,,1
MR,3.35,5.488064013731315,,,1
MR,3.45,5.232783264697996,,,1
MR,3.5500000000000003,5.063184206727953,,,1
MR,3.65,5.215403330862417,,,1
MR,3.75,5.502131210802847,,,1
MR,3.85,5.412817051463217,,,1
MR,3.95,5.473113484841715,,,1
MR,4.05,5.143841755861005,,,1
MR,4.15,4.954054945599595,,,1
MR,4.25,4.842758827808473,,,1
MR,4.3500000000000005,4.835309143930026,,,1
MR,4.45,4.891703765150063,,,1
MR,4.55,4.894741703593225,,,1
MR,4.65,4.841343244827652,,,1
MR,4.75,4.995790593850503,,,1
MR,4.8500000000000005,4.914301663538732,,,1
MR,4.95,5.005804981179146,,,1
MR,5.050000000000001,4.913718961927333,,,1
MR,5.15,4.930992668577875,,,1
MR,5.25,5.015457302900049,,,1
MR,5.3500000000000005,4.885205271999872,,,1
MR,5.45,4.850058076095643,,,1
MR,5.550000000000001,4.690863925288114,,,1
MR,5.65,4.87278253018729,,,1
MR,5.75,4.950729358908181,,,1
MR,5.8500000000000005,5.169011853740844,,,1
MR,5.95,5.116017184839986,,,1
MR,6.050000000000001,5.347081030443015,,,1
MR,6.15,5.049438423970743,,,1
MR,6.25,5.129101948020096,,,1
MR,6.3500000000000005,4.714070866132007,,,1
MR,6.45,4.429899085829015,,,1
MR,6.550000000000001,3.9578989906559854,,,1
MR,6.65,3.686104242889505,,,1
MR,6.75,3.671834133926005,,,1
MR,6.8500000000000005,3.6641663254833055,,,1
MR,6.95,3.804022440192584,,,1
MR,7.050000000000001,4.172953099901362,,,1
MR,7.15,4.572724351274421,,,1
MR,7.25,4.831980975159905,,,1
MR,7.35,4.861166136562606,,,1
MR,7.45,4.866420405258103,,,1
MR,7.550000000000001,4.8607022826472,,,1
MR,7.65,4.860043769868903,,,1
MR,7.75,4.854789501173407,,,1
MR,7.85,4.860507623784311,,,1
MR,7.95,4.867455042291828,,,1
MR,8.05,4.866311133633342,,,1
MR,8.15,4.860593011022439,,,1
MR,8.25,4.853645592514922,,,1
MR,8.35,4.854789501173407,,,1
MR,8.450000000000001,4.866420405258103,,,1
MR,8.55,4.867560066455855,,,1
MR,8.65,4.859934279179972,,,1
MR,8.75,4.854680010484476,,,1
MR,8.85,4.853540349286723,,,1
MR,8.950000000000001,4.867455042291828,,,1
MR,9.05,4.866311133633342,,,1
MR,9.15,4.860593011022439,,,1
MR,9.25,4.853645592514922,,,1
MR,9.35,4.854789501173407,,,1
MR,9.45,4.866420405258103,,,1
MR,9.55,4.867560066455855,,,1
MR,9.65,4.859934279179972,,,1
MR,9.75,4.854680010484476,,,1
MR,9.85,4.853540349286723,,,1
MR,9.95,4.867455042291828,,,1
MR,10.05,4.866311133633342,,,1
MR,10.15,4.860593011022439,,,1
MR,10.25,4.853645592514922,,,1
MR,10.35,4.854789501173407,,,1
MR,10.45,4.866420405258103,,,1
MR,10.55,4.867560066455855,,,1
MR,10.65,4.859934279179972,,,1
MR,10.75,4.854680010484476,,,1
MR,10.85,4.853540349286723,,,1
MR,10.95,4.867455042291828,,,1
MR,11.05,4.866311133633342,,,1
MR,11.15,4.860593011022439,,,1
MR,11.25,4.853645592514922,,,1
MR,11.35,4.854789501173407,,,1
MR,11.45,4.866420405258103,,,1
MR,11.55,4.867560066455855,,,1
MR,11.65,4.859934279179972,,,1
MR,11.75,4.854680010484476,,,1
MR,11.85,4.853540349286723,,,1
MR,11.95,4.867455042291828,,,1
MR,12.05,4.866311133633342,,,1
MR,12.15,4.860593011022439,,,1
MR,12.25,4.853645592514922,,,1
MR,12.35,4.582879375377427,,,1
MR,12.45,4.301506631804831,,,1
MR,12.55,4.014415765621332,,,1
MR,12.65,3.998576512455516,,,1
MR,12.75,3.998576512455516,,,1
MR,12.85,3.998576512455516,,,1
MR,12.95,3.998576512455516,,,1
MR,13.05,3.998576512455516,,,1
MR,13.15,3.998576512455516,,,1
MR,13.25,3.998576512455516,,,1
MR,13.35,3.998576512455516,,,1
MR,13.45,3.998576512455516,,,1
MR,13.55,3.998576512455516,,,1
MR,13.65,3.998576512455516,,,1
MR,13.75,3.998576512455516,,,1
MR,13.85,3.998576512455516,,,1
MR,13.95,3.998576512455516,,,1
MR,14.05,3.998576512455516,,,1
MR,14.15,3.998576512455516,,,1
MR,14.25,3.998576512455516,,,1
MR,14.35,3.998576512455516,,,1
MR,14.45,3.998576512455516,,,1
MR,14.55,3.998576512455516,,,1
MR,14.65,3.998576512455516,,,1
MR,14.75,3.998576512455516,,,1
MR,14.85,3.998576512455516,,,1
MR,14.95,3.998576512455516,,,1
MR,15.05,3.998576512455516,,,1
MR,15.15,3.998576512455516,,,1
MR,15.25,3.998576512455516,,,1
MR,15.35,3.998576512455516,,,1
MR,15.45,3.998576512455516,,,1
MR,15.55,3.998576512455516,,,1
MR,15.65,3.998576512455516,,,1
MR,15.75,3.998576512455516,,,1
MR,15.85,3.998576512455516,,,1
MR,15.95,3.998576512455516,,,1
MR,16.05,3.998576512455516,,,1
MR,16.150000000000002,3.998576512455516,,,1
MR,16.25,3.998576512455516,,,1
MR,16.35,3.998576512455516,,,1
MR,16.45,3.998576512455516,,,1
MR,16.55,3.998576512455516,,,1
MR,16.650000000000002,3.998576512455516,,,1
MR,16.75,3.998576512455516,,,1
MR,16.85,3.998576512455516,,,1
MR,16.95,3.998576512455516,,,1
MR,17.05,3.998576512455516,,,1
MR,17.150000000000002,3.998576512455516,,,1
MR,17.25,3.998576512455516,,,1
MR,17.35,3.998576512455516,,,1
MR,17.45,3.998576512455516,,,1
MR,17.55,3.998576512455516,,,1
MR,17.650000000000002,3.998576512455516,,,1
MR,17.75,3.998576512455516,,,1
MR,17.85,3.998576512455516,,,1
MR,17.95,3.998576512455516,,,1
MR,18.05,3.998576512455516,,,1
MR,18.15,3.998576512455516,,,1
MR,18.25,3.998576512455516,,,1
MR,18.35,3.998576512455516,,,1
MR,18.45,3.998576512455516,,,1
MR,18.55,3.998576512455516,,,1
MR,18.65,3.998576512455516,,,1
MR,18.75,3.998576512455516,,,1
MR,18.85,3.998576512455516,,,1
MR,18.95,3.998576512455516,,,1
MR,19.05,3.998576512455516,,,1
MR,19.15,3.998576512455516,,,1
MR,19.25,3.998576512455516,,,1
MR,19.35,3.998576512455516,,,1
MR,19.450000000000003,3.998576512455516,,,1
MR,19.55,3.998576512455516,,,1
MR,19.65,3.998576512455516,,,1
MR,19.75,3.998576512455516,,,1
MR,19.85,3.998576512455516,,,1
MR,19.950000000000003,3.998576512455516,,,1
MR,20.05,3.998576512455516,,,1
MR,20.15,3.998576512455516,,,1
MR,20.25,3.998576512455516,,,1
MR,20.35,3.998576512455516,,,1
MR,20.450000000000003,3.998576512455516,,,1
MR,20.55,3.998576512455516,,,1
MR,20.65,3.998576512455516,,,1
MR,20.75,3.998576512455516,,,1
MR,20.85,3.998576512455516,,,1
MR,20.950000000000003,3.998576512455516,,,1
MR,21.05,3.998576512455516,,,1
MR,21.15,3.998576512455516,,,1
MR,21.25,3.998576512455516,,,1
MR,21.35,3.998576512455516,,,1
MR,21.450000000000003,3.998576512455516,,,1
MR,21.55,3.998576512455516,,,1
MR,21.65,3.998576512455516,,,1
MR,21.75,3.998576512455516,,,1
MR,21.85,3.998576512455516,,,1
MR,21.950000000000003,3.998576512455516,,,1
MR,22.05,3.998576512455516,,,1
MR,22.15,3.998576512455516,,,1
MR,22.25,3.998576512455516,,,1
MR,22.35,3.998576512455516,,,1
MR,22.450000000000003,3.998576512455516,,,1
MR,22.55,3.998576512455516,,,1
MR,22.65,3.998576512455516,,,1
MR,22.75,3.998576512455516,,,1
MR,22.85,3.998576512455516,,,1
MR,22.950000000000003,3.998576512455516,,,1
MR,23.05,3.998576512455516,,,1
MR,23.15,3.998576512455516,,,1
MR,23.25,3.998576512455516,,,1
MR,23.35,3.998576512455516,,,1
MR,23.450000000000003,3.998576512455516,,,1
MR,23.55,3.998576512455516,,,1
MR,23.65,3.998576512455516,,,1
MR,23.75,3.998576512455516,,,1
MR,23.85,3.998576512455516,,,1
MR,23.950000000000003,3.998576512455516,,,1
MR,24.05,3.998576512455516,,,1
MR,24.15,3.998576512455516,,,1
MR,24.25,4.007294124314771,,,1
MR,24.35,4.00729412431477,,,1
MR,24.450000000000003,4.00729412431477,,,1
MR,24.55,3.998576512455516,,,1
MR,24.65,3.998576512455516,,,1
MR,24.75,3.998576512455516,,,1
MR,24.85,3.998576512455516,,,1
MR,24.950000000000003,3.998576512455516,,,1
MR,25.05,3.998576512455516,,,1
MR,25.15,3.998576512455516,,,1
MR,25.25,3.998576512455516,,,1
MR,25.35,3.998576512455516,,,1
MR,25.450000000000003,3.998576512455516,,,1
MR,25.55,3.998576512455516,,,1
MR,25.65,3.998576512455516,,,1
MR,25.75,3.998576512455516,,,1
MR,25.85,3.998576512455516,,,1
MR,25.950000000000003,3.998576512455516,,,1
MR,26.05,3.998576512455516,,,1
MR,26.15,3.998576512455516,,,1
MR,26.25,3.998576512455516,,,1
MR,26.35,3.998576512455516,,,1
MR,26.450000000000003,3.998576512455516,,,1
MR,26.55,3.998576512455516,,,1
MR,26.65,3.998576512455516,,,1
MR,26.75,3.998576512455516,,,1
MR,26.85,3.998576512455516,,,1
MR,26.950000000000003,3.998576512455516,,,1
MR,27.05,3.998576512455516,,,1
MR,27.15,3.998576512455516,,,1
MR,27.25,3.998576512455516,,,1
MR,27.35,3.998576512455516,,,1
MR,27.450000000000003,3.998576512455516,,,1
MR,27.55,3.998576512455516,,,1
MR,27.65,3.998576512455516,,,1
MR,27.75,3.998576512455516,,,1
MR,27.85,3.998576512455516,,,1
MR,27.950000000000003,3.998576512455516,,,1
MR,28.05,3.998576512455516,,,1
MR,28.15,3.998576512455516,,,1
MR,28.25,3.998576512455516,,,1
MR,28.35,3.998576512455516,,,1
MR,28.450000000000003,3.998576512455516,,,1
MR,28.55,3.998576512455516,,,1
MR,28.65,3.998576512455516,,,1
MR,28.75,3.998576512455516,,,1
MR,28.85,3.998576512455516,,,1
MR,28.950000000000003,3.998576512455516,,,1
MR,29.05,3.998576512455516,,,1
MR,29.15,3.998576512455516,,,1
MR,29.25,3.998576512455516,,,1
MR,29.35,3.998576512455516,,,1
MR,29.450000000000003,3.998576512455516,,,1
MR,29.55,3.998576512455516,,,1
MR,29.65,3.998576512455516,,,1
MR,29.75,3.998576512455516,,,1
MR,29.85,3.998576512455516,,,1
MR,29.950000000000003,3.998576512455516,,,1
MR,30.05,3.998576512455516,,,1
MR,30.15,3.998576512455516,,,1
MR,30.25,3.998576512455516,,,1
MR,30.35,3.998576512455516,,,1
IA-FMR,0.45,8.961733557030954,,,1
IA-FMR,0.55,8.96235979265427,,,1
IA-FMR,0.65,8.962446714600949,,,1
IA-FMR,0.75,8.96400088999148,,,1
IA-FMR,0.8500000000000001,8.96439350798389,,,1
IA-FMR,0.95,8.964658961749064,,,1
IA-FMR,1.05,8.964298406798852,,,1
IA-FMR,1.15,8.964045067346264,,,1
IA-FMR,1.25,8.963993488432614,,,1
IA-FMR,1.35,8.964528063706533,,,1
IA-FMR,1.4500000000000002,8.964467653539794,,,1
IA-FMR,1.55,8.964526963551984,,,1
IA-FMR,1.65,8.964039193608953,,,1
IA-FMR,1.75,8.964470092125929,,,1
IA-FMR,1.85,8.964513588342891,,,1
IA-FMR,1.95,8.964785165561656,,,1
IA-FMR,2.0500000000000003,8.964668016664005,,,1
IA-FMR,2.15,8.964616789348502,,,1
IA-FMR,2.25,8.964483702605825,,,1
IA-FMR,2.35,8.964360277575295,,,1
IA-FMR,2.45,8.964088252463583,,,1
IA-FMR,2.5500000000000003,8.964221339206262,,,1
IA-FMR,2.6500000000000004,8.964213608107723,,,1
IA-FMR,2.75,8.964441530205264,,,1
IA-FMR,2.85,8.96423036315324,,,1
IA-FMR,2.95,8.964093802782312,,,1
IA-FMR,3.0500000000000003,8.964234981846639,,,1
IA-FMR,3.1500000000000004,8.964636187318115,,,1
IA-FMR,3.25,8.964458878764377,,,1
IA-FMR,3.35,8.964186158280922,,,1
IA-FMR,3.45,8.963770575762036,,,1
IA-FMR,3.5500000000000003,8.96417342841521,,,1
IA-FMR,3.65,8.964597377875224,,,1
IA-FMR,3.75,8.964741669344692,,,1
IA-FMR,3.85,8.964783841745254,,,1
IA-FMR,3.95,8.964398976347606,,,1
IA-FMR,4.05,8.964222626510201,,,1
IA-FMR,4.15,8.964039891467479,,,1
IA-FMR,4.25,8.96422767915391,,,1
IA-FMR,4.3500000000000005,8.964773547913358,,,1
IA-FMR,4.45,8.964498640631568,,,1
IA-FMR,4.55,8.964271768882769,,,1
IA-FMR,4.65,8.964025674991255,,,1
IA-FMR,4.75,8.964031948067413,,,1
IA-FMR,4.8500000000000005,8.964215323599246,,,1
IA-FMR,4.95,8.964207163351531,,,1
IA-FMR,5.050000000000001,8.964351732037523,,,1
IA-FMR,5.15,8.964475157068053,,,1
IA-FMR,5.25,8.964222750342413,,,1
IA-FMR,5.3500000000000005,8.96439839477571,,,1
IA-FMR,5.45,8.964084645156385,,,1
IA-FMR,5.550000000000001,8.964185144752642,,,1
IA-FMR,5.65,8.964424930999956,,,1
IA-FMR,5.75,8.964485341166695,,,1
IA-FMR,5.8500000000000005,8.964377692043795,,,1
IA-FMR,5.95,8.964346095471443,,,1
IA-FMR,6.050000000000001,8.964202825029787,,,1
IA-FMR,6.15,8.964813093217076,,,1
IA-FMR,6.25,8.964190637688901,,,1
IA-FMR,6.3500000000000005,8.963151047697714,,,1
IA-FMR,6.45,8.96125432061989,,,1
IA-FMR,6.550000000000001,8.960245567211643,,,1
IA-FMR,6.65,8.96012759170654,,,1
IA-FMR,6.75,8.96012759170654,,,1
IA-FMR,6.8500000000000005,8.96012759170654,,,1
IA-FMR,6.95,8.96012759170654,,,1
IA-FMR,7.050000000000001,8.96012759170654,,,1
IA-FMR,7.15,8.96012759170654,,,1
IA-FMR,7.25,8.96012759170654,,,1
IA-FMR,7.35,8.96012759170654,,,1
IA-FMR,7.45,8.96012759170654,,,1
IA-FMR,7.550000000000001,8.96012759170654,,,1
IA-FMR,7.65,8.96012759170654,,,1
IA-FMR,7.75,8.96012759170654,,,1
IA-FMR,7.85,8.96012759170654,,,1
IA-FMR,7.95,8.96012759170654,,,1
IA-FMR,8.05,8.96012759170654,,,1
IA-FMR,8.15,8.96012759170654,,,1
IA-FMR,8.25,8.96012759170654,,,1
IA-FMR,8.35,8.96012759170654,,,1
IA-FMR,8.450000000000001,8.96012759170654,,,1
IA-FMR,8.55,8.96012759170654,,,1
IA-FMR,8.65,8.96012759170654,,,1
IA-FMR,8.75,8.96012759170654,,,1
IA-FMR,8.85,8.96012759170654,,,1
IA-FMR,8.950000000000001,8.96012759170654,,,1
IA-FMR,9.05,8.96012759170654,,,1
IA-FMR,9.15,8.96012759170654,,,1
IA-FMR,9.25,8.96012759170654,,,1
IA-FMR,9.35,8.96012759170654,,,1
IA-FMR,9.45,8.96012759170654,,,1
IA-FMR,9.55,8.96012759170654,,,1
IA-FMR,9.65,8.96012759170654,,,1
IA-FMR,9.75,8.96012759170654,,,1
IA-FMR,9.85,8.96012759170654,,,1
IA-FMR,9.95,8.96012759170654,,,1
IA-FMR,10.05,8.96012759170654,,,1
IA-FMR,10.15,8.96012759170654,,,1
IA-FMR,10.25,8.96012759170654,,,1
IA-FMR,10.35,8.96012759170654,,,1
IA-FMR,10.45,8.96012759170654,,,1
IA-FMR,10.55,8.96012759170654,,,1
IA-FMR,10.65,8.96012759170654,,,1
IA-FMR,10.75,8.96012759170654,,,1
IA-FMR,10.85,8.96012759170654,,,1
IA-FMR,10.95,8.96012759170654,,,1
IA-FMR,11.05,8.96012759170654,,,1
IA-FMR,11.15,8.96012759170654,,,1
IA-FMR,11.25,8.96012759170654,,,1
IA-FMR,11.35,8.96012759170654,,,1
IA-FMR,11.45,8.96012759170654,,,1
IA-FMR,11.55,8.96012759170654,,,1
IA-FMR,11.65,8.96012759170654,,,1
IA-FMR,11.75,8.96012759170654,,,1
IA-FMR,11.85,8.96012759170654,,,1
IA-FMR,11.95,8.96012759170654,,,1
IA-FMR,12.05,8.96012759170654,,,1
IA-FMR,12.15,8.96012759170654,,,1
IA-FMR,12.25,8.96012759170654,,,1
IA-FMR,12.35,8.96012759170654,,,1
IA-FMR,12.45,8.96012759170654,,,1
IA-FMR,12.55,8.96012759170654,,,1
IA-FMR,12.65,8.96012759170654,,,1
IA-FMR,12.75,8.96012759170654,,,1
IA-FMR,12.85,8.96012759170654,,,1
IA-FMR,12.95,8.96012759170654,,,1
IA-FMR,13.05,8.96012759170654,,,1
IA-FMR,13.15,8.96012759170654,,,1
IA-FMR,13.25,8.96012759170654,,,1
IA-FMR,13.35,8.96012759170654,,,1
IA-FMR,13.45,8.96012759170654,,,1
IA-FMR,13.55,8.96012759170654,,,1
IA-FMR,13.65,8.96012759170654,,,1
IA-FMR,13.75,8.96012759170654,,,1
IA-FMR,13.85,8.96012759170654,,,1
IA-FMR,13.95,8.96012759170654,,,1
IA-FMR,14.05,8.96012759170654,,,1
IA-FMR,14.15,8.96012759170654,,,1
IA-FMR,14.25,8.96012759170654,,,1
IA-FMR,14.35,8.96012759170654,,,1
IA-FMR,14.45,8.96012759170654,,,1
IA-FMR,14.55,8.96012759170654,,,1
IA-FMR,14.65,8.96012759170654,,,1
IA-FMR,14.75,8.96012759170654,,,1
IA-FMR,14.85,8.96012759170654,,,1
IA-FMR,14.95,8.96012759170654,,,1
IA-FMR,15.05,8.96012759170654,,,1
IA-FMR,15.15,8.96012759170654,,,1
IA-FMR,15.25,8.96012759170654,,,1
IA-FMR,15.35,8.96012759170654,,,1
IA-FMR,15.45,8.96012759170654,,,1
IA-FMR,15.55,8.96012759170654,,,1
IA-FMR,15.65,8.96012759170654,,,1
IA-FMR,15.75,8.96012759170654,,,1
IA-FMR,15.85,8.96012759170654,,,1
IA-FMR,15.95,8.96012759170654,,,1
IA-FMR,16.05,8.96012759170654,,,1
IA-FMR,16.150000000000002,8.96012759170654,,,1
IA-FMR,16.25,8.96012759170654,,,1
IA-FMR,16.35,8.96012759170654,,,1
IA-FMR,16.45,8.96012759170654,,,1
IA-FMR,16.55,8.96012759170654,,,1
IA-FMR,16.650000000000002,8.96012759170654,,,1
IA-FMR,16.75,8.96012759170654,,,1
IA-FMR,16.85,8.96012759170654,,,1
IA-FMR,16.95,8.96012759170654,,,1
IA-FMR,17.05,8.96012759170654,,,1
IA-FMR,17.150000000000002,8.96012759170654,,,1
IA-FMR,17.25,8.96012759170654,,,1
IA-FMR,17.35,8.96012759170654,,,1
IA-FMR,17.45,8.96012759170654,,,1
IA-FMR,17.55,8.96012759170654,,,1
IA-FMR,17.650000000000002,8.96012759170654,,,1
IA-FMR,17.75,8.96012759170654,,,1
IA-FMR,17.85,8.96012759170654,,,1
IA-FMR,17.95,8.96012759170654,,,1
IA-FMR,18.05,8.96012759170654,,,1
IA-FMR,18.15,8.96012759170654,,,1
IA-FMR,18.25,8.96012759170654,,,1
IA-FMR,18.35,8.96012759170654,,,1
IA-FMR,18.45,8.96012759170654,,,1
IA-FMR,18.55,8.96012759170654,,,1
IA-FMR,18.65,8.96012759170654,,,1
IA-FMR,18.75,8.96012759170654,,,1
IA-FMR,18.85,8.96012759170654,,,1
IA-FMR,18.95,8.96012759170654,,,1
IA-FMR,19.05,8.96012759170654,,,1
IA-FMR,19.15,8.96012759170654,,,1
IA-FMR,19.25,8.96012759170654,,,1
IA-FMR,19.35,8.96012759170654,,,1
IA-FMR,19.450000000000003,8.96012759170654,,,1
IA-FMR,19.55,8.96012759170654,,,1
IA-FMR,19.65,8.96012759170654,,,1
IA-FMR,19.75,8.96012759170654,,,1
IA-FMR,19.85,8.96012759170654,,,1
IA-FMR,19.950000000000003,8.96012759170654,,,1
IA-FMR,20.05,8.96012759170654,,,1
IA-FMR,20.15,8.96012759170654,,,1
IA-FMR,20.25,8.96012759170654,,,1
IA-FMR,20.35,8.96012759170654,,,1
IA-FMR,20.450000000000003,8.96012759170654,,,1
IA-FMR,20.55,8.96012759170654,,,1
IA-FMR,20.65,8.96012759170654,,,1
IA-FMR,20.75,8.96012759170654,,,1
IA-FMR,20.85,8.96012759170654,,,1
IA-FMR,20.950000000000003,8.96012759170654,,,1
IA-FMR,21.05,8.96012759170654,,,1
IA-FMR,21.15,8.96012759170654,,,1
IA-FMR,21.25,8.96012759170654,,,1
IA-FMR,21.35,8.96012759170654,,,1
IA-FMR,21.450000000000003,8.96012759170654,,,1
IA-FMR,21.55,8.96012759170654,,,1
IA-FMR,21.65,8.96012759170654,,,1
IA-FMR,21.75,8.96012759170654,,,1
IA-FMR,21.85,8.96012759170654,,,1
IA-FMR,21.950000000000003,8.96012759170654,,,1
IA-FMR,22.05,8.96012759170654,,,1
IA-FMR,22.15,8.96012759170654,,,1
IA-FMR,22.25,8.96012759170654,,,1
IA-FMR,22.35,8.96012759170654,,,1
IA-FMR,22.450000000000003,8.96012759170654,,,1
IA-FMR,22.55,8.96012759170654,,,1
IA-FMR,22.65,8.96012759170654,,,1
IA-FMR,22.75,8.96012759170654,,,1
IA-FMR,22.85,8.96012759170654,,,1
IA-FMR,22.950000000000003,8.96012759170654,,,1
IA-FMR,23.05,8.96012759170654,,,1
IA-FMR,23.15,8.96012759170654,,,1
IA-FMR,23.25,8.96012759170654,,,1
IA-FMR,23.35,8.96012759170654,,,1
IA-FMR,23.450000000000003,8.96012759170654,,,1
IA-FMR,23.55,8.96012759170654,,,1
IA-FMR,23.65,8.96012759170654,,,1
IA-FMR,23.75,8.96012759170654,,,1
IA-FMR,23.85,8.96012759170654,,,1
IA-FMR,23.950000000000003,8.96012759170654,,,1
IA-FMR,24.05,8.96012759170654,,,1
IA-FMR,24.15,8.96012759170654,,,1
IA-FMR,24.25,8.96012759170654,,,1
IA-FMR,24.35,8.96012759170654,,,1
IA-FMR,24.450000000000003,8.96012759170654,,,1
IA-FMR,24.55,8.96012759170654,,,1
IA-FMR,24.65,8.96012759170654,,,1
IA-FMR,24.75,8.96012759170654,,,1
IA-FMR,24.85,8.96012759170654,,,1
IA-FMR,24.950000000000003,8.96012759170654,,,1
IA-FMR,25.05,8.96012759170654,,,1
IA-FMR,25.15,8.96012759170654,,,1
IA-FMR,25.25,8.96012759170654,,,1
IA-FMR,25.35,8.96012759170654,,,1
IA-FMR,25.450000000000003,8.96012759170654,,,1
IA-FMR,25.55,8.96012759170654,,,1
IA-FMR,25.65,8.96012759170654,,,1
IA-FMR,25.75,8.96012759170654,,,1
IA-FMR,25.85,8.96012759170654,,,1
IA-FMR,25.950000000000003,8.96012759170654,,,1
IA-FMR,26.05,8.96012759170654,,,1
IA-FMR,26.15,8.96012759170654,,,1
IA-FMR,26.25,8.96012759170654,,,1
IA-FMR,26.35,8.96012759170654,,,1
IA-FMR,26.450000000000003,8.96012759170654,,,1
IA-FMR,26.55,8.96012759170654,,,1
IA-FMR,26.65,8.96012759170654,,,1
IA-FMR,26.75,8.96012759170654,,,1
IA-FMR,26.85,8.96012759170654,,,1
IA-FMR,26.950000000000003,8.96012759170654,,,1
IA-FMR,27.05,8.96012759170654,,,1
IA-FMR,27.15,8.96012759170654,,,1
IA-FMR,27.25,8.96012759170654,,,1
IA-FMR,27.35,8.96012759170654,,,1
IA-FMR,27.450000000000003,8.96012759170654,,,1
IA-FMR,27.55,8.96012759170654,,,1
IA-FMR,27.65,8.96012759170654,,,1
IA-FMR,27.75,8.96012759170654,,,1
IA-FMR,27.85,8.96012759170654,,,1
IA-FMR,27.950000000000003,8.96012759170654,,,1
IA-FMR,28.05,8.96012759170654,,,1
IA-FMR,28.15,8.96012759170654,,,1
IA-FMR,28.25,8.96012759170654,,,1
IA-FMR,28.35,8.96012759170654,,,1
IA-FMR,28.450000000000003,8.96012759170654,,,1
IA-FMR,28.55,8.96012759170654,,,1
IA-FMR,28.65,8.96012759170654,,,1
IA-FMR,28.75,8.96012759170654,,,1
IA-FMR,28.85,8.96012759170654,,,1
IA-FMR,28.950000000000003,8.96012759170654,,,1
IA-FMR,29.05,8.96012759170654,,,1
IA-FMR,29.15,8.96012759170654,,,1
IA-FMR,29.25,8.96012759170654,,,1
IA-FMR,29.35,8.96012759170654,,,1
IA-FMR,29.450000000000003,8.96012759170654,,,1
IA-FMR,29.55,8.96012759170654,,,1
IA-FMR,29.65,8.96012759170654,,,1
IA-FMR,29.75,8.96012759170654,,,1
IA-FMR,29.85,8.96012759170654,,,1
IA-FMR,29.950000000000003,8.96012759170654,,,1
IA-FMR,30.05,8.96012759170654,,,1
IA-FMR,30.15,8.96012759170654,,,1
IA-FMR,30.25,8.96012759170654,,,1
IA-FMR,30.35,8.96012759170654,,,1
