time_s,alpha_mean,alpha_ci95,n_seeds,alpha_mean_smooth,alpha_ci95_smooth
0.45,0.9931108361585533,0.000657099818725392,100,0.9937634747616946,0.0006908904439017233
0.55,0.9944161133648359,0.0007246810690780546,100,0.9939693770391674,0.0007052416222191894
0.65,0.994381181594113,0.0007339439788541213,100,0.9943850574611576,0.0007337404511039803
0.75,0.9943578774245239,0.0007425963053797652,100,0.9943680921807712,0.0007381854634995795
0.8500000000000001,0.9943652175236767,0.0007380161062648519,100,0.9943642569010868,0.0007402714771177656
0.9500000000000001,0.9943696757550599,0.0007402020197086795,100,0.9943789919816838,0.0007376308995430802
1.05,0.9944020826663149,0.0007346745726557094,100,0.9944005934980736,0.0007362118551619638
1.1500000000000001,0.9944300220728463,0.0007337589731215024,100,0.9944186484108531,0.0007339500459294155
1.25,0.9944238404933984,0.000733416592011035,100,0.9944275177369882,0.0007334906126030546
1.35,0.99442869064472,0.0007332962726766266,100,0.9944236758631767,0.0007332171128988631
1.4500000000000002,0.9944184964514116,0.0007329384740089278,100,0.9944102476803613,0.0007359120959841529
1.55,0.9943835559449525,0.0007415015412669042,100,0.9943949739814948,0.0007369491326283378
1.6500000000000001,0.9943828695481204,0.000736407382609181,100,0.9943806716371663,0.0007395299513056141
1.75,0.9943755894184256,0.0007406809300407569,100,0.9943756151616525,0.0007401926311440251
1.85,0.9943683865184115,0.0007434895807821375,100,0.9943810488619986,0.0007398187538641719
1.9500000000000002,0.9943991706491588,0.0007352857507696211,100,0.9943763817883703,0.0007408176121308374
2.0500000000000003,0.9943615881975404,0.0007436775048407537,100,0.9943916643456644,0.0007376772207567809
2.15,0.9944142341902942,0.0007340684066599677,100,0.9943976045336053,0.0007366504387239445
2.25,0.9944169912129813,0.0007322054046711123,100,0.994416030057157,0.00073297940592604
2.35,0.9944168647681952,0.0007326644064470399,100,0.9944210556806837,0.0007331133871217745
2.45,0.994429311060875,0.0007344703502471714,100,0.9944251526694577,0.0007338519198427434
2.5500000000000003,0.9944292821793028,0.0007344210028340187,100,0.9944233201241571,0.0007343575926636556
2.6500000000000004,0.9944113671322935,0.0007341814249097765,100,0.9944047445518498,0.0007379013063342762
2.75,0.9943735843439532,0.0007451014912590337,100,0.9943996816851665,0.0007381478173864596
2.85,0.9944140935792527,0.0007351605359905687,100,0.9944037798873774,0.000738248829874534
2.95,0.994423661738926,0.0007344844623739999,100,0.9944194098090403,0.0007351512819442121
3.0500000000000003,0.9944204741089421,0.0007358088474680674,100,0.9944119413906322,0.0007372908478577396
3.1500000000000004,0.9943916883240282,0.0007415792337311514,100,0.9943978167167478,0.0007394013424301855
3.25,0.994381287717273,0.0007408159460913379,100,0.9943369062156565,0.0007513004863017057
3.35,0.9942377426056686,0.0007715062790826277,100,0.9942481956500197,0.0007760088134153424
3.45,0.9941255566271178,0.0008157042150720616,100,0.9941607908149533,0.0008015132341475532
3.5500000000000003,0.9941190732120734,0.0008173292082879705,100,0.9941266145630712,0.0008148636050649824
3.6500000000000004,0.9941352138500221,0.000811557391834915,100,0.9941434545344213,0.0008112773694058254
3.75,0.9941760765411684,0.0008049455080945909,100,0.9941587685414434,0.0008085920005195081
3.85,0.9941650152331395,0.0008092731016290184,100,0.9941674018192247,0.0008080024358671518
3.95,0.9941611136833663,0.0008097886978778463,100,0.9941631510972178,0.0008093259662988438
4.05,0.9941633243751475,0.0008089160993896664,100,0.9941656616929601,0.0008064596916224089
4.15,0.9941725470203661,0.0008006742775997141,100,0.9941684551628122,0.000803129600486935
4.25,0.994169494092923,0.0007997984244714247,100,0.9941663633653116,0.0008000486384773666
4.3500000000000005,0.9941570489826459,0.000799673213360961,100,0.9941672024757358,0.0007998854317423283
4.45,0.9941750643516386,0.0008001846573945989,100,0.9941677613900084,0.0007999649675739011
4.55,0.9941711708357406,0.0008000370319661436,100,0.994172897408122,0.0008002405648958226
4.65,0.9941724570369869,0.0008005000053267255,100,0.9941743154756176,0.0008002887374352284
4.75,0.9941793185541254,0.000800329175012816,100,0.9941747375196407,0.0008004301960903665
4.8500000000000005,0.9941724369678098,0.000800461407931558,100,0.9941746255703627,0.0008001993296900272
4.95,0.994172121189153,0.0007998074061257073,100,0.9941721359302663,0.0008000050429008489
5.050000000000001,0.9941718496338359,0.0007997463146452813,100,0.9941741955034082,0.0007998217167403003
5.15,0.9941786156872361,0.000799911429449912,100,0.9941753378681915,0.0007999588562285247
5.25,0.9941755482835023,0.000800218824590381,100,0.9941760127731193,0.0008001898924429973
5.3500000000000005,0.9941738743486193,0.000800439423288699,100,0.9941739645778006,0.0008001804554751377
5.45,0.9941724711012802,0.0007998831185463328,100,0.9941741559751475,0.0008001315281278536
5.550000000000001,0.994176122475543,0.0008000720425485287,100,0.9941746253176639,0.0008000084125503272
5.65,0.9941752823761684,0.0008000700765561201,100,0.9941761286972031,0.0008002941261796693
5.75,0.994176981239898,0.0008007402594343592,100,0.994176444733911,0.0008003695802229926
5.8500000000000005,0.9941770705856665,0.0008002984046784987,100,0.9941757697162399,0.0008004737798989973
5.95,0.9941732573231553,0.0008003826755841336,100,0.9941759344995772,0.0008002880099472642
6.050000000000001,0.9941774755899095,0.0008001829495791603,100,0.9941756491020458,0.0008003438092174874
6.15,0.9941762143930728,0.0008004658024891682,100,0.9941765061328263,0.0008001362358448449
6.25,0.9941758284154966,0.0007997599554662062,100,0.9941742586269428,0.0008000632394918418
6.3500000000000005,0.994170733072259,0.0007999639605201506,100,0.9941738614939664,0.0008000227146500136
6.45,0.9941750229941434,0.0008003442279636838,100,0.9941739462651262,0.000800215444623807
6.550000000000001,0.9941760827289761,0.000800338145387587,100,0.9941676984423191,0.0008014738734062541
6.65,0.9941519896038377,0.0008037392468674918,100,0.9941439929212307,0.0008066100947582332
6.75,0.9941039064308781,0.000815752892019621,100,0.9941189005944517,0.0008114864505283304
6.8500000000000005,0.9941008057486392,0.0008149672126978784,100,0.9941022471343569,0.0008152438572231194
6.95,0.9941020292235534,0.0008150114669518586,100,0.9940999450487215,0.0008149810359404291
7.050000000000001,0.994097000173972,0.0008149644281715505,100,0.9940978430397278,0.0008149048788294908
7.15,0.9940944997216582,0.0008147387413650634,100,0.9940954152332022,0.000814753076129247
7.25,0.9940947458039762,0.000814556058851127,100,0.9940969906880953,0.0008150219572249032
7.3500000000000005,0.9941017265386516,0.000815771071458519,100,0.9941018159629511,0.000815216081096358
7.45,0.9941089755462257,0.0008153211129794281,100,0.994106021735743,0.0008155341886926338
7.550000000000001,0.9941073631223518,0.0008155103816399544,100,0.9941062389733418,0.0008152608583293407
7.65,0.9941023782514478,0.0008149510803686394,100,0.9941055040091404,0.0008152177801319063
7.75,0.9941067706536221,0.0008151918783871252,100,0.9941032208791819,0.0008149863751669518
7.8500000000000005,0.9941005137324759,0.0008148161667450908,100,0.9941005096004795,0.000814651283701963
7.95,0.9940942444153404,0.000813945805973673,100,0.9940967673703985,0.0008144627680959658
8.05,0.9940955439633794,0.0008146263315691336,100,0.9940964773351763,0.0008144764253928176
8.15,0.9940996436268089,0.0008148571386356463,100,0.9940991387617485,0.000814899950553919
8.25,0.994102228695057,0.0008152163814569771,100,0.9941021342307407,0.0008152477380122329
8.35,0.9941045303703562,0.0008156696939440753,100,0.9941022537575143,0.0008151306905561925
8.450000000000001,0.9941000022071295,0.0008145059962675252,100,0.994103459494245,0.0008150347925243665
8.55,0.9941058459052493,0.0008149286873614993,100,0.9941023929736316,0.0008148367185120796
8.65,0.994101330808516,0.0008150754719072143,100,0.9941040703210119,0.0008151260285963083
8.75,0.9941050342492705,0.000815373926520211,100,0.9941040738008279,0.0008152716433694132
8.85,0.9941058563446972,0.0008153655316808141,100,0.9941041122434388,0.0008150991678997219
8.950000000000001,0.9941014461363485,0.0008145580454981408,100,0.9941046291691619,0.0008151429185993556
9.05,0.9941065850264402,0.0008155051786191121,100,0.9941054017925377,0.0008152559796909246
9.15,0.9941081742148244,0.0008157047149555208,100,0.9941060668663803,0.0008156958681312861
9.25,0.994103441357876,0.0008158777108192258,100,0.9941063288542099,0.0008156422749061977
9.35,0.9941073709899293,0.0008153443989438469,100,0.9941054370198404,0.0008155388595159741
9.450000000000001,0.9941054987117158,0.0008153944687848497,100,0.9941064143465196,0.000815434753893455
9.55,0.9941063733379137,0.0008155653939516687,100,0.9941053329852506,0.0008155429283129927
9.65,0.994104126906122,0.0008156689222024597,100,0.9941036503913656,0.0008153316284291814
9.75,0.994100450930061,0.0008147605691334158,100,0.9941044434922061,0.0008153029824068625
9.850000000000001,0.9941087526404351,0.0008154794558847123,100,0.9941043929687527,0.0008150823887699073
9.950000000000001,0.9941039753357619,0.0008150071412915937,100,0.9941009121182264,0.0008127744347434826
10.05,0.9940900083784824,0.0008078367070541416,100,0.9940917140598154,0.000810238905366243
10.15,0.9940811584652021,0.0008078728677529939,100,0.9940859366214685,0.0008079633790943397
10.25,0.9940866430207211,0.0008081805624758837,100,0.9940835246913613,0.000808134728722462
10.350000000000001,0.9940827725881607,0.0008083507559385082,100,0.9940828331616899,0.0008081446399707532
10.450000000000001,0.994079083876188,0.0008079026014978676,100,0.9940811745238771,0.0008079867317968972
10.55,0.9940816671072826,0.0008077068379543157,100,0.9940809302238915,0.0008078469332817418
10.65,0.9940820396882039,0.000807931360393042,100,0.9940814541717908,0.00080786198738613
10.75,0.9940806557198859,0.0008079477638110323,100,0.9940816849607081,0.0008079592256168298
10.850000000000001,0.994082359474035,0.0008079985526464149,100,0.994081684509192,0.0008081071221369734
10.950000000000001,0.994082038333655,0.0008083750499534726,100,0.9940857530417243,0.0008085916864244734
11.05,0.9940928613174829,0.0008094014566735327,100,0.9940900590702153,0.0008091550593503823
11.15,0.994095277559508,0.0008096886714241417,100,0.9940947303828871,0.0008096527160952249
11.25,0.9940960522716703,0.0008098680201880001,100,0.9940952036860241,0.0008098213309517783
11.350000000000001,0.9940942812268939,0.000809907301243193,100,0.9940959403585546,0.000809908630158127
11.450000000000001,0.9940974875770998,0.000809950569043188,100,0.9940957775016507,0.0008099223567075486
11.55,0.9940955637009584,0.0008099091998362647,100,0.994096527881819,0.000809829163007258
11.65,0.9940965323673986,0.0008096277201423213,100,0.9940948441349727,0.00080977449686937
11.75,0.9940924363365612,0.0008097865706295238,100,0.9940950970245465,0.0008098063649791617
11.850000000000001,0.9940963223696797,0.0008100048041656401,100,0.994095763397692,0.0008099317935768893
11.950000000000001,0.9940985314868351,0.0008100040059355034,100,0.9941024842728399,0.0008101397981831572
12.05,0.9941125989620049,0.0008104105844483281,100,0.9941082123035683,0.0008105438341332354
12.15,0.9941135064618648,0.0008112169120158746,100,0.9941134134844982,0.000810993730313796
12.25,0.994114135029625,0.0008113536944771852,100,0.9941154962277418,0.0008112713890493137
12.350000000000001,0.9941188471917353,0.0008112435606548813,100,0.9941154129649167,0.0008112190766465313
12.450000000000001,0.9941132566733897,0.0008110599748075275,100,0.9941148568544721,0.0008108297791104349
12.55,0.9941124666982916,0.0008101858018688962,100,0.9941066750191089,0.0008104495836057532
12.65,0.9940943016856453,0.0008101029741408361,100,0.9941001902669221,0.0008100292560841539
12.75,0.9940938024168297,0.0008097989922427296,100,0.99409469460513,0.0008098438640149119
12.850000000000001,0.9940959797129154,0.00080962962566117,100,0.9940949601083319,0.0008097278421029712
12.950000000000001,0.9940950981952507,0.000809754908405014,100,0.9940955963174444,0.0008096877332462232
13.05,0.9940957110441669,0.0008096786656724855,100,0.9940949588195481,0.0008098752034255389
13.15,0.9940940672192266,0.0008101920361991175,100,0.9940949098791582,0.0008098600520358928
13.25,0.9940949513740811,0.0008097094542360751,100,0.99410059490109,0.0008092442768539641
13.350000000000001,0.9941127661099621,0.0008078313401266998,100,0.9941067501974876,0.0008094362871494554
13.450000000000001,0.99411253310842,0.0008107680670855913,100,0.9941127081852423,0.0008098984355053609
13.55,0.994112825337345,0.0008110958993037918,100,0.9941101907191111,0.0008108156421932728
13.65,0.994105213711568,0.0008105829601904353,100,0.9941102169464013,0.0008110178832086861
13.75,0.9941126117902911,0.0008113747901318313,100,0.9941097312775593,0.0008110318017264341
13.850000000000001,0.9941113683308189,0.0008111376548570352,100,0.9941126009938999,0.000811374800190157
13.950000000000001,0.9941138228605897,0.0008116119555816044,100,0.9941094595802573,0.0008112149018435171
14.05,0.9941031875493636,0.0008108950950919116,100,0.9941064212733295,0.000811329752687222
14.15,0.9941022534100356,0.00081148220738815,100,0.9941056488216335,0.0008113798098844278
14.25,0.9941115055055014,0.0008117621271732219,100,0.994107082052834,0.0008114697649993866
14.350000000000001,0.9941074872429654,0.0008111649604367881,100,0.9941091460148238,0.0008116572346658998
14.450000000000001,0.9941084452960045,0.0008120446163876893,100,0.9941086205754526,0.0008118088025114633
14.55,0.9941099291873879,0.0008122168307099125,100,0.9941091328868722,0.0008120356827854453
14.65,0.9941090241772244,0.0008118456012587338,100,0.9941071694879849,0.0008114905469255411
14.75,0.9941025550993423,0.000810409208807977,100,0.9941095449702985,0.0008116788570906811
14.850000000000001,0.9941170556343285,0.0008127817612053323,100,0.9941074346185298,0.0008124162959993126
14.950000000000001,0.9941026931219187,0.0008140579179846287,100,0.99410980545762,0.0008131043173798519
15.05,0.9941096676166129,0.0008124732729495949,100,0.9941087815250285,0.0008131048175046676
15.15,0.9941139838365538,0.0008127832615797794,100,0.9941122023738908,0.0008122400926671589
15.25,0.9941129556685057,0.0008114637434721026,100,0.9941133205305589,0.0008120651341614716
15.350000000000001,0.9941130220866172,0.0008119483974325327,100,0.9941136854332404,0.0008119739464591058
15.450000000000001,0.9941150785445981,0.0008125096984726821,100,0.9941150482415025,0.0008131552617229114
15.55,0.9941170440932922,0.0008150076892635193,100,0.9941176790223857,0.0008135404985745624
15.65,0.9941209144292668,0.0008131041079874855,100,0.9941184897151238,0.0008134281114770986
15.75,0.9941175106228128,0.0008121725371802911,100,0.9941194339654089,0.0008128039602932242
15.850000000000001,0.9941198768441473,0.000813135235711896,100,0.9941194690182412,0.000812594335225195
15.950000000000001,0.9941210195877638,0.0008124752327833976,100,0.9941179336385407,0.0008125341991803014
16.05,0.9941129044837109,0.0008119921290456109,100,0.9941156465819113,0.0008127472620676393
16.150000000000002,0.9941130156742591,0.0008137744243739096,100,0.9941143282652091,0.000812743977387903
16.25,0.9941170646376571,0.0008124653787441886,100,0.9941152025393224,0.000812604837451803
16.35,0.9941155273060508,0.0008115747092373107,100,0.9941160593871236,0.0008120125932787329
16.45,0.9941155862176626,0.0008119976918546988,100,0.9941157350269049,0.0008120850677753731
16.55,0.9941160915570012,0.00081268280223411,100,0.9941200418711388,0.000811359758801518
16.650000000000002,0.9941284478387528,0.0008093987823157454,100,0.9941413748438065,0.0008134748201713676
16.75,0.9941795851356655,0.000818342875964247,100,0.9941609753162188,0.000815399882192052
16.85,0.9941748929742379,0.0008184579882961637,100,0.9941799680648752,0.0008184633557318809
16.95,0.9941854260847219,0.000818589202935232,100,0.9941810499592177,0.0008184572871338228
17.05,0.9941828308186936,0.0008183246701700727,100,0.9941833558644676,0.0008183834048219388
17.150000000000002,0.9941818106899872,0.0008182363413605119,100,0.9941805063255941,0.0008185202370454911
17.25,0.9941768774681016,0.000818999699605889,100,0.9941811093527914,0.0008186389329928245
17.35,0.9941846399002852,0.0008186807580120725,100,0.9941818059427593,0.0008195732224052279
17.45,0.9941839004598912,0.0008210392095977222,100,0.9941845414516947,0.0008193440633823731
17.55,0.9941850839949073,0.0008183122225373247,100,0.9941820022733677,0.0008191796468998819
17.650000000000002,0.9941770223653047,0.0008181875085645987,100,0.9941759976245863,0.0008183155382603589
17.75,0.9941658865135468,0.0008184468836791534,100,0.9941759721727697,0.0008183495940150554
17.85,0.9941850076394573,0.000818414389801414,100,0.9941735352879172,0.0008181821435576924
17.95,0.9941697117107477,0.0008176851571925096,100,0.9941792721252961,0.0008182464208255554
18.05,0.9941830970256834,0.0008186397154827426,100,0.9941789989211344,0.0008181858956976215
18.150000000000002,0.9941841880269722,0.0008182328144176121,100,0.994181759131588,0.0008182013168972938
18.25,0.9941779923421086,0.0008177314207915272,100,0.9941815975569505,0.0008184075127240436
18.35,0.9941826123017706,0.0008192583029629915,100,0.9941827531188087,0.0008185332781844634
18.45,0.994187654712547,0.0008186101107988715,100,0.9941837907464812,0.0008188136002095914
18.55,0.9941811052251259,0.000818572386866911,100,0.9941833871670331,0.000818499975599033
18.650000000000002,0.9941814015634263,0.0008183174291313166,100,0.9941819807084018,0.0008185131553254081
18.75,0.994183435336653,0.0008186496499779965,100,0.9941826327483065,0.0008184922857940163
18.85,0.9941830613448407,0.0008185097782727356,100,0.9941826695605416,0.0008184151858728791
18.95,0.9941815120001313,0.0008180861293679055,100,0.994182451250922,0.0008183071439214956
19.05,0.994182780407794,0.0008183255241238456,100,0.9941806111363286,0.000818423383577678
19.150000000000002,0.9941775410010605,0.000818858497241283,100,0.994180520850815,0.0008192334651472384
19.25,0.9941812411435906,0.0008205163740765865,100,0.9941809104800948,0.0008192706206113543
19.35,0.9941839492956334,0.0008184369905161932,100,0.9941859124837517,0.0008193575189375356
19.450000000000003,0.994192547012031,0.0008191191922198272,100,0.9941878296744212,0.0008187025520917495
19.55,0.9941869927155991,0.0008185514735392282,100,0.9941886660385425,0.0008187705509081891
19.650000000000002,0.9941864583879976,0.000818640986965512,100,0.9941853667647601,0.0008185239268873758
19.75,0.9941826491906837,0.0008183793201573872,100,0.9941832670292903,0.0008184125644079151
19.85,0.9941806935091897,0.0008182173861008462,100,0.9941819152473226,0.0008183278749084774
19.950000000000003,0.9941824030420945,0.0008183869184671987,100,0.9941645020481363,0.0008241461750833177
20.05,0.9941304095931248,0.0008358342206819084,100,0.9941533889793611,0.0008293604983962933
20.150000000000002,0.9941473543028642,0.0008338603560397728,100,0.9941474039156598,0.0008355571018556256
20.25,0.9941644478509903,0.0008369767288451955,100,0.9941525312250779,0.0008360104646972987
20.35,0.994145791521379,0.000837194309206928,100,0.9941570376713275,0.0008359551470094856
20.450000000000003,0.994160873641613,0.0008336944029763337,100,0.9941553541531897,0.0008363878110096435
20.55,0.9941593972965772,0.0008382747208456687,100,0.9941600084291572,0.0008366732563888412
20.650000000000002,0.9941597543492816,0.0008380506453445211,100,0.9941606348017528,0.0008361765592762273
20.75,0.9941627527593991,0.0008322043116384922,100,0.9941610632995391,0.0008358648765934948
20.85,0.9941606827899366,0.000837339672797471,100,0.9941623445480424,0.0008361985884524468
20.950000000000003,0.9941635980947917,0.0008390517809213777,100,0.9941632106702883,0.0008363035885857788
21.05,0.9941653511261365,0.0008325193120384877,100,0.9941653536689873,0.0008366391623974151
21.150000000000002,0.9941671117860339,0.0008383463942323799,100,0.9941611986705151,0.0008369038002685188
21.25,0.994151133099375,0.0008398456945346887,100,0.9941600695915848,0.000837415417693992
21.35,0.9941619638893452,0.0008340541643149076,100,0.9941542486142718,0.0008379835850156706
21.450000000000003,0.9941496488540951,0.0008400508961974157,100,0.9941560505797495,0.0008376796998396965
21.55,0.9941565389958086,0.0008389340390067661,100,0.9941568532727868,0.0008372396551859142
21.650000000000002,0.9941643719684566,0.0008327340303535609,100,0.9941597427229177,0.0008364923905554018
21.75,0.9941583172044882,0.0008378091023058786,100,0.9941630934776673,0.0008358816995004412
21.85,0.994166591260057,0.0008371019658418839,100,0.9941634886034404,0.0008359451571417718
21.950000000000003,0.9941655573457757,0.0008329244032775528,100,0.9941616562363511,0.0008357779335636514
22.05,0.9941528201032205,0.0008373074315715176,100,0.9941589799834732,0.0008358978476158317
22.150000000000002,0.9941585625014236,0.0008374617079984247,100,0.9941588139295284,0.0008360252963533519
22.25,0.9941650591839415,0.0008333067494901139,100,0.9941557416076124,0.0008360167205979993
22.35,0.9941436031374724,0.0008372817043054593,100,0.9941556408433936,0.0008365114380589608
22.450000000000003,0.994158260208767,0.0008389458603813091,100,0.99415306982764,0.0008370767029387372
22.55,0.9941573461366806,0.0008350025441294436,100,0.9941574487262792,0.0008376637103636874
22.650000000000002,0.9941567398333899,0.0008390427265803094,100,0.9941566264291808,0.0008376578440103997
22.75,0.9941557933174721,0.0008389282613214458,100,0.9941581984844575,0.0008372119765055309
22.85,0.9941620623025109,0.0008336649416148374,100,0.9941591682780753,0.0008368143934872934
22.950000000000003,0.994159649214243,0.0008378499775255966,100,0.9941563607338791,0.0008375755859185505
23.05,0.9941473706848833,0.0008412118386152174,100,0.9941597769025711,0.0008374961390095762
23.150000000000002,0.994172310808587,0.0008334266008879144,100,0.9941603129154295,0.0008373211690373109
23.25,0.9941612572528181,0.0008373250676088009,100,0.9941570648745697,0.0008390419965920516
23.35,0.9941376265623039,0.0008463743212794396,100,0.994145573272287,0.0008451693419151162
23.450000000000003,0.9941378360017391,0.0008518086368571083,100,0.9941356645602276,0.0008505141403860497
23.55,0.9941315311166399,0.000853359463021601,100,0.9941367308305794,0.0008524005031278859
23.650000000000002,0.9941408253733592,0.0008520334095049485,100,0.9941357669071823,0.0008521831312147948
23.75,0.9941349442315479,0.0008511565211178348,100,0.9941395471584539,0.0008516404860723406
23.85,0.9941428718704547,0.0008517315275942381,100,0.9941393136662615,0.0008513787123082273
23.950000000000003,0.9941401248967818,0.0008512480882126092,100,0.9941418094650162,0.0008515338272730434
24.05,0.994142431627812,0.000851621866012283,100,0.9941427839545195,0.00085070260816761
24.150000000000002,0.9941457953389643,0.0008492378702779375,100,0.9941369096189829,0.0008505285850604182
24.25,0.9941225018901727,0.0008507260188910341,100,0.994134835938946,0.0008506762983083007
24.35,0.9941362105877009,0.0008520650057559307,100,0.9941335332969329,0.0008513098269477048
24.450000000000003,0.9941418874129252,0.0008511384561961495,100,0.9941401536929036,0.0008504552704160749
24.55,0.9941423630780849,0.0008481623492961448,100,0.9941385099295118,0.0008510201931569493
24.650000000000002,0.9941312792975253,0.0008537597739785534,100,0.99413270124787,0.0008514194972570671
24.75,0.9941244613679997,0.0008523363684965031,100,0.9941306831434361,0.0008526236840985839
24.85,0.9941363087647833,0.0008517749098206953,100,0.9941316590876487,0.0008523840174313428
24.950000000000003,0.9941342071301631,0.0008530407739768301,100,0.9941376271691779,0.0008517513859961024
25.05,0.9941423656125875,0.000850438474190782,100,0.9941393371464505,0.0008516349090404931
25.150000000000002,0.994141438696601,0.0008514254789538673,100,0.9941409090894971,0.0008514081931126266
25.25,0.9941389229593027,0.0008523606261932302,100,0.994141482763185,0.0008514426603139407
25.35,0.9941440866336514,0.0008505418757947245,100,0.9941406287871281,0.0008515127416100273
25.450000000000003,0.9941388767684302,0.0008516357228421272,100,0.9941377627650234,0.0008517742357773196
25.55,0.9941303248929888,0.0008531451086951069,100,0.9941368877986708,0.0008521654752837862
25.650000000000002,0.9941414617345933,0.0008517155943141245,100,0.9941358909586887,0.000852576163329951
25.75,0.9941358862484843,0.0008528677869806217,100,0.9941396960942784,0.000850978659260559
25.85,0.994141740299758,0.0008483525964869308,100,0.9941393942547009,0.0008507351597247574
25.950000000000003,0.9941405562158602,0.0008509850957067197,100,0.9941396347978896,0.0008502762656254245
26.05,0.9941366078780508,0.0008514911046826228,100,0.9941358138145114,0.0008515330969505757
26.150000000000002,0.9941302773496232,0.0008521230904623844,100,0.9941362871447502,0.0008519728912288225
26.25,0.9941419762065764,0.0008523044785414605,100,0.9941377703502373,0.0008523795181529648
26.35,0.9941410574945124,0.0008527109854550494,100,0.9941416712456558,0.0008522911685443571
26.450000000000003,0.9941419800358782,0.0008518580416365613,100,0.9941426965038774,0.0008525620553732353
26.55,0.9941450519812416,0.0008531171390280948,100,0.9941435029337914,0.0008499041782806544
26.650000000000002,0.9941434767842545,0.0008447373541773069,100,0.9941394699175881,0.0008444445958968824
26.75,0.9941298809872682,0.0008354792944852453,100,0.9941356914464334,0.0008388646807086531
26.85,0.9941337165677777,0.0008363773934634072,100,0.9941348829790831,0.0008360553875197844
26.950000000000003,0.9941410513822037,0.0008363094746107004,100,0.9941334671481009,0.0008365565112602519
27.05,0.9941256334943211,0.0008369826657066478,100,0.9941305653857441,0.0008371919457413258
27.150000000000002,0.9941250112807072,0.0008382836969066295,100,0.9941247725015897,0.000838105256595619
27.25,0.9941236727297408,0.0008390494071735799,100,0.9941239421682324,0.0008386627541096207
27.35,0.9941231424942493,0.0008386551582486524,100,0.9941256896814329,0.0008387456601000456
27.450000000000003,0.9941302538203085,0.0008385324148779049,100,0.9941248980586934,0.0008385205348181174
27.55,0.9941212978615226,0.0008383740313277944,100,0.9941262251071002,0.0008385235222865864
27.650000000000002,0.9941271236394698,0.0008386641206540599,100,0.9941257898957838,0.0008383114828703547
27.75,0.9941289481863591,0.0008378962966292099,100,0.994126017133896,0.0008382884555502259
27.85,0.994121979575859,0.0008383049493674074,100,0.9941255694856125,0.0008381804157419067
27.950000000000003,0.9941257806946193,0.000838340001229103,100,0.9941262285753026,0.0008383313538219139
28.05,0.9941309254554292,0.0008383491108692314,100,0.9941282487269648,0.0008383675368883733
28.150000000000002,0.9941280400308456,0.0008384134985667856,100,0.994124688157176,0.0008411660622599763
28.25,0.9941150989852535,0.0008467355773439124,100,0.9941198856399606,0.000843893073804297
28.35,0.9941165179037829,0.0008465301455021929,100,0.9941164735186976,0.0008465615317569598
28.450000000000003,0.9941178036670564,0.000846418872424774,100,0.9941208860958776,0.0008441065935663716
28.55,0.9941283367167937,0.0008393707627721477,100,0.9941283505420605,0.0008405503650196756
28.650000000000002,0.9941389112423312,0.0008358614598621052,100,0.9941341832118201,0.0008381948105200962
28.75,0.9941353016763352,0.0008393522089260355,100,0.9941356984651998,0.0008379006239300069
28.85,0.9941328824769329,0.0008384882030018796,100,0.9941365522860529,0.0008387216500237217
28.950000000000003,0.9941414727048905,0.0008383245381432499,100,0.9941383994847078,0.0008387277129885657
29.05,0.9941408432723,0.0008393703978205675,100,0.9941400025249254,0.0008387464941649589
29.150000000000002,0.9941376915975855,0.000838544546531059,100,0.9941392803058392,0.0008389698372192542
29.25,0.9941393060476326,0.0008389945673061359,100,0.9941392438525279,0.0008386060686953943
29.35,0.9941407339123656,0.0008382790922489881,100,0.9941397691368747,0.0008388141266261016
29.450000000000003,0.9941392674506261,0.0008391687203231806,100,0.9941338847630196,0.0008386019934094954
29.55,0.9941216529260669,0.0008383581676563176,100,0.9941355723653119,0.000839125466154575
29.650000000000002,0.9941457967192427,0.0008398495104842268,100,0.9941368115017614,0.0008387505485583542
29.75,0.9941429848599745,0.0008380439675345181,100,0.9941431194586502,0.0008386424698279336
29.85,0.9941405767967333,0.0008380339314650561,100,0.9941415088987622,0.0008383616093298753
29.950000000000003,0.9941409650395784,0.0008390069289900519,100,0.9941728112828235,0.0008276635414144476
30.05,0.9942368920121589,0.0008059497637882348,100,0.9942088359820264,0.0008172603810463415
30.150000000000002,0.9942486508943418,0.0008068244503607379,100,0.994243310525038,0.0008063034598427555
30.25,0.9942443886686132,0.0008061361653792938,100,0.9942467912221326,0.0008064174480821393
30.35,0.9942473341034426,0.0008062917285063863,100,0.9942458613860279,0.0008062139469428401
