mode,time_bin_s,backlog_mbit,backlog_mbit_smooth
IA-FMR,0.45,3.497644421052631,5.380721862700229
IA-FMR,0.55,7.263799304347827,7.290961275555428
IA-FMR,0.65,11.111440101265822,11.190812274989497
IA-FMR,0.75,15.197197419354838,15.187166290313044
IA-FMR,0.8500000000000001,19.252861350318472,19.247478749126774
IA-FMR,0.9500000000000001,23.292377477707007,23.299426751592353
IA-FMR,1.05,27.353041426751595,27.372514004246284
IA-FMR,1.1500000000000001,31.472123108280254,31.466696290171907
IA-FMR,1.25,35.57492433548387,35.5682643884277
IA-FMR,1.35,39.65774572151899,39.653604890795826
IA-FMR,1.4500000000000002,43.728144615384615,43.716364108054925
IA-FMR,1.55,47.76320198726115,47.787550525668244
IA-FMR,1.6500000000000001,51.87130497435898,51.85921285981817
IA-FMR,1.75,55.94313161783439,55.94105056026698
IA-FMR,1.85,60.008715088607595,59.99637204744647
IA-FMR,1.9500000000000002,64.03726943589744,64.05344965254203
IA-FMR,2.0500000000000003,68.11436443312103,68.11239038096794
IA-FMR,2.15,72.18553727388534,72.18035162632697
IA-FMR,2.25,76.24115317197453,76.26567831847133
IA-FMR,2.35,80.37034450955414,80.34581037247536
IA-FMR,2.45,84.42593343589743,84.4278028878001
IA-FMR,2.5500000000000003,88.48713071794872,88.50639862453046
IA-FMR,2.6500000000000004,92.60613171974522,92.57794801426316
IA-FMR,2.75,96.64058160509555,96.66864754140128
IA-FMR,2.85,100.75922929936306,100.73993586707759
IA-FMR,2.95,104.8199966967742,104.83087714945553
IA-FMR,3.0500000000000003,108.9134054522293,108.9058291265909
IA-FMR,3.1500000000000004,112.98408523076922,112.97236876016093
IA-FMR,3.25,117.01961559748426,117.04002240941782
IA-FMR,3.35,121.11636639999999,121.1203572812127
IA-FMR,3.45,125.22508984615385,125.21637599712558
IA-FMR,3.5500000000000003,129.30767174522293,129.31085975763514
IA-FMR,3.6500000000000004,133.39981768152867,133.39272261904378
IA-FMR,3.75,137.47067843037976,137.45846747320024
IA-FMR,3.85,141.5049063076923,141.51733111651234
IA-FMR,3.95,145.57640861146496,145.57112620447492
IA-FMR,4.05,149.63206369426752,149.65133622234094
IA-FMR,4.15,153.74553636129033,153.7387982970003
IA-FMR,4.25,157.83879483544303,157.84013894591968
IA-FMR,4.3500000000000005,161.93608564102564,161.89923290616898
IA-FMR,4.45,165.9228182420382,165.95644843660514
IA-FMR,4.55,170.01044142675158,170.02255204344274
IA-FMR,4.65,174.13439646153847,174.11866188633022
IA-FMR,4.75,178.21114777070065,178.22003288083184
IA-FMR,4.8500000000000005,182.31455441025642,182.30560761587458
IA-FMR,4.95,186.39112066666667,186.38778208893214
IA-FMR,5.050000000000001,190.45767118987342,190.46262914876124
IA-FMR,5.15,194.5390955897436,194.5357848161356
IA-FMR,5.25,198.6105876687898,198.61413170156243
IA-FMR,5.3500000000000005,202.69271184615386,202.69092480646745
IA-FMR,5.45,206.7694749044586,206.77653992324028
IA-FMR,5.550000000000001,210.8674330191083,210.86362092075888
IA-FMR,5.65,214.95395483870965,214.94752433835023
IA-FMR,5.75,219.0211851572327,219.020523172841
IA-FMR,5.8500000000000005,223.08642952258063,223.09224827331357
IA-FMR,5.95,227.16913014012738,227.16341838545964
IA-FMR,6.050000000000001,231.2346954936709,231.24016453599725
IA-FMR,6.15,235.31666797419354,235.29733462346007
IA-FMR,6.25,239.34064040251573,239.36874131266654
IA-FMR,6.3500000000000005,243.44891556129033,245.58793688793534
IA-FMR,6.45,253.9742547,256.1397679256061
IA-FMR,6.550000000000001,270.99613351552796,270.98124549741914
IA-FMR,6.65,287.97334827672955,287.95285376408583
IA-FMR,6.75,304.8890795,304.90770642557646
IA-FMR,6.8500000000000005,321.8606915,321.86069556666666
IA-FMR,6.95,338.8323157,338.8490657540372
IA-FMR,7.050000000000001,355.8541900621118,355.8392875978528
IA-FMR,7.15,372.83135703144654,372.81087656451945
IA-FMR,7.25,389.7470826,389.7657148104822
IA-FMR,7.3500000000000005,406.7187048,406.71869480000004
IA-FMR,7.45,423.690297,423.7070539995859
IA-FMR,7.550000000000001,440.7121601987578,440.69725406834897
IA-FMR,7.65,457.68930500628926,457.6688365016824
IA-FMR,7.75,474.60504430000003,474.62366961876313
IA-FMR,7.8500000000000005,491.57665955000004,491.5766488000001
IA-FMR,7.95,508.54824255000005,508.56499882008285
IA-FMR,8.05,525.5700943602484,525.5719377200829
IA-FMR,8.15,542.59747625,542.562142404674
IA-FMR,8.25,559.5188566037735,559.516975151258
IA-FMR,8.35,576.4345926,576.4532153845912
IA-FMR,8.450000000000001,593.40619695,593.4229386119047
IA-FMR,8.55,610.4280262857143,610.4298860785715
IA-FMR,8.65,627.4554350000001,627.4200906507937
IA-FMR,8.75,644.3768106666666,644.3749295555557
IA-FMR,8.85,661.292543,661.3111639722222
IA-FMR,8.950000000000001,678.26413825,678.2808840771222
IA-FMR,9.05,695.2859709813665,695.2878340604556
IA-FMR,9.15,712.31339295,712.2780386941032
IA-FMR,9.25,729.2347521509433,729.2328800503145
IA-FMR,9.35,746.15049505,746.1691074169811
IA-FMR,9.450000000000001,763.1220750499999,763.1388301658385
IA-FMR,9.55,780.1439203975156,780.1457783825052
IA-FMR,9.65,797.1713397000001,797.1359863721278
IA-FMR,9.75,814.092699018868,814.0908290896227
IA-FMR,9.850000000000001,831.0084485499999,831.0270537896226
IA-FMR,9.950000000000001,847.9800138,847.9967810317806
IA-FMR,10.05,865.0018807453416,865.0037247317805
IA-FMR,10.15,882.02927965,881.9939410122837
IA-FMR,10.25,898.9506626415094,898.9487764138365
IA-FMR,10.350000000000001,915.86638695,915.8850036638365
IA-FMR,10.450000000000001,932.8379613999999,932.8547244313664
IA-FMR,10.55,949.8598249440994,949.8616723980331
IA-FMR,10.65,966.88723085,966.8518870089347
IA-FMR,10.75,983.8086052327044,983.8067214775682
IA-FMR,10.850000000000001,1000.72432835,1000.7429497275681
IA-FMR,10.950000000000001,1017.6959156,1017.7126722897516
IA-FMR,11.05,1034.7177729192547,1034.7196245397515
IA-FMR,11.15,1051.7451851,1051.7098333691017
IA-FMR,11.25,1068.6665420880502,1068.6646672293502
IA-FMR,11.350000000000001,1085.5822745,1085.6008970960168
IA-FMR,11.450000000000001,1102.5538747,1102.5706229838509
IA-FMR,11.55,1119.575719751553,1119.5775752005177
IA-FMR,11.65,1136.60313115,1136.5677750049201
IA-FMR,11.75,1153.5244741132074,1153.5226114377358
IA-FMR,11.850000000000001,1170.44022905,1170.4588427210692
IA-FMR,11.950000000000001,1187.411825,1187.4285748034163
IA-FMR,12.05,1204.4336703602485,1204.4355212534163
IA-FMR,12.15,1221.4610684,1221.4257193603344
IA-FMR,12.25,1238.3824193207547,1238.380559956918
IA-FMR,12.350000000000001,1255.29819215,1258.2296681902515
IA-FMR,12.450000000000001,1281.0083931000001,1283.9981193897518
IA-FMR,12.55,1315.6877729192547,1315.6895949397515
IA-FMR,12.65,1350.3726188,1350.3006331810514
IA-FMR,12.75,1384.8415078238993,1384.839658824633
IA-FMR,12.850000000000001,1419.30484985,1419.3417861246332
IA-FMR,12.950000000000001,1453.8790007,1453.8789976833332
IA-FMR,13.05,1488.4531425,1488.4882471867495
IA-FMR,13.15,1523.1325983602485,1523.0993333098104
IA-FMR,13.25,1557.7122590691822,1557.6832257098101
IA-FMR,13.350000000000001,1592.2048197,1592.278778156394
IA-FMR,13.450000000000001,1626.9192557000001,1626.9228578833333
IA-FMR,13.55,1661.6444982500002,1661.6797612297103
IA-FMR,13.65,1696.4755297391303,1696.442095367446
IA-FMR,13.75,1731.2062581132075,1731.167330567446
IA-FMR,13.850000000000001,1765.8202038499999,1765.857306687736
IA-FMR,13.950000000000001,1800.5454581,1800.5454516500001
IA-FMR,14.05,1835.270693,1835.305962300414
IA-FMR,14.15,1870.1017358012423,1870.0682876884646
IA-FMR,14.25,1904.8324342641508,1904.7935261384644
IA-FMR,14.350000000000001,1939.44640835,1939.4834988380505
IA-FMR,14.450000000000001,1974.1716539000001,1974.1716556000001
IA-FMR,14.55,2008.8969045500003,2008.9321600630437
IA-FMR,14.65,2043.7279217391306,2043.6944872032952
IA-FMR,14.75,2078.4586353207546,2078.419722603295
IA-FMR,14.850000000000001,2113.07261075,2113.109692323585
IA-FMR,14.950000000000001,2147.7978309,2147.7978387166663
IA-FMR,15.05,2182.5230745,2182.558325915942
IA-FMR,15.15,2217.354072347826,2217.320647842357
IA-FMR,15.25,2252.0847966792453,2252.045872942357
IA-FMR,15.350000000000001,2286.6987498,2286.7358418764147
IA-FMR,15.450000000000001,2321.42397915,2321.4239811833336
IA-FMR,15.55,2356.1492146,2356.184473792443
IA-FMR,15.65,2390.980227627329,2390.94679901498
IA-FMR,15.75,2425.71095481761,2425.6720236983133
IA-FMR,15.850000000000001,2460.32488865,2460.3619924558698
IA-FMR,15.950000000000001,2495.0501338999998,2495.0501253999996
IA-FMR,16.05,2529.77535365,2529.8106230384055
IA-FMR,16.150000000000002,2564.6063815652174,2564.5729433191186
IA-FMR,16.25,2599.3370947421386,2599.3334321272964
IA-FMR,16.35,2634.0568200745342,2634.0604926957044
IA-FMR,16.45,2668.7875632704404,2668.748626748325
IA-FMR,16.55,2703.4014969,2703.473864446047
IA-FMR,16.650000000000002,2738.232533167702,2738.199087137871
IA-FMR,16.75,2772.963231345912,2772.9595858192383
IA-FMR,16.85,2807.6829929440996,2807.6866410526454
IA-FMR,16.95,2842.4136988679243,2842.374781070675
IA-FMR,17.05,2877.0276514,2877.100003381234
IA-FMR,17.150000000000002,2911.858659875776,2911.8251512722186
IA-FMR,17.25,2946.5891425408804,2946.5854418490308
IA-FMR,17.35,2981.308523130435,2981.312289697567
IA-FMR,17.45,3016.0392034213837,3016.0002972839393
IA-FMR,17.55,3050.6531653,3050.725517789115
IA-FMR,17.650000000000002,3085.4841846459626,3085.4507591979204
IA-FMR,17.75,3120.214927647799,3120.211259079287
IA-FMR,17.85,3154.9346649440995,3154.938313388075
IA-FMR,17.95,3189.665347572327,3189.626441088809
IA-FMR,18.05,3224.27931075,3224.351668981148
IA-FMR,18.150000000000002,3259.1103486211177,3259.076911580729
IA-FMR,18.25,3293.841075371069,3293.837403541909
IA-FMR,18.35,3328.5607866335404,3324.150497347449
IA-FMR,18.45,3350.049630037736,3345.650974757092
IA-FMR,18.55,3358.3425076,3358.3598639662014
IA-FMR,18.650000000000002,3366.68745426087,3366.6812574588644
IA-FMR,18.75,3375.013810515723,3375.010488126359
IA-FMR,18.85,3383.3301996024843,3383.3335326473693
IA-FMR,18.95,3391.6565878239,3391.645417842128
IA-FMR,19.05,3399.9494661,3399.966817792439
IA-FMR,19.150000000000002,3408.294399453416,3408.288198773571
IA-FMR,19.25,3416.6207307672953,3416.6174326905475
IA-FMR,19.35,3424.937167850932,3424.9404782060756
IA-FMR,19.450000000000003,3433.263536,3433.252377133644
IA-FMR,19.55,3441.55642755,3441.573759642961
IA-FMR,19.650000000000002,3449.901315378882,3449.8951440454766
IA-FMR,19.75,3458.227689207547,3458.2243713010666
IA-FMR,19.85,3466.5441093167706,3466.547430384416
IA-FMR,19.950000000000003,3474.8704926289306,3474.8317022652336
IA-FMR,20.05,3483.0805048499997,3483.066837536455
IA-FMR,20.150000000000002,3491.2495151304347,3491.2434968739813
IA-FMR,20.25,3499.40047064151,3499.397152209696
IA-FMR,20.35,3507.5414708571425,3507.5447848265953
IA-FMR,20.450000000000003,3515.6924129811323,3515.681430562758
IA-FMR,20.55,3523.81040785,3523.827391506858
IA-FMR,20.650000000000002,3531.9793536894413,3531.9733576116796
IA-FMR,20.75,3540.1303112955975,3540.1269872103344
IA-FMR,20.85,3548.271296645963,3548.274616902952
IA-FMR,20.950000000000003,3556.4222427672953,3556.411259037753
IA-FMR,21.05,3564.5402377,3564.5572220025556
IA-FMR,21.150000000000002,3572.7091855403723,3572.703187537147
IA-FMR,21.25,3580.8601393710696,3580.856819078141
IA-FMR,21.35,3589.0011323229814,3589.0044474619585
IA-FMR,21.450000000000003,3597.1520706918236,3597.141092904935
IA-FMR,21.55,3605.2700757,3605.287054428745
IA-FMR,21.650000000000002,3613.43901689441,3613.433020583881
IA-FMR,21.75,3621.5899691572326,3621.5866475410235
IA-FMR,21.85,3629.730956571428,3629.73427578796
IA-FMR,21.950000000000003,3637.8819016352204,3637.870921218883
IA-FMR,22.05,3645.9999054499995,3646.016881616398
IA-FMR,22.150000000000002,3654.168837763975,3654.162852802981
IA-FMR,22.25,3662.3198151949687,3662.316480327929
IA-FMR,22.35,3670.4607880248445,3670.464112771384
IA-FMR,22.450000000000003,3678.6117350943396,3678.600747673061
IA-FMR,22.55,3686.7297199,3686.746713569542
IA-FMR,22.650000000000002,3694.8986857142854,3694.892684454238
IA-FMR,22.75,3703.049647748428,3703.0463154275294
IA-FMR,22.85,3711.1906128198757,3711.1939394850324
IA-FMR,22.950000000000003,3719.3415578867925,3719.330577035556
IA-FMR,23.05,3727.4595604,3727.4765466421813
IA-FMR,23.150000000000002,3735.628521639752,3735.622517308848
IA-FMR,23.25,3743.7794698867924,3743.7761436268606
IA-FMR,23.35,3751.920439354037,3751.9237650509262
IA-FMR,23.450000000000003,3760.07138591195,3760.060408521995
IA-FMR,23.55,3768.1894003,3768.2063856482896
IA-FMR,23.650000000000002,3776.3583707329194,3776.3523506461934
IA-FMR,23.75,3784.5092809056605,3784.50597274081
IA-FMR,23.85,3792.6502665838507,3792.653589674701
IA-FMR,23.950000000000003,3800.8012215345916,3800.7902458728145
IA-FMR,24.05,3808.9192495,3808.9362157113233
IA-FMR,24.150000000000002,3817.088176099379,3817.0821797700232
IA-FMR,24.25,3825.239113710692,3825.235798334206
IA-FMR,24.35,3833.3801051925466,3839.267596120786
IA-FMR,24.450000000000003,3859.1835694591196,3864.9866803505556
IA-FMR,24.55,3902.3963664000003,3902.4866816424806
IA-FMR,24.650000000000002,3945.880109068323,3945.8377634705735
IA-FMR,24.75,3989.2368149433964,3989.2330756726437
IA-FMR,24.85,4032.5823030062115,4032.5860406582547
IA-FMR,24.950000000000003,4075.939004025157,4075.891029777123
IA-FMR,25.05,4119.1517823,4119.2421109199795
IA-FMR,25.150000000000002,4162.635546434783,4162.593193083502
IA-FMR,25.25,4205.992250515724,4205.988512308554
IA-FMR,25.35,4249.337739975155,4249.3414714969595
IA-FMR,25.450000000000003,4292.694423999999,4292.646455058385
IA-FMR,25.55,4335.9072012,4335.953308416666
IA-FMR,25.650000000000002,4379.25830005,4379.258299833334
IA-FMR,25.75,4422.609398250001,4422.653619367081
IA-FMR,25.85,4466.093159801242,4466.050803878716
IA-FMR,25.950000000000003,4509.449853584905,4509.401883812049
IA-FMR,26.05,4552.66263805,4552.708744911634
IA-FMR,26.150000000000002,4596.0137431,4596.013732616667
IA-FMR,26.25,4639.3648167,4639.409051130021
IA-FMR,26.35,4682.848593590063,4682.806192679497
IA-FMR,26.450000000000003,4726.205167748428,4726.157234762831
IA-FMR,26.55,4769.41794295,4769.464046032809
IA-FMR,26.650000000000002,4812.7690274,4812.769026566667
IA-FMR,26.75,4856.12010935,4856.164340175466
IA-FMR,26.85,4899.603883776397,4899.561522689931
IA-FMR,26.950000000000003,4942.960574943397,4942.912611056598
IA-FMR,27.05,4986.17337445,4986.219468664465
IA-FMR,27.150000000000002,5029.5244566,5029.5244576
IA-FMR,27.25,5072.87554175,5072.919774141511
IA-FMR,27.35,5116.359324074534,5116.316957019079
IA-FMR,27.450000000000003,5159.716005232704,5159.6680427190795
IA-FMR,27.55,5202.92879885,5202.974897327568
IA-FMR,27.650000000000002,5246.2798879,5246.279888399999
IA-FMR,27.75,5289.63097845,5289.675204510041
IA-FMR,27.85,5333.114747180124,5333.072342673354
IA-FMR,27.950000000000003,5376.471302389937,5376.423219706688
IA-FMR,28.05,5419.68360955,5419.729869379979
IA-FMR,28.150000000000002,5463.0346962,5463.034696933333
IA-FMR,28.25,5506.38578505,5506.430009427018
IA-FMR,28.35,5549.869547031056,5549.827190894943
IA-FMR,28.450000000000003,5593.2262406037735,5593.178277194944
IA-FMR,28.55,5636.43904395,5636.485137234591
IA-FMR,28.650000000000002,5679.7901271499995,5679.790126083334
IA-FMR,28.75,5723.14120715,5723.185436932297
IA-FMR,28.85,5766.624976496894,5766.58261895148
IA-FMR,28.950000000000003,5809.981673207547,5809.933708684814
IA-FMR,29.05,5853.1944763500005,5853.240566785848
IA-FMR,29.150000000000002,5896.5455508,5896.545551533333
IA-FMR,29.25,5939.89662745,5939.940867151657
IA-FMR,29.35,5983.380423204969,5983.3380567508175
IA-FMR,29.450000000000003,6026.737119597485,6026.689144784152
IA-FMR,29.55,6069.94989155,6069.995997265828
IA-FMR,29.650000000000002,6113.3009806499995,6113.30097985
IA-FMR,29.75,6156.65206735,6156.696304
IA-FMR,29.85,6200.135864,6200.093487137631
IA-FMR,29.950000000000003,6243.492530062893,6243.444571620964
IA-FMR,30.05,6286.7053208,6286.751420404297
IA-FMR,30.150000000000002,6330.05641035,6330.056413066665
IA-FMR,30.25,6373.40750805,6373.407507299999
IA-FMR,30.35,6416.7586035,6395.083055775
MR,0.45,4.1812360336134455,8.254570088878795
MR,0.55,12.327904144144144,12.322028012468905
MR,0.65,20.456943859649126,20.45978896762528
MR,0.75,28.59451889908257,28.53272525897117
MR,0.8500000000000001,36.54671301818182,36.567503660109146
MR,0.9500000000000001,44.56127906306306,44.69024083660543
MR,1.05,52.962730428571426,52.79327715218225
MR,1.1500000000000001,60.85582196491228,60.93334126877591
MR,1.25,68.98147141284404,68.95625112591878
MR,1.35,77.03146000000001,76.97956178047184
MR,1.4500000000000002,84.92575392857144,84.99146052273703
MR,1.55,93.01716763963964,92.99813844465895
MR,1.6500000000000001,101.05149376576577,101.0171779485908
MR,1.75,108.98287244036698,109.02728950080967
MR,1.85,117.04750229629629,117.03140957888775
MR,1.9500000000000002,125.063854,125.02103021370796
MR,2.0500000000000003,132.9517343448276,133.09269730914545
MR,2.15,141.2625035826087,141.16570237220853
MR,2.25,149.2828691891892,149.2909355789034
MR,2.35,157.3274339649123,157.3284136686511
MR,2.45,165.37493785185185,165.34335846273092
MR,2.5500000000000003,173.32770357142857,173.3734482384386
MR,2.6500000000000004,181.4177032920354,181.39238320903345
MR,2.75,189.43174276363635,189.44956033687558
MR,2.85,197.49923495495494,197.48589717346434
MR,2.95,205.52671380180178,205.49387375528252
MR,3.0500000000000003,213.4556725090909,213.4675854131547
MR,3.1500000000000004,221.42036992857143,221.51493564891777
MR,3.25,229.66876450909092,229.57661736017315
MR,3.35,237.64071764285714,237.6822785926548
MR,3.45,245.73735362601627,245.80592744256566
MR,3.5500000000000003,254.0397110588235,253.91236804594374
MR,3.6500000000000004,261.96003945299145,262.0325882908235
MR,3.75,270.0980143606558,270.0686108426443
MR,3.85,278.1477787142857,278.1791700677156
MR,3.95,286.2917171282051,286.3361117234073
MR,4.05,294.5688393277311,294.4960202621716
MR,4.15,302.6275043305785,302.67671644165875
MR,4.25,310.8338056666667,310.8323036737484
MR,4.3500000000000005,319.03560102399996,318.98287136843356
MR,4.45,327.07920741463414,327.135037413429
MR,4.55,335.2903038016529,335.3406981547168
MR,4.65,343.6525832478633,343.6097687771892
MR,4.75,351.8864192820513,351.88062788462713
MR,4.8500000000000005,360.10288112396694,360.05192967035345
MR,4.95,368.16648860504205,368.25988062041347
MR,5.050000000000001,376.5102721322314,376.40414337144085
MR,5.15,384.5356693770492,384.5477308081783
MR,5.25,392.5972509152542,392.6767632012596
MR,5.3500000000000005,400.89736931147536,400.81173205424324
MR,5.45,408.94057593599996,409.0411154265778
MR,5.550000000000001,417.2854010322581,417.191081733221
MR,5.65,425.347268231405,425.41402160640627
MR,5.75,433.6093955555556,433.5531754882156
MR,5.8500000000000005,441.70286267768597,441.7078723036425
MR,5.95,449.811358677686,449.81970879312394
MR,6.050000000000001,457.944905024,457.9374876454895
MR,6.15,466.05619923478264,466.0349138995942
MR,6.25,474.10363744,474.12519093641214
MR,6.3500000000000005,482.2157361344538,483.6597986879881
MR,6.45,494.6600224895105,496.7685707194036
MR,6.550000000000001,513.4299535342466,512.7476921504767
MR,6.65,530.1531004276729,530.1018269873065
MR,6.75,546.7224269999999,546.7409448092243
MR,6.8500000000000005,563.347307,563.347147
MR,6.95,579.9717069999999,580.0203487902869
MR,7.050000000000001,596.7420323708609,596.6473750894323
MR,7.15,613.2283858974359,613.0961282394322
MR,7.25,629.3179664500001,629.3744298824787
MR,7.3500000000000005,645.5769373,645.5762367333333
MR,7.45,661.83380645,661.8504429808489
MR,7.550000000000001,678.1405851925466,678.1259577676414
MR,7.65,694.4034816603773,694.3842280509747
MR,7.75,710.6086173,710.6258618034591
MR,7.8500000000000005,726.86548645,726.8661870166667
MR,7.95,743.1244573,743.1397028731884
MR,8.05,759.4291648695652,759.4318357731885
MR,8.15,775.7418851499999,775.7073505599809
MR,8.25,791.9510016603774,791.9496747034591
MR,8.35,808.1561373,808.173381803459
MR,8.450000000000001,824.4130064499999,824.4296429808488
MR,8.55,840.7197851925466,840.7210914141821
MR,8.65,857.0304825999999,856.9973008700522
MR,8.75,873.24163481761,873.2389346225367
MR,8.85,889.44468645,889.4633261892033
MR,8.950000000000001,905.7036572999999,905.7189028731883
MR,9.05,922.0083648695653,922.0110357731884
MR,9.15,938.32108515,938.2865505599808
MR,9.25,954.5302016603773,954.5288747034591
MR,9.35,970.7353373,970.7525818034592
MR,9.450000000000001,986.99220645,987.0088429808488
MR,9.55,1003.2989851925466,1003.3002914141822
MR,9.65,1019.6096826,1019.5765008700522
MR,9.75,1035.8208348176101,1035.8181346225367
MR,9.850000000000001,1052.02388645,1052.0425261892035
MR,9.950000000000001,1068.2828573000002,1068.2981028731883
MR,10.05,1084.5875648695653,1084.5902357731884
MR,10.15,1100.90028515,1100.8657505599806
MR,10.25,1117.1094016603774,1117.1080747034591
MR,10.350000000000001,1133.3145373,1133.331781803459
MR,10.450000000000001,1149.57140645,1149.5880429808487
MR,10.55,1165.8781851925467,1165.8794914141822
MR,10.65,1182.1888826,1182.1557008700522
MR,10.75,1198.40003481761,1198.3973346225366
MR,10.850000000000001,1214.60308645,1214.6217261892032
MR,10.950000000000001,1230.8620573,1230.8773028731882
MR,11.05,1247.1667648695652,1247.1694357731883
MR,11.15,1263.47948515,1263.4449505599807
MR,11.25,1279.6886016603773,1279.6872747034593
MR,11.350000000000001,1295.8937373,1295.9109818034592
MR,11.450000000000001,1312.15060645,1312.1672429808489
MR,11.55,1328.4573851925466,1328.458691414182
MR,11.65,1344.7680826,1344.7349008700523
MR,11.75,1360.9792348176102,1360.9765346225367
MR,11.850000000000001,1377.18228645,1377.2009261892033
MR,11.950000000000001,1393.4412573,1393.4565028731886
MR,12.05,1409.7459648695653,1409.7486357731884
MR,12.15,1426.05868515,1426.0241505599809
MR,12.25,1442.2678016603772,1442.266474703459
MR,12.350000000000001,1458.4729373,1461.241133953459
MR,12.450000000000001,1482.9826629,1485.7662104020703
MR,12.55,1515.8430310062113,1515.844727968737
MR,12.65,1548.70849,1548.640269433936
MR,12.75,1581.3692872955976,1581.3673850985324
MR,12.850000000000001,1614.024378,1614.0594544318658
MR,12.950000000000001,1646.784698,1646.7846980000002
MR,13.05,1679.545018,1679.5782040496895
MR,13.15,1712.4048961490682,1712.3736004815553
MR,13.25,1745.1708872955976,1745.1339204815552
MR,13.350000000000001,1777.825978,1777.861054431866
MR,13.450000000000001,1810.5862980000002,1810.586298
MR,13.55,1843.346618,1843.3798040496895
MR,13.65,1876.2064961490682,1876.1752004815553
MR,13.75,1908.9724872955974,1908.9355204815554
MR,13.850000000000001,1941.627578,1941.6626544318658
MR,13.950000000000001,1974.3878980000002,1974.387898
MR,14.05,2007.1482179999998,2007.1814040496895
MR,14.15,2040.0080961490683,2039.976800481555
MR,14.25,2072.7740872955974,2072.7371204815554
MR,14.350000000000001,2105.429178,2105.464254431866
MR,14.450000000000001,2138.189498,2138.189498
MR,14.55,2170.949818,2170.9830040496895
MR,14.65,2203.8096961490683,2203.7784004815553
MR,14.75,2236.5756872955976,2236.5387204815556
MR,14.850000000000001,2269.230778,2269.265854431866
MR,14.950000000000001,2301.991098,2301.991098
MR,15.05,2334.751418,2334.7846040496897
MR,15.15,2367.6112961490685,2367.580000481555
MR,15.25,2400.3772872955974,2400.3403204815554
MR,15.350000000000001,2433.032378,2433.067454431866
MR,15.450000000000001,2465.792698,2465.7926979999997
MR,15.55,2498.553018,2498.5862040496895
MR,15.65,2531.4128961490683,2531.3816004815553
MR,15.75,2564.1788872955976,2564.141920481555
MR,15.850000000000001,2596.8339779999997,2596.8690544318656
MR,15.950000000000001,2629.594298,2629.594298
MR,16.05,2662.3546180000003,2662.3878040496897
MR,16.150000000000002,2695.2144961490685,2695.1832004815556
MR,16.25,2727.9804872955974,2727.976706531245
MR,16.35,2760.7351361490682,2760.738916913421
MR,16.45,2793.5011272955976,2793.464160481555
MR,16.55,2826.156218,2826.224480481555
MR,16.650000000000002,2859.0160961490683,2858.9848004815553
MR,16.75,2891.782087295597,2891.7783065312447
MR,16.85,2924.5367361490685,2924.540516913421
MR,16.95,2957.3027272955974,2957.2657604815554
MR,17.05,2989.957818,2990.0260804815553
MR,17.150000000000002,3022.8176961490685,3022.7863164899413
MR,17.25,3055.5834353207547,3055.57961516903
MR,17.35,3088.3377140372672,3088.341615572171
MR,17.45,3121.1036973584905,3121.0667344652525
MR,17.55,3153.7587919999996,3153.827054465253
MR,17.650000000000002,3186.618674037267,3186.5873744652527
MR,17.75,3219.3846573584906,3219.3808818110083
MR,17.85,3252.139314037267,3252.1430895847493
MR,17.95,3284.9052973584908,3284.8683344652527
MR,18.05,3317.5603920000003,3317.6286544652526
MR,18.150000000000002,3350.420274037267,3350.388974465253
MR,18.25,3383.1862573584904,3383.1824818110085
MR,18.35,3415.9409140372672,3411.5224788677683
MR,18.45,3435.440265207547,3431.051750914938
MR,18.55,3441.7740734999998,3441.7873277927847
MR,18.650000000000002,3448.1476446708075,3448.143807792785
MR,18.75,3454.509705207547,3454.505984849721
MR,18.85,3460.860604670808,3460.8643250286336
MR,18.95,3467.222665207547,3467.213247792785
MR,19.05,3473.5564735,3473.5697277927848
MR,19.150000000000002,3479.9300446708075,3479.926207792785
MR,19.25,3486.292105207547,3486.2883848497204
MR,19.35,3492.643004670807,3492.646725028633
MR,19.450000000000003,3499.005065207547,3498.9956477927844
MR,19.55,3505.3388735,3505.352127792785
MR,19.650000000000002,3511.712444670807,3511.7086077927847
MR,19.75,3518.0745052075467,3518.0707848497204
MR,19.85,3524.4254046708074,3524.4291250286337
MR,19.950000000000003,3530.7874652075475,3530.778047792785
MR,20.05,3537.1212735,3537.134527792785
MR,20.150000000000002,3543.494844670807,3543.491007792785
MR,20.25,3549.8569052075477,3549.853184849721
MR,20.35,3556.2078046708075,3556.2115250286347
MR,20.450000000000003,3562.5698652075475,3562.560447792785
MR,20.55,3568.9036735,3568.916927792785
MR,20.650000000000002,3575.2772446708077,3575.2734077927853
MR,20.75,3581.6393052075473,3581.635584849721
MR,20.85,3587.990204670808,3587.993925028634
MR,20.950000000000003,3594.352265207547,3594.342847792785
MR,21.05,3600.6860735,3600.699327792785
MR,21.150000000000002,3607.0596446708078,3607.0558077927853
MR,21.25,3613.4217052075473,3613.4179848497206
MR,21.35,3619.772604670807,3619.7763250286334
MR,21.450000000000003,3626.134665207547,3626.1252477927846
MR,21.55,3632.4684735,3632.481727792785
MR,21.650000000000002,3638.8420446708074,3638.838207792785
MR,21.75,3645.2041052075474,3645.2003848497206
MR,21.85,3651.5550046708076,3651.5587250286335
MR,21.950000000000003,3657.917065207547,3657.9076477927847
MR,22.05,3664.2508735,3664.264127792785
MR,22.150000000000002,3670.6244446708074,3670.620607792785
MR,22.25,3676.986505207547,3676.9827848497207
MR,22.35,3683.3374046708077,3683.3411250286335
MR,22.450000000000003,3689.699465207547,3689.6900477927848
MR,22.55,3696.0332735,3696.0465277927847
MR,22.650000000000002,3702.4068446708075,3702.403007792785
MR,22.75,3708.768905207547,3708.7651848497203
MR,22.85,3715.1198046708073,3715.1235250286336
MR,22.950000000000003,3721.4818652075473,3721.472447792785
MR,23.05,3727.8156735,3727.8289277927847
MR,23.150000000000002,3734.189244670807,3734.185407792784
MR,23.25,3740.5513052075466,3740.5475848497204
MR,23.35,3746.9022046708074,3746.9059250286336
MR,23.450000000000003,3753.2642652075474,3753.254847792785
MR,23.55,3759.5980735,3759.611327792785
MR,23.650000000000002,3765.9716446708076,3765.967807792785
MR,23.75,3772.3337052075476,3772.329984849721
MR,23.85,3778.6846046708074,3778.688325028634
MR,23.950000000000003,3785.0466652075474,3785.037247792785
MR,24.05,3791.3804735,3791.3937277927853
MR,24.150000000000002,3797.7540446708076,3797.7502077927843
MR,24.25,3804.116105207547,3804.112384849721
MR,24.35,3810.467004670808,3816.380062085238
MR,24.450000000000003,3834.5570763773585,3840.3365771827225
MR,24.55,3875.9856505000002,3876.072320669264
MR,24.650000000000002,3917.6742351304347,3917.633849306581
MR,24.75,3959.241662289308,3959.2377775167256
MR,24.85,4000.7974351304347,4000.801319903017
MR,24.950000000000003,4042.3648622893083,4042.318649306581
MR,25.05,4083.7936505,4083.8802493065814
MR,25.150000000000002,4125.482235130435,4125.441849306581
MR,25.25,4167.049662289309,4167.045777516726
MR,25.35,4208.605435130435,4208.609319903017
MR,25.450000000000003,4250.172862289308,4250.1266493065805
MR,25.55,4291.6016505,4291.645921096436
MR,25.650000000000002,4333.1632505,4333.1632505
MR,25.75,4374.724850500001,4374.767178710145
MR,25.85,4416.413435130435,4416.373049306581
MR,25.950000000000003,4457.980862289309,4457.934649306581
MR,26.05,4499.4096505,4499.453921096437
MR,26.150000000000002,4540.971250500001,4540.9712505
MR,26.25,4582.5328505,4582.575178710144
MR,26.35,4624.221435130435,4624.181012275135
MR,26.450000000000003,4665.788751194969,4665.742566275135
MR,26.55,4707.2175125,4707.26179206499
MR,26.650000000000002,4748.7791125,4748.7791125
MR,26.75,4790.340712499999,4790.38304099586
MR,26.85,4832.029297987578,4831.988911302987
MR,26.950000000000003,4873.596723421384,4873.550511302987
MR,27.05,4915.0255125,4915.069782807128
MR,27.150000000000002,4956.587112499999,4956.5871125
MR,27.25,4998.1487125,4998.191040995859
MR,27.35,5039.837297987578,5039.796911302987
MR,27.450000000000003,5081.404723421383,5081.358511302987
MR,27.55,5122.833512499999,5122.877782807128
MR,27.650000000000002,5164.3951125,5164.395112499999
MR,27.75,5205.9567125,5205.999040995859
MR,27.85,5247.645297987578,5247.60486930718
MR,27.950000000000003,5289.212597433962,5289.166260640513
MR,28.05,5330.640886499999,5330.685323477987
MR,28.150000000000002,5372.2024865,5372.202486499999
MR,28.25,5413.7640865,5413.806416291925
MR,28.35,5455.452675875777,5455.412285286685
MR,28.450000000000003,5497.020093484277,5496.973885286684
MR,28.55,5538.4488865,5538.493155494759
MR,28.650000000000002,5580.0104865,5580.0104865
MR,28.75,5621.5720865,5621.614416291925
MR,28.85,5663.2606758757765,5663.220285286686
MR,28.950000000000003,5704.828093484277,5704.781885286685
MR,29.05,5746.2568865,5746.301155494759
MR,29.150000000000002,5787.8184865,5787.8184865
MR,29.25,5829.380086499999,5829.422416291926
MR,29.35,5871.0686758757765,5871.028285286685
MR,29.450000000000003,5912.636093484277,5912.589885286684
MR,29.55,5954.0648865,5954.109155494759
MR,29.650000000000002,5995.626486499999,5995.6264865
MR,29.75,6037.1880865,6037.230416291925
MR,29.85,6078.8766758757765,6078.836285286685
MR,29.950000000000003,6120.444093484277,6120.397885286685
MR,30.05,6161.872886499999,6161.917155494758
MR,30.150000000000002,6203.4344865,6203.434486499999
MR,30.25,6244.9960865,6244.9960865
MR,30.35,6286.5576865,6265.776886500002
PF,0.45,5.849264959999999,11.87964259764706
PF,0.55,17.91002023529412,17.33291076130057
PF,0.65,28.239447088607594,28.695798770067697
PF,0.75,39.93792898630137,39.67448688211252
PF,0.8500000000000001,50.84608457142857,50.94307897617215
PF,0.9500000000000001,62.045223370786516,61.524235323733535
PF,1.05,71.68139802898551,72.35839690540924
PF,1.1500000000000001,83.3485693164557,83.22891132726828
PF,1.25,94.65676663636364,94.19372277945384
PF,1.35,104.57583238554217,105.3974970250797
PF,1.4500000000000002,116.95989205333333,116.20772715927883
PF,1.55,127.08745703896103,127.09745279584415
PF,1.6500000000000001,137.2450092952381,137.23785944473306
PF,1.75,147.381112,147.25776414189096
PF,1.85,157.14717113043477,157.76195067984187
PF,1.9500000000000002,168.7575689090909,168.1103061967501
PF,2.0500000000000003,178.42617855072464,179.24668074301545
PF,2.15,190.5562947692308,189.73132388302312
PF,2.25,200.2114983291139,200.74740808167044
PF,2.35,211.47443114666666,211.22466130418738
PF,2.45,221.98805443678162,222.05807238663962
PF,2.5500000000000003,232.71173157647058,232.93460605203643
PF,2.6500000000000004,244.10403214285716,244.52467924972618
PF,2.75,256.7582740298507,256.0316248592571
PF,2.85,267.23256840506326,267.7074521555533
PF,2.95,279.131514031746,278.80758416362113
PF,3.0500000000000003,290.05867005405406,290.0619983875744
PF,3.1500000000000004,300.9958110769231,301.8598087681035
PF,3.25,314.5249451733334,313.6349802184399
PF,3.35,325.3841844050633,325.22102325946554
PF,3.45,335.7539402,335.9711532419808
PF,3.5500000000000003,346.7753351208791,346.31400408131867
PF,3.6500000000000004,356.4127369230769,356.5811313479853
PF,3.75,366.555322,366.9148740410257
PF,3.85,377.77656320000006,378.0737459416667
PF,3.95,389.889352625,389.5030715278736
PF,4.05,400.84329875862073,400.6116743024768
PF,4.15,411.1023715238095,411.6851094172203
PF,4.25,423.10965796923074,422.6567431023313
PF,4.3500000000000005,433.75819981395347,433.62858741087416
PF,4.45,444.0179044494382,444.0792202168295
PF,4.55,454.46155638709683,454.4143177501094
PF,4.65,464.76349241379313,464.7186621396225
PF,4.75,474.9309376179775,475.0866627105902
PF,4.8500000000000005,485.5655581,485.8117948119754
PF,4.95,496.9388887179487,496.80063973147304
PF,5.050000000000001,507.89747237647055,507.51403517000125
PF,5.15,517.7057444155844,518.7927557101722
PF,5.25,530.7750503384616,529.8753342513486
PF,5.3500000000000005,541.145208,541.1910192980057
PF,5.45,551.6527995555556,552.1576732655064
PF,5.550000000000001,563.6750122409638,563.3751325060127
PF,5.65,574.797585721519,574.4966301685641
PF,5.75,585.0172925432098,585.4033456375387
PF,5.8500000000000005,596.3951586478873,596.337271789625
PF,5.95,607.5993641777778,607.5315370085551
PF,6.050000000000001,618.6000882000001,618.6425889295789
PF,6.15,629.7283144109589,629.2179936493459
PF,6.25,639.3255783370787,640.5264923367776
PF,6.3500000000000005,652.5255842622952,654.6084817339278
PF,6.45,671.9742826024096,672.9129137465683
PF,6.550000000000001,694.238874375,695.7726550245984
PF,6.65,721.1048080963856,719.0993306191746
PF,6.75,741.9543093861387,742.6963137949878
PF,6.8500000000000005,765.029823902439,766.0177766551669
PF,6.95,791.0691966769231,789.7855770719085
PF,7.050000000000001,813.2577106363638,814.659636283916
PF,7.15,839.6520015384615,838.4328964633384
PF,7.25,862.3889772151899,863.1445535578838
PF,7.3500000000000005,887.3926819200001,886.8426680633784
PF,7.45,910.7463450549451,910.5921707010501
PF,7.550000000000001,933.6374851282052,934.5138139628044
PF,7.65,959.1576117052632,958.4782047672743
PF,7.75,982.6395174683545,982.9586749245392
PF,7.8500000000000005,1007.0788956,1007.8427925889224
PF,7.95,1033.8099646984128,1032.5212175303652
PF,8.05,1056.674792292683,1056.7644768636985
PF,8.15,1079.8086736,1080.8874538975608
PF,8.25,1106.1788958,1105.1005684666668
PF,8.35,1129.314136,1129.2139368015503
PF,8.450000000000001,1152.1487786046512,1152.7150829841592
PF,8.55,1176.682334347826,1175.8778302374924
PF,8.65,1198.80237776,1199.0629622685
PF,8.75,1221.7041746976745,1222.2060643132006
PF,8.85,1246.1116404819277,1245.9413323108038
PF,8.950000000000001,1270.008181752809,1269.9587047595642
PF,9.05,1293.7562920439561,1294.2674872359587
PF,9.15,1319.037987911111,1317.9475804374033
PF,9.25,1341.0484613571427,1340.8687280378715
PF,9.35,1362.5197348453607,1363.5608842368133
PF,9.450000000000001,1387.1144565079364,1387.3523710664838
PF,9.55,1412.422921846154,1412.525231599512
PF,9.65,1438.0383164444445,1438.2487701344246
PF,9.75,1464.285072112676,1462.5916640257067
PF,9.850000000000001,1485.4516035200002,1486.580104300323
PF,9.950000000000001,1510.0036372682926,1509.7394572960975
PF,10.05,1533.7631311,1534.0372155366833
PF,10.15,1558.3448782417581,1557.4716367207568
PF,10.25,1580.3069008205127,1581.2997016952668
PF,10.350000000000001,1605.2473260235295,1605.498783719944
PF,10.450000000000001,1630.9421243157894,1630.074404127921
PF,10.55,1654.0337620444443,1653.938042406816
PF,10.65,1676.838240860215,1676.8759327015532
PF,10.75,1699.7557952,1700.614963603405
PF,10.850000000000001,1725.25085475,1724.9696603601449
PF,10.950000000000001,1749.902331130435,1749.3388431030023
PF,11.05,1772.8633434285712,1773.77789366601
PF,11.15,1798.5680064390244,1797.4248405691985
PF,11.25,1820.84317184,1821.1845629246911
PF,11.350000000000001,1844.1425104950495,1844.3833962677115
PF,11.450000000000001,1868.164506468085,1867.473641186846
PF,11.55,1890.1139065974025,1891.645895956537
PF,11.65,1916.659274804124,1914.980594642614
PF,11.75,1938.1686025263157,1938.0480371707527
PF,11.850000000000001,1959.3162341818183,1961.5215846527115
PF,11.950000000000001,1987.0799172499999,1986.0312685782828
PF,12.05,2011.69765430303,2011.2638442421212
PF,12.15,2035.0139611733332,2035.6333224921211
PF,12.25,2060.188352,2060.351669630327
PF,12.350000000000001,2085.8526957176473,2086.880950969712
PF,12.450000000000001,2114.6018051914893,2119.7320894561985
PF,12.55,2158.7417674594594,2158.183135933295
PF,12.65,2201.2058351489363,2198.4306783094653
PF,12.75,2235.34443232,2240.2299318640044
PF,12.850000000000001,2284.139528123077,2281.454286489156
PF,12.950000000000001,2324.87889902439,2325.8535397764285
PF,13.05,2368.542192181818,2367.564372890958
PF,13.15,2409.2720274666667,2409.4522206650504
PF,13.25,2450.5424423466666,2449.573927320494
PF,13.350000000000001,2488.9073121481483,2491.490754262499
PF,13.450000000000001,2535.0225082926827,2533.2228328136102
PF,13.55,2575.7386779999997,2575.5051644825376
PF,13.65,2615.75430715493,2617.000404008165
PF,13.75,2659.508226869565,2657.8171355839227
PF,13.850000000000001,2698.1888727272726,2699.392952427016
PF,13.950000000000001,2740.4817576842106,2740.3615222922
PF,14.05,2782.4139364651164,2782.4750947838584
PF,14.15,2824.529590202247,2824.6550535941024
PF,14.25,2867.0216341149426,2866.1680667723963
PF,14.350000000000001,2906.952976,2907.481926188127
PF,14.450000000000001,2948.471168449438,2949.0350996822804
PF,14.55,2991.6811545974024,2991.675231374588
PF,14.65,3034.873371076923,3033.946794714487
PF,14.75,3075.2858584691357,3076.076304740461
PF,14.850000000000001,3118.069684675325,3117.5032131577427
PF,14.950000000000001,3159.154096328767,3158.373753668031
PF,15.05,3197.89748,3199.9292105801774
PF,15.15,3242.736055411765,3242.2790465918006
PF,15.25,3286.2036043636363,3285.199938840388
PF,15.350000000000001,3326.6601567457624,3328.2891025920217
PF,15.450000000000001,3372.0035466666664,3371.2826460263655
PF,15.55,3415.1842346666667,3414.246604553288
PF,15.65,3455.5520323265305,3455.8680175095164
PF,15.75,3496.8677855353535,3496.3365463539612
PF,15.850000000000001,3536.5898212,3537.3751839908223
PF,15.950000000000001,3578.667945237113,3577.132511185704
PF,16.05,3616.1397671199998,3618.365931505281
PF,16.150000000000002,3660.29008215873,3659.8766645629953
PF,16.25,3703.2001444102566,3702.774667933252
PF,16.35,3744.8337772307696,3745.409257435898
PF,16.45,3788.193850666667,3786.0659412673995
PF,16.55,3825.170195904762,3826.9968474545453
PF,16.650000000000002,3867.6264957922076,3868.2782396868683
PF,16.75,3912.038027363636,3910.614482809524
PF,16.85,3952.1789252727276,3951.856377285292
PF,16.95,3991.352179219512,3992.685443988641
PF,17.05,4034.525227473684,4033.220191137732
PF,17.150000000000002,4073.78316672,4074.784299500459
PF,17.25,4116.0445043076925,4116.602688915334
PF,17.35,4159.980395718309,4158.071908353765
PF,17.45,4198.190825035294,4200.334402841239
PF,17.55,4242.831987770115,4241.246626083731
PF,17.650000000000002,4282.717065445783,4284.094367799239
PF,17.75,4326.734050181818,4325.113340764757
PF,17.85,4365.888906666667,4367.1534111399715
PF,17.95,4408.837276571428,4408.469723038213
PF,18.05,4450.682985876543,4449.5295499024105
PF,18.150000000000002,4489.068387259259,4491.661638566635
PF,18.25,4535.233542564102,4532.780255419381
PF,18.35,4574.038836434783,4570.161406752714
PF,18.45,4601.21184125926,4596.954021928318
PF,18.55,4615.61138809091,4615.293859828697
PF,18.650000000000002,4629.058350135922,4629.635539742278
PF,18.75,4644.236881000001,4644.121338478641
PF,18.85,4659.0687843,4659.500066754902
PF,18.95,4675.194534964706,4675.019194353193
PF,19.05,4690.794263794872,4690.882233911312
PF,19.150000000000002,4706.657902974359,4706.0803880592275
PF,19.25,4720.788997408451,4721.582515924704
PF,19.35,4737.300647391305,4736.734107880112
PF,19.450000000000003,4752.112678840579,4752.240196706924
PF,19.55,4767.307263888889,4767.97260410362
PF,19.650000000000002,4784.497869581395,4783.0869948900945
PF,19.75,4797.4558512,4798.05076854618
PF,19.85,4812.198584857143,4812.406578525714
PF,19.950000000000003,4827.56529952,4827.351984079737
PF,20.05,4842.292067862069,4842.3509353218005
PF,20.150000000000002,4857.195438583333,4856.948592646358
PF,20.25,4871.358271493671,4872.212358458569
PF,20.35,4888.083365298701,4887.547543890791
PF,20.450000000000003,4903.20099488,4903.704743780497
PF,20.55,4919.82987116279,4918.788758048019
PF,20.650000000000002,4933.335408101266,4934.352834767672
PF,20.75,4949.893225038961,4948.67415201226
PF,20.85,4962.793822896551,4964.228410172597
PF,20.950000000000003,4979.998182582279,4979.448792297388
PF,21.05,4995.554371413333,4994.70158613187
PF,21.150000000000002,5008.5522044,5009.883033604444
PF,21.25,5025.542525,5025.434130901449
PF,21.35,5042.207663304348,5042.422051548604
PF,21.450000000000003,5059.515966341463,5058.087625881937
PF,21.55,5072.539248,5072.848400558266
PF,21.650000000000002,5086.489987333333,5086.857986840049
PF,21.75,5101.544725186814,5101.845158722402
PF,21.85,5117.500763647059,5116.520542251291
PF,21.950000000000003,5130.51613792,5131.821072734474
PF,22.05,5147.446316636364,5146.428218185455
PF,22.150000000000002,5161.3222000000005,5162.23007624425
PF,22.25,5177.921712096386,5177.125369224285
PF,22.35,5192.132195576471,5191.907777458718
PF,22.450000000000003,5205.6694247032965,5206.656025890356
PF,22.55,5222.166457391304,5221.253592472848
PF,22.650000000000002,5235.924895323943,5236.559842445313
PF,22.75,5251.58817462069,5250.72254350343
PF,22.85,5264.6545605656565,5265.379493226724
PF,22.950000000000003,5279.895744493827,5280.445902800922
PF,23.05,5296.787403343284,5296.562650345703
PF,23.150000000000002,5313.0048031999995,5311.992046212102
PF,23.25,5326.183932093024,5326.827026850484
PF,23.35,5341.292345258427,5341.288522575026
PF,23.450000000000003,5356.389290373627,5356.146757912439
PF,23.55,5370.758638105263,5370.876007811804
PF,23.650000000000002,5385.480094956522,5385.611800324299
PF,23.75,5400.596667911111,5400.380443591172
PF,23.85,5415.0645679058825,5415.656899638529
PF,23.950000000000003,5431.309463098592,5430.909304965455
PF,24.05,5446.353883891892,5445.978981818377
PF,24.150000000000002,5460.273598464647,5460.163279232115
PF,24.25,5473.862355339806,5474.434891843313
PF,24.35,5489.168721725489,5494.288027568774
PF,24.450000000000003,5519.833005641026,5527.607609626676
PF,24.55,5573.821101513514,5571.370242562625
PF,24.650000000000002,5620.456620533334,5621.715974839858
PF,24.75,5670.870202472727,5671.524308267722
PF,24.85,5723.246101797101,5724.2074145826955
PF,24.950000000000003,5778.50593947826,5775.826583773269
PF,25.05,5825.727710044444,5827.71276047656
PF,25.150000000000002,5878.904631906977,5877.824206482123
PF,25.25,5928.84027749495,5926.845420109585
PF,25.35,5972.791350926829,5975.352407518371
PF,25.450000000000003,6024.425594133333,6024.033633361517
PF,25.55,6074.88395502439,6075.792683129203
PF,25.650000000000002,6128.068500229885,6127.394243766077
PF,25.75,6179.230276043955,6177.692385351354
PF,25.85,6225.778379780219,6227.211577719169
PF,25.950000000000003,6276.626077333333,6277.624774966166
PF,26.05,6330.4698677849465,6328.3399631460925
PF,26.150000000000002,6377.9239443199995,6379.238430443584
PF,26.25,6429.321479225807,6428.444975463418
PF,26.35,6478.089502844445,6479.438849323417
PF,26.450000000000003,6530.9055659,6529.1861055187355
PF,26.55,6578.563247811764,6579.865947046778
PF,26.650000000000002,6630.129027428571,6629.110328625567
PF,26.75,6678.638710636364,6679.573728859253
PF,26.85,6729.9534485128215,6728.337035461075
PF,26.950000000000003,6776.418947234042,6777.04453321997
PF,27.05,6824.761203913044,6827.085786584383
PF,27.150000000000002,6880.077208606061,6877.597374657053
PF,27.25,6927.953711452055,6930.177546651849
PF,27.35,6982.501719897436,6980.308426108745
PF,27.450000000000003,7030.469846976744,7031.822716844585
PF,27.55,7082.496583659575,7080.648469020616
PF,27.650000000000002,7128.978976425531,7131.109098869899
PF,27.75,7181.85173652459,7181.541620414952
PF,27.85,7233.794148294737,7231.699122075307
PF,27.950000000000003,7279.451481406593,7281.909765612862
PF,28.05,7332.483667137255,7331.201294578589
PF,28.150000000000002,7381.668735191919,7380.625079829351
PF,28.25,7427.722837158878,7429.163446952375
PF,28.35,7478.098768506329,7478.547835570942
PF,28.450000000000003,7529.821901047619,7529.639723152129
PF,28.55,7580.998499902439,7579.759922983353
PF,28.650000000000002,7628.459368000001,7629.688004122819
PF,28.75,7679.606144466019,7679.020595573522
PF,28.85,7728.996274254545,7728.450111589208
PF,28.950000000000003,7776.747916047058,7777.635573288274
PF,29.05,7827.162529563218,7826.135179098162
PF,29.150000000000002,7874.49509168421,7876.515183468018
PF,29.25,7927.887929156626,7926.543176027114
PF,29.35,7977.246507240507,7977.836546975752
PF,29.450000000000003,8028.375204530121,8028.251840219839
PF,29.55,8079.133808888889,8078.885582122126
PF,29.650000000000002,8129.147732947368,8129.831394731744
PF,29.75,8181.212642358974,8181.672404947076
PF,29.85,8234.656839534884,8232.256443124794
PF,29.950000000000003,8280.89984748052,8281.730210338466
PF,30.05,8329.633944,8330.52784233189
PF,30.150000000000002,8381.049735515151,8380.128639811172
PF,30.25,8429.702239918366,8431.425343035977
PF,30.35,8483.524053674419,8456.613146796391
RR,0.45,6.13264,11.323522903225808
RR,0.55,16.514405806451613,17.202898859928315
RR,0.65,28.961650773333332,28.553080271693023
RR,0.75,40.18318423529412,40.055365679798896
RR,0.8500000000000001,51.02126203076923,51.86012684020293
RR,0.9500000000000001,64.37593425454546,63.682753080612144
RR,1.05,75.65106295652174,75.22569440368906
RR,1.1500000000000001,85.65008599999999,86.62810244313437
RR,1.25,98.58315837288136,98.27322609444303
RR,1.35,110.58643391044777,109.83512069052148
RR,1.4500000000000002,120.3357697882353,120.43563102337053
RR,1.55,130.38468937142855,130.71892390507313
RR,1.6500000000000001,141.43631255555556,141.95293366193587
RR,1.75,154.0377990588235,154.02810789661692
RR,1.85,166.61021207547168,166.33474282831483
RR,1.9500000000000002,178.35621735064936,178.42538770769693
RR,2.0500000000000003,190.30973369696972,189.31003179212874
RR,2.15,199.26414432876714,200.38701917524563
RR,2.25,211.5871795,211.80877716958904
RR,2.35,224.57500768000003,224.00181314888889
RR,2.45,235.84325226666667,236.20952999352167
RR,2.5500000000000003,248.2103300338983,247.9371440811407
RR,2.6500000000000004,259.75784994285715,259.2817526048644
RR,2.75,269.8770778378379,270.5321011311994
RR,2.85,281.9613756129032,281.7511228743849
RR,2.95,293.41491517241377,293.5868300264782
RR,3.0500000000000003,305.38419929411765,305.09671877386796
RR,3.1500000000000004,316.49104185507247,316.3960373723107
RR,3.25,327.31287096774196,328.00373098073914
RR,3.35,340.207280119403,339.5619051052388
RR,3.45,351.16556422857144,351.1516526911549
RR,3.5500000000000003,362.0821137254902,363.08992046744584
RR,3.6500000000000004,376.02208344827585,375.0580168743472
RR,3.75,387.06985344927534,387.07398384720636
RR,3.85,398.1300146440678,398.5853117326069
RR,3.95,410.5560671044776,410.0119701267081
RR,4.05,421.34982863157893,421.37092541466427
RR,4.15,432.2068805079365,432.66230510114997
RR,4.25,444.43020616393443,444.30601254279753
RR,4.3500000000000005,456.28095095652174,456.4530058280308
RR,4.45,468.64786036363637,468.42377338258143
RR,4.55,480.3425088275862,480.30379306374084
RR,4.65,491.92101,491.6852929054917
RR,4.75,502.79235988888894,502.9157584687102
RR,4.8500000000000005,514.0339055172415,513.8555075798213
RR,4.95,524.7402573333334,524.8388916528943
RR,5.050000000000001,535.742512108108,535.779419505356
RR,5.15,546.8554890746269,547.1601015343416
RR,5.25,558.8823034202899,558.8334160246213
RR,5.3500000000000005,570.7624555789473,570.358858691288
RR,5.45,581.4318170746269,582.0098184461685
RR,5.550000000000001,593.8351826849315,593.2002976453431
RR,5.65,604.3338931764706,604.8130034566256
RR,5.75,616.2699345084746,616.5022708848807
RR,5.8500000000000005,628.902984969697,628.1921611593905
RR,5.95,639.403564,639.9357225454545
RR,6.050000000000001,651.5006186666667,651.9322206797386
RR,6.15,664.892479372549,664.5430990994915
RR,6.25,677.2361992592594,676.9883040124046
RR,6.3500000000000005,688.8362334054054,690.8770399962028
RR,6.45,706.5586873239437,708.478873302477
RR,6.550000000000001,730.0416991780822,730.511504394793
RR,6.65,754.9341266823529,754.0462483284783
RR,6.75,777.162919125,778.425293562451
RR,6.8500000000000005,803.1788348800001,802.2038350212744
RR,6.95,826.2697510588234,826.3007200159715
RR,7.050000000000001,849.4535741090909,850.5679157739202
RR,7.15,875.9804221538462,875.5113150116223
RR,7.25,901.0999487719298,901.4046811385239
RR,7.3500000000000005,927.1336724897959,927.1736972616009
RR,7.45,953.2874705230769,952.888643732496
RR,7.550000000000001,978.2447881846153,977.8917225787545
RR,7.65,1002.1429090285716,1001.685090860536
RR,7.75,1024.667575368421,1025.7935016984684
RR,7.8500000000000005,1050.5700206984127,1049.8719630947417
RR,7.95,1074.3782932173913,1075.0108548394046
RR,8.05,1100.0842506024098,1098.9718043399334
RR,8.15,1122.4528692,1123.178095318752
RR,8.25,1146.9971661538461,1147.1305138700852
RR,8.35,1171.94150625641,1170.876806261752
RR,8.450000000000001,1193.691746375,1195.2101323074396
RR,8.55,1219.997144290909,1219.277536795069
RR,8.65,1244.1437197192984,1244.7673104560774
RR,8.75,1270.1610673580246,1269.9659010599623
RR,8.85,1295.592916102564,1294.4571905201963
RR,8.950000000000001,1317.6175881,1318.5008251241252
RR,9.05,1342.2919711698114,1341.8279427254927
RR,9.15,1365.5742689066667,1366.834476300625
RR,9.25,1392.6371888253968,1391.6604762248642
RR,9.35,1416.7699709425287,1416.106248562642
RR,9.450000000000001,1438.91158592,1439.8465838801021
RR,9.55,1463.8581947777777,1463.2414984177776
RR,9.65,1486.9547145555555,1487.755799625731
RR,9.75,1512.4544895438596,1512.2554391613437
RR,9.850000000000001,1537.3571133846153,1538.049615642825
RR,9.950000000000001,1564.337244,1562.2995170271952
RR,10.05,1585.2041936969697,1587.608796010101
RR,10.15,1613.2849503333334,1612.31841926936
RR,10.25,1638.4661137777778,1638.4249874503703
RR,10.350000000000001,1663.52389824,1663.7625602632359
RR,10.450000000000001,1689.29766877193,1689.1834509006903
RR,10.55,1714.728785690141,1715.0440507283827
RR,10.65,1741.105697723077,1739.7787787469344
RR,10.75,1763.5018528275862,1764.3591566569842
RR,10.850000000000001,1788.46991942029,1789.4618484964185
RR,10.950000000000001,1816.4137732413794,1814.9257561824613
RR,11.05,1839.8935758857144,1839.6314902328406
RR,11.15,1862.5871215714285,1863.7819426743936
RR,11.25,1888.8651305660378,1888.8504207637707
RR,11.350000000000001,1915.0990101538462,1915.2346588040637
RR,11.450000000000001,1941.7398356923077,1941.7800283190882
RR,11.55,1968.501239111111,1967.7271243890184
RR,11.65,1992.9402983636364,1993.9691524915825
RR,11.75,2020.4659199999999,2018.1672802878786
RR,11.850000000000001,2041.0956225,2043.6998503679242
RR,11.950000000000001,2069.5380086037735,2068.57123635374
RR,12.05,2095.080077957447,2095.5696077665602
RR,12.15,2122.0907367384616,2121.2327294114566
RR,12.25,2146.5273735384617,2145.7706021634185
RR,12.350000000000001,2168.693696213333,2172.414119125598
RR,12.450000000000001,2202.021287625,2204.6737207638885
RR,12.55,2243.3061784533334,2243.704713488099
RR,12.65,2285.786674385965,2286.111219941142
RR,12.75,2329.240806984127,2329.165076820334
RR,12.850000000000001,2372.467749090909,2371.899487784575
RR,12.950000000000001,2413.9899072786884,2415.255098745421
RR,13.05,2459.3076398666667,2457.1098896610642
RR,13.15,2498.032121837838,2499.4037443979555
RR,13.25,2540.8714714893617,2540.937312549066
RR,13.350000000000001,2583.9083443199997,2583.260148936454
RR,13.450000000000001,2625.000631,2626.365486917987
RR,13.55,2670.187485433962,2669.950450239892
RR,13.65,2714.6632342857147,2713.471691277628
RR,13.75,2755.5643541132076,2756.9568711551965
RR,13.850000000000001,2800.6430250666667,2799.954872457807
RR,13.950000000000001,2843.6572381935484,2843.0602684756273
RR,14.05,2884.880542166667,2885.8839740051294
RR,14.15,2929.1141416551727,2929.2158552226647
RR,14.25,2973.652881846154,2972.6372040443016
RR,14.350000000000001,3015.1445886315787,3015.1761936529147
RR,14.450000000000001,3056.731110481013,3057.2016314048774
RR,14.55,3099.7291951020406,3100.283093541018
RR,14.65,3144.38897504,3142.0131742251247
RR,14.75,3181.9213525333334,3184.8698327466664
RR,14.850000000000001,3228.299170666666,3226.7701172108104
RR,14.950000000000001,3270.0898284324326,3270.3717872182174
RR,15.05,3312.726362555555,3312.068551551551
RR,15.15,3353.3894636666664,3354.8952934586887
RR,15.25,3398.570054153846,3396.619411051282
RR,15.350000000000001,3437.8987153333333,3438.880835249825
RR,15.450000000000001,3480.173736262295,3480.4433474842567
RR,15.55,3523.2575908571425,3523.7902854711847
RR,15.65,3567.9395292941176,3566.598428670138
RR,15.75,3608.598165859155,3610.15481609871
RR,15.850000000000001,3653.926753142857,3652.6539860065186
RR,15.950000000000001,3695.437039017544,3694.298392876996
RR,16.05,3733.531386470588,3736.784550927417
RR,16.150000000000002,3781.3852272941176,3779.7605743394793
RR,16.25,3824.365109253731,3824.4745824216097
RR,16.35,3867.673410716981,3866.967680186315
RR,16.45,3908.864520588235,3908.7523165461826
RR,16.55,3949.7190183333337,3950.548207492375
RR,16.650000000000002,3993.0610835555553,3992.232335670565
RR,16.75,4033.9169051228073,4034.7967458826865
RR,16.85,4077.412248969697,4076.109127316549
RR,16.95,4116.998227857142,4119.953291819473
RR,17.05,4165.449398631579,4161.201900580986
RR,17.150000000000002,4201.158075254238,4204.874074708606
RR,17.25,4248.01475024,4246.586255466968
RR,17.35,4290.585940906667,4289.554701297477
RR,17.45,4330.063412745763,4331.937348120703
RR,17.55,4375.162690709677,4374.084549908032
RR,17.650000000000002,4417.027546268657,4416.880098176857
RR,17.75,4458.450057552239,4459.539246063755
RR,17.85,4503.14013437037,4501.989506067031
RR,17.95,4544.378326278481,4544.109261685671
RR,18.05,4584.809324408163,4586.154101313458
RR,18.150000000000002,4629.274653253731,4628.964661193234
RR,18.25,4672.810005917808,4671.799885583496
RR,18.35,4713.314997578947,4709.250993906327
RR,18.45,4741.627978222223,4737.160142651023
RR,18.55,4756.537452151899,4757.617245221481
RR,18.650000000000002,4774.686305290323,4773.040775787406
RR,18.75,4787.89856992,4788.626693572841
RR,18.85,4803.295205508197,4803.685967391098
RR,18.95,4819.864126745098,4820.214102445087
RR,19.05,4837.482975081967,4836.590181595323
RR,19.150000000000002,4852.423442958904,4853.043109934021
RR,19.25,4869.222911761194,4868.691738963843
RR,19.35,4884.428862171429,4884.4185162141
RR,19.450000000000003,4899.603774709678,4900.049416045115
RR,19.55,4916.115611254238,4916.067459478168
RR,19.650000000000002,4932.482992470588,4932.113358884121
RR,19.75,4947.741472927536,4948.41604832811
RR,19.85,4965.0236795862065,4964.410112171247
RR,19.950000000000003,4980.465184,4980.674137489187
RR,20.05,4996.533548881356,4996.174959512176
RR,20.150000000000002,5011.5261456551725,5012.418978656455
RR,20.25,5029.197241432837,5028.08565436267
RR,20.35,5043.533576000001,5044.65109122271
RR,20.450000000000003,5061.222456235294,5060.004528652272
RR,20.55,5075.257553721519,5075.393974952271
RR,20.650000000000002,5089.7019149,5090.235033154541
RR,20.75,5105.745630842105,5104.974550191091
RR,20.85,5119.476104831168,5119.913946803372
RR,20.950000000000003,5134.520104736842,5134.4828215448915
RR,21.05,5149.452255066667,5150.127210968986
RR,21.150000000000002,5166.409273103449,5166.200854554358
RR,21.25,5182.741035492958,5182.074981837357
RR,21.35,5197.074636915663,5197.226014136207
RR,21.450000000000003,5211.86237,5211.563408505221
RR,21.55,5225.7532186,5225.800828303896
RR,21.650000000000002,5239.786896311689,5240.472116245416
RR,21.75,5255.8762338245615,5256.439006747171
RR,21.85,5273.653890105264,5273.1001590451015
RR,21.950000000000003,5289.770353205479,5289.659440949735
RR,22.05,5305.554079538462,5306.699842638785
RR,22.150000000000002,5324.775095172414,5323.152721413429
RR,22.25,5339.128989529411,5339.3623529235965
RR,22.35,5354.182974068965,5354.406994755015
RR,22.450000000000003,5369.909020666667,5369.958724928755
RR,22.55,5385.784180050632,5385.75073234492
RR,22.650000000000002,5401.55899631746,5401.681637239814
RR,22.75,5417.701735351351,5417.368805692421
RR,22.85,5432.845685408451,5432.647433684161
RR,22.950000000000003,5447.394880292683,5447.351159006069
RR,23.05,5461.8129113170735,5462.205974887463
RR,23.150000000000002,5477.410133052632,5477.534100057393
RR,23.25,5493.379255802469,5492.741134330696
RR,23.35,5507.434014136987,5508.1539884166
RR,23.450000000000003,5523.648695310345,5524.224971544172
RR,23.55,5541.592205185186,5540.40089275777
RR,23.650000000000002,5555.961777777778,5556.816838922295
RR,23.75,5572.896533803922,5573.121894644192
RR,23.85,5590.507372350878,5589.708071051599
RR,23.950000000000003,5605.7203070000005,5606.475867371505
RR,24.05,5623.199922763637,5623.0992817856195
RR,24.150000000000002,5640.37761559322,5639.797403084471
RR,24.25,5655.814670896552,5655.871842914432
RR,24.35,5671.4232422535215,5677.24487286097
RR,24.450000000000003,5704.496705432836,5711.1906160166645
RR,24.55,5757.651900363636,5756.937996437208
RR,24.650000000000002,5808.665383515152,5808.371200489276
RR,24.75,5858.796317589041,5857.938733102364
RR,24.85,5906.354498202898,5907.93376353425
RR,24.950000000000003,5958.650474810811,5959.271284979878
RR,25.05,6012.808881925926,6011.908115818912
RR,25.150000000000002,6064.26499072,6063.33647335006
RR,25.25,6112.935547404255,6115.098141310235
RR,25.35,6168.093885806452,6166.865689535989
RR,25.450000000000003,6219.56763539726,6219.226476890126
RR,25.55,6270.017909466666,6270.303650371309
RR,25.650000000000002,6321.32540625,6320.8204241064695
RR,25.75,6371.1179566027395,6372.987196684247
RR,25.85,6426.5182272,6425.377445873641
RR,25.950000000000003,6478.4961538181815,6479.081788926965
RR,26.05,6532.230985762712,6530.702623784826
RR,26.150000000000002,6581.380731773585,6582.233915712099
RR,26.25,6633.0900296,6632.497487068191
RR,26.35,6683.021699830985,6683.606771726995
RR,26.450000000000003,6734.70858575,6735.1010702793765
RR,26.55,6787.572925257143,6786.615772717937
RR,26.650000000000002,6837.565807146667,6838.435685741909
RR,26.75,6890.168324821918,6888.155168480756
RR,26.85,6936.7313734736845,6938.780685140201
RR,26.950000000000003,6989.442357125,6987.903670256299
RR,27.05,7037.537280170212,7040.7025777071
RR,27.150000000000002,7095.128095826088,7093.529279494262
RR,27.25,7147.9224624864855,7145.012310816521
RR,27.35,7191.986374136987,7195.931911656099
RR,27.450000000000003,7247.886898344827,7244.747287723447
RR,27.55,7294.368590688525,7297.836710199522
RR,27.650000000000002,7351.254641565217,7350.475720365282
RR,27.75,7405.803928842105,7403.097410673087
RR,27.85,7452.233661611941,7453.7133046935705
RR,27.950000000000003,7503.1023236266665,7503.384118379535
RR,28.05,7554.8163699,7553.614377342223
RR,28.150000000000002,7602.9244385,7604.548610156322
RR,28.25,7655.905022068966,7655.499080693359
RR,28.35,7707.667781511111,7708.31168714574
RR,28.450000000000003,7761.362257857143,7759.538029503704
RR,28.55,7809.584049142857,7810.20817847619
RR,28.650000000000002,7859.678228428572,7861.170398887446
RR,28.75,7914.24891909091,7913.635464266493
RR,28.85,7966.979245279999,7966.034537642155
RR,28.950000000000003,8016.875448555556,8017.917803778518
RR,29.05,8069.8987175,8068.397952136165
RR,29.150000000000002,8118.419690352941,8120.7561577874585
RR,29.25,8173.950065509433,8173.864904679271
RR,29.35,8229.224958175439,8227.304600783847
RR,29.450000000000003,8278.738778666668,8278.502356336257
RR,29.55,8327.543332166666,8329.647787317326
RR,29.650000000000002,8382.661251118645,8382.103768333198
RR,29.75,8436.106721714286,8434.014108166533
RR,29.85,8483.274351666667,8485.261981759462
RR,29.950000000000003,8536.404871897435,8536.096593971104
RR,30.05,8588.610558349206,8587.651220518996
RR,30.150000000000002,8637.938231310345,8638.852332200982
RR,30.25,8690.008206943396,8690.476424361505
RR,30.35,8743.48283483077,8716.745520887083
