scenario,bandwidth_mhz,mode,n_repetitions,bandwidth_mhz_mean,bandwidth_mhz_std,n_flows_mean,n_flows_std,aggregate_throughput_mbps_mean,aggregate_throughput_mbps_std,mean_flow_throughput_mbps_mean,mean_flow_throughput_mbps_std,p5_flow_throughput_mbps_mean,p5_flow_throughput_mbps_std,min_flow_throughput_mbps_mean,min_flow_throughput_mbps_std,max_flow_throughput_mbps_mean,max_flow_throughput_mbps_std,std_flow_throughput_mbps_mean,std_flow_throughput_mbps_std,jain_flow_throughput_mean,jain_flow_throughput_std,offered_mbps_mean,offered_mbps_std,throughput_over_offered_mean,throughput_over_offered_std,mean_delay_ms_mean,mean_delay_ms_std,p95_delay_ms_mean,p95_delay_ms_std,max_delay_ms_mean,max_delay_ms_std,mean_jitter_ms_mean,mean_jitter_ms_std,mean_loss_ratio_mean,mean_loss_ratio_std,max_loss_ratio_mean,max_loss_ratio_std,tx_packets_total_mean,tx_packets_total_std,rx_packets_total_mean,rx_packets_total_std,packet_delivery_ratio_mean,packet_delivery_ratio_std,slot_count_mean,slot_count_std,mean_active_ues_per_slot_mean,mean_active_ues_per_slot_std,mean_served_ues_per_slot_mean,mean_served_ues_per_slot_std,pct_buf_gt0_alloc_eq0_mean,pct_buf_gt0_alloc_eq0_std,jain_rbg_slot_mean_mean,jain_rbg_slot_mean_std,jain_buf_req_slot_mean_mean,jain_buf_req_slot_mean_std,sum_buf_req_mean_per_slot_mean,sum_buf_req_mean_per_slot_std,sum_buf_req_max_per_slot_mean,sum_buf_req_max_per_slot_std,sum_alloc_rbg_mean_per_slot_mean,sum_alloc_rbg_mean_per_slot_std,sum_alloc_rbg_max_per_slot_mean,sum_alloc_rbg_max_per_slot_std,bandwidth_mhz_ci95,bandwidth_mhz_ci99,n_flows_ci95,n_flows_ci99,aggregate_throughput_mbps_ci95,aggregate_throughput_mbps_ci99,mean_flow_throughput_mbps_ci95,mean_flow_throughput_mbps_ci99,p5_flow_throughput_mbps_ci95,p5_flow_throughput_mbps_ci99,min_flow_throughput_mbps_ci95,min_flow_throughput_mbps_ci99,max_flow_throughput_mbps_ci95,max_flow_throughput_mbps_ci99,std_flow_throughput_mbps_ci95,std_flow_throughput_mbps_ci99,jain_flow_throughput_ci95,jain_flow_throughput_ci99,offered_mbps_ci95,offered_mbps_ci99,throughput_over_offered_ci95,throughput_over_offered_ci99,mean_delay_ms_ci95,mean_delay_ms_ci99,p95_delay_ms_ci95,p95_delay_ms_ci99,max_delay_ms_ci95,max_delay_ms_ci99,mean_jitter_ms_ci95,mean_jitter_ms_ci99,mean_loss_ratio_ci95,mean_loss_ratio_ci99,max_loss_ratio_ci95,max_loss_ratio_ci99,tx_packets_total_ci95,tx_packets_total_ci99,rx_packets_total_ci95,rx_packets_total_ci99,packet_delivery_ratio_ci95,packet_delivery_ratio_ci99,slot_count_ci95,slot_count_ci99,mean_active_ues_per_slot_ci95,mean_active_ues_per_slot_ci99,mean_served_ues_per_slot_ci95,mean_served_ues_per_slot_ci99,pct_buf_gt0_alloc_eq0_ci95,pct_buf_gt0_alloc_eq0_ci99,jain_rbg_slot_mean_ci95,jain_rbg_slot_mean_ci99,jain_buf_req_slot_mean_ci95,jain_buf_req_slot_mean_ci99,sum_buf_req_mean_per_slot_ci95,sum_buf_req_mean_per_slot_ci99,sum_buf_req_max_per_slot_ci95,sum_buf_req_max_per_slot_ci99,sum_alloc_rbg_mean_per_slot_ci95,sum_alloc_rbg_mean_per_slot_ci99,sum_alloc_rbg_max_per_slot_ci95,sum_alloc_rbg_max_per_slot_ci99,bandwidth,n_samples,n_seeds,mean_zero_ue_percent_mean,mean_zero_ue_percent_std,mean_zero_ue_percent_ci95,mean_backlogged_ues_per_slot_mean,mean_backlogged_ues_per_slot_std,mean_backlogged_ues_per_slot_ci95,mean_jain_buf_req_per_slot_mean,mean_jain_buf_req_per_slot_std,mean_jain_buf_req_per_slot_ci95,mean_jain_alloc_per_slot_mean,mean_jain_alloc_per_slot_std,mean_jain_alloc_per_slot_ci95,mode_original
dynamic_continuous_30s,10,RR,100.0,10.0,0.0,36.0,0.0,8.860218847,2.4996981461069803,0.2461171901944444,0.0694360596140827,0.1813590439,0.0702003960665742,0.180291237,0.0711740518948034,0.26652867,0.0724394906959176,0.030163553519329,0.0148560455824917,0.9817311333347838,0.0197552921168695,348.82559999999995,0.0,0.025400139344704,0.0071660398379791,5250.678336111112,137.09290408048045,5398.346500000001,202.50237808555,5431.626,264.67092597519223,38.91480311111111,12.90826344658312,0.9745998580555556,0.0071660335855076,0.9813933,0.0073453978782567,432000.0,0.0,10972.86,3095.7294142842406,0.0254001388888888,0.0071660403108431,26417.45,5922.230961650457,9.0,0.0,8.99891119954644,0.0023989988196492,0.0120977828173449,0.026655542440549,0.9881832279054314,0.0002755510796072,0.9998745360913618,0.0001298899304225,514593857.97609663,13916630.83228086,1236629239.25,19572138.247563943,338.0,0.0,338.0,0.0,0.0,0.0,0.0,0.0,0.4959401121876248,0.656420733167693,0.013776114227434,0.0182339092546581,0.0139277585796083,0.0184346240070823,0.014120931895929,0.0186903060275753,0.01437199495407,0.0190226102567479,0.0029474394435663,0.0039011975699623,0.0039194499559869,0.0051877397098899,0.0,0.0,0.001421742303855,0.0018818020614533,27.199232169567324,36.000596611534164,40.17647181217312,53.17712448526542,52.51071171347813,69.50258516108548,2.56099946780209,3.389709981072727,0.0014217410633647,0.0018818004195542,0.0014573269390461,0.0019289014828302,0.0,0.0,614.1927157939933,812.9385441910415,0.0014217423976712,0.0018818021856274,1174.9706227914508,1555.17785052941,0.0,0.0,0.0004759613658184,0.0006299770900399,0.0052884596202049,0.0069997454448881,5.466933419408309e-05,7.235971350487006e-05,2.5770162195836144e-05,3.410909572896457e-05,2761059.5571245225,3654507.256556954,3883112.228316686,5139643.503810291,0.0,0.0,0.0,0.0,,,,,,,,,,,,,,,,rr
dynamic_continuous_30s,10,PF,100.0,10.0,0.0,36.0,0.0,10.727558032,1.850649193260783,0.2979877231111111,0.0514069220350217,0.22309899975,0.0677149325691272,0.2216818689999999,0.0686679184742702,0.31983752,0.0544601369737683,0.0331879657204337,0.0216104662704938,0.9839604270323892,0.0189755947501862,348.82559999999995,0.0,0.0307533564967708,0.0053053709167583,5273.594816666667,101.8799098052832,5386.6849250000005,107.42406053933853,5400.2252,111.08903313918064,30.43813088888889,5.937800838360536,0.9692466427777778,0.0053053735744082,0.97712162,0.0070867183267024,432000.0,0.0,13285.45,2291.9206156814985,0.0307533564814814,0.005305371795559,30238.38,4405.59039435446,9.0,0.0,6.655976741310742,0.6598348078823721,26.04470287432509,7.331497865359692,0.6779933472071,0.0712099229506496,0.9998509350780906,0.0001765431170085,505149603.2452848,10344887.643054776,1221637171.67,14457003.411431298,338.0,0.0,338.0,0.0,0.0,0.0,0.0,0.0,0.3671687999429393,0.4859804781502815,0.0101991333317483,0.0134994577263967,0.0134346426217148,0.0177819412926528,0.0136237150252952,0.0180321953913433,0.0108048911755956,0.0143012319693115,0.0042875165080659,0.0056749084426316,0.0037647579984369,0.0049829911813989,0.0,0.0,0.0010525855898848,0.0013931904027407,20.212974105368183,26.75366431486737,21.31293361100476,28.20955829763029,22.04006417481344,29.17198010234884,1.1780596863307302,1.559266500153477,0.0010525861171625,0.0013931911006396,0.0014060049160177,0.001860972232592,0.0,0.0,454.7170501512093,601.8583536779614,0.0010525857642389,0.0013931906335137,874.0691342399248,1156.908037557481,0.0,0.0,0.1309112258838626,0.1732726205499109,1.454569176487363,1.9252513394434552,0.0141280487134088,0.0186997257668406,3.5026154414498535e-05,4.636022252644816e-05,2052425.7083820675,2716567.495066184,2868269.4768279693,3796409.0958418585,0.0,0.0,0.0,0.0,,,,,,,,,,,,,,,,pf
dynamic_continuous_30s,10,MR,100.0,10.0,0.0,36.0,0.0,28.570236524050003,3.432308010222151,0.7936176812236111,0.0953418891728375,0.0,0.0,0.0,0.0,2.11199285,0.7000087443819827,0.9375191836772422,0.311008554610687,0.4472532096700681,0.0935615254009495,348.82559999999995,0.0,0.0819040704697419,0.0098396104248717,2171.470682430556,592.2281017815361,4875.83615,365.0303397374537,4877.4217,364.5202057362668,2.560172361111112,1.3134889508288334,0.9180959188888888,0.0098395599733014,1.0,0.0,432000.0,0.0,35382.56,4250.697607202704,0.081904074074074,0.0098395777944507,47945.05,533.4427988987865,9.0,0.0,4.010210000655335,0.8569297831345154,55.4421111038296,9.521442034827944,0.4431734831237177,0.0942661036010292,0.9387802973185916,0.0225420316183705,473082404.2847588,6414565.5876731165,1156144341.85,1905724.0168148824,338.0,0.0,338.0,0.0,0.0,0.0,0.0,0.0,0.6809699092280748,0.9013240834843368,0.0189158308118909,0.0250367800967871,0.0,0.0,0.0,0.0,0.1388817348853853,0.1838222962747086,0.0617040972347603,0.0816708464407664,0.0185626066395484,0.0245692565702893,0.0,0.0,0.0019521787082945,0.0025838816975713,117.49805539345677,155.51909952783137,72.42201940391081,95.85696721505532,72.32080881807532,95.72300602634364,0.2605962078444405,0.3449221984876516,0.001952168698703,0.0025838684489889,0.0,0.0,0.0,0.0,843.3384052690164,1116.23319165143,0.001952172234419,0.0025838731288227,105.83505130151924,140.08207899082132,0.0,0.0,0.1700148689738878,0.2250297610511237,1.889054099709864,2.5003306783458177,0.0187023949544441,0.0247542788056302,0.0044723390730847,0.0059195375029841,1272649.8125943462,1684464.9233229605,378095.6449360727,500443.1268155881,0.0,0.0,0.0,0.0,,,,,,,,,,,,,,,,mr
,10,IA-FMR,100.0,,,36.0,0.0,19.196274237,4.542989002669575,0.5332298399166667,0.1261941389630437,0.0,0.0,0.0,0.0,0.80218564,0.1794578542819601,0.2921336213519295,0.0880653438452832,,,,,,,4267.357130555555,304.1081683110704,,,5372.907000000001,151.4529085094096,13.917565305555554,11.54339470593673,0.9449688388888888,0.0130236686801267,1.0,0.0,,,,,,,,,7.299710347097598,0.4603543103118179,7.299710347097598,0.4603543103118179,18.89210725447111,5.115047892353533,0.7984917140191524,0.0492316346038294,,,481201877.12569255,17332926.42095067,1174055247.77,29466834.79122469,,,,,,,0.0,,0.8904258445232367,,0.0247340512367565,,0.0,,0.0,,0.0351737394392642,,0.0172608073936755,,,,,,,,59.60520098896978,,,,29.684770067844283,,2.262505362363599,,0.0025526390613048,,0.0,,,,,,,,,,0.0902294448211163,,0.0902294448211163,,1.0025493869012925,,0.0096494003823505,,,,3397253.578506331,,5775499.61908004,,,,,,bw10,100.0,100.0,18.89210725447112,5.115047892353535,1.002549386901293,9.0,0.0,0.0,0.9884958049895222,0.0049571220425281,0.0009715959203355,0.7984917140191524,0.0492316346038294,0.0096494003823505,fmr_rl
dynamic_continuous_30s,15,RR,100.0,15.0,0.0,36.0,0.0,16.324707237,4.9465614931170325,0.4534640899166666,0.1374044859199175,0.28395370625,0.1130287706963369,0.2824760639999999,0.113834514419814,0.51351649,0.1511769572992274,0.0806838418626194,0.0361213593457422,0.9670778410700152,0.021098461116923,348.82559999999995,0.0,0.0467990515518356,0.0141806148777986,5257.414097222222,132.71586196019663,5399.261850000001,164.7281229805938,5418.7568,181.6876497410996,21.783241927777777,6.731795057659201,0.9532009483333332,0.0141806049926785,0.97084753,0.0117481087706047,432000.0,0.0,20217.19,6126.0257482797015,0.0467990509259259,0.0141806151580548,28909.16,6410.003824074246,9.0,0.0,9.0,0.0,0.0,0.0,0.9876543209876548,7.89001147215253e-17,0.9992198726524804,0.0006912348687182,485778935.9498272,17002614.038380675,1183070338.47,31560053.15280009,520.0,0.0,520.0,0.0,0.0,0.0,0.0,0.0,0.9813978002344192,1.2989670480925326,0.0272610500065116,0.0360824180025703,0.0224249081061532,0.029681355184858,0.0225847676608911,0.0298929434866431,0.0299935083281667,0.0396990689867771,0.0071664776941952,0.0094854689641919,0.0041859346855975,0.0055404558893039,0.0,0.0,0.0028134339917552,0.0037238294669099,26.33082701290301,34.851185350747635,32.68205959934981,43.25760509470393,36.04682970863416,47.71117682201276,1.3355881394395854,1.767769382141306,0.0028134320305474,0.0037238268710773,0.0023308247800879,0.0030850533631608,0.0,0.0,1215.4035084586926,1608.6943614982497,0.002813434047358,0.0037238295405052,1271.7447586963303,1683.267004201897,0.0,0.0,0.0,0.0,0.0,0.0,1.565378276075062e-17,2.0719170125872546e-17,0.0001371409979536,0.0001815182765253,3373318.6252147257,4464886.4464787645,6261514.545515539,8287669.957925305,0.0,0.0,0.0,0.0,,,,,,,,,,,,,,,,rr
dynamic_continuous_30s,15,PF,100.0,15.0,0.0,36.0,0.0,17.225097291,3.83143652414418,0.47847492475,0.1064287923373383,0.301421283,0.1069171595426151,0.299981935,0.1076416116376026,0.54614624,0.1156849406531447,0.0853354337309676,0.0361217939656967,0.9662722396569424,0.0230187393238307,348.82559999999995,0.0,0.0493802556091066,0.0109838169106401,5253.535769444445,81.95400363065696,5374.548875,84.76640332331306,5385.1676,87.551421717108,19.93032669444445,4.601597771868621,0.9506197552777778,0.0109837998176091,0.96904087,0.0111089618246401,432000.0,0.0,21332.27,4745.008805337169,0.0493802546296296,0.0109838166790212,29851.37,4766.82869539195,9.0,0.0,6.342207712374168,0.6749226687919924,29.531025418064804,7.49914076435547,0.6452442969488033,0.0765336836553982,0.9992070874327256,0.0005905366759041,483012243.98074186,14777771.098569678,1176226373.46,24208811.913093656,520.0,0.0,520.0,0.0,0.0,0.0,0.0,0.0,0.7601570063902052,1.0061352312402616,0.0211154723997279,0.027948200867785,0.0212123644532548,0.0280764460958907,0.0213560957489003,0.0282666872160344,0.0229518922255839,0.0303788654155158,0.0071665639227942,0.0094855830953919,0.004566917881848,0.0060447209464379,0.0,0.0,0.0021791892750709,0.002884350320734,16.25967432032234,21.52112135341052,16.81765441934531,22.25965751270201,17.370202068674224,22.99100334291256,0.9129569979387344,1.2083795748927,0.0021791858838136,0.0028843458321041,0.0022040180260086,0.0029172133751505,0.0,0.0,941.4097469788944,1246.0393122815406,0.0021791892291178,0.0028843502599109,945.7388131657628,1251.769215409926,0.0,0.0,0.1339046574883313,0.1772346928247772,1.4878295276481253,1.9692743647197464,0.015184282837231,0.0200977453279075,0.0001171624764993,0.0001550749310924,2931909.785956224,3880642.690484397,4803028.283557782,6357234.008378394,0.0,0.0,0.0,0.0,,,,,,,,,,,,,,,,pf
dynamic_continuous_30s,15,MR,100.0,15.0,0.0,36.0,0.0,51.04668704693,5.086599313693575,1.4179635290813888,0.1412944253803771,0.0,0.0,0.0,0.0,3.0281776,0.9575891877043744,1.467344704293258,0.4148540702221702,0.5067258512026984,0.0902244235758051,348.82559999999995,0.0,0.1463387063533467,0.0145820699905442,2237.0145518555555,494.7498744828929,4372.5602,438.3748902144607,4375.5409,444.7302580445746,2.681734177777778,4.421261789562747,0.853661411388889,0.0145821100683491,1.0,0.0,432000.0,0.0,63218.29,6299.474057403443,0.1463386342592592,0.014582115873619,47980.97,110.65548090603224,8.997736650857918,0.0090032086746417,4.525952566452134,0.8229281681296763,49.70275551797308,9.12920448820451,0.5023474373664,0.0908560124461777,0.8668684737803849,0.0353853131919174,428158429.5822762,1455116.190866765,1067092896.41,1441453.6783596885,520.0,0.0,520.0,0.0,0.0,0.0,0.0,0.0,1.0091813038368052,1.3357409797759328,0.0280328139954668,0.037103916104887,0.0,0.0,0.0,0.0,0.1899856948405479,0.2514629206911687,0.0823070475320785,0.1089406788403418,0.0179005256374397,0.0236929336310064,0.0,0.0,0.0028930826861239,0.0038292515795169,98.15837509740597,129.92131703920768,86.97357821854901,115.1172461703174,88.23448319604361,116.7861657625053,0.8771783390492491,1.1610233459391774,0.0028930906375604,0.0038292621039484,0.0,0.0,0.0,0.0,1249.815652988843,1654.241887474144,0.002893091789326,0.0038292636284123,21.9540474117568,29.058129285924064,0.0017862366010489,0.0023642425979609,0.1632689485569277,0.216100936950853,1.8112341704597743,2.397329098602504,0.0180258328693216,0.0238587888683662,0.0070204461372764,0.0092921832441975,288695.0522679662,382113.5117216125,285984.40978656214,378525.73593725415,0.0,0.0,0.0,0.0,,,,,,,,,,,,,,,,mr
,15,IA-FMR,100.0,,,36.0,0.0,26.770470292,7.825174384229867,0.7436241747777775,0.2173659551174963,0.418279787,0.1532395733849874,0.417597513,0.1528385415042323,1.01201298,0.3042628674342844,0.1847110912906909,0.0735286528177399,,,,,,,5191.557825,219.2745590578419,,,5364.416800000001,200.6922778576116,14.81104465,7.794836354682819,0.923255395,0.0224329292899809,0.95690246,0.0157735852636327,,,,,,,,,9.0,0.0,9.0,0.0,0.0,0.0,0.9769450594942846,0.001205987526208,,,456488731.0392239,34012229.32951015,1124327037.65,45766385.05945438,,,,,,,0.0,,1.533734179309054,,0.0426037272030292,,0.0300349563834575,,0.0299563541348295,,0.0596355220171197,,0.014411615952277,,,,,,,,42.97781357533701,,,,39.33568646009186,,1.5277879255178326,,0.0043968541408362,,0.003091622711672,,,,,,,,,,0.0,,0.0,,0.0,,0.0002363735551367,,,,6666396.948583989,,8970211.47165306,,,,,,bw15,100.0,100.0,0.0,0.0,0.0,9.0,0.0,0.0,0.9965628441365608,0.0023203906569457,0.0004547965687613,0.9769450594942846,0.001205987526208,0.0002363735551367,fmr_rl
dynamic_continuous_30s,20,RR,100.0,20.0,0.0,36.0,0.0,19.179409627,6.652598555131954,0.5327613785277778,0.1847944043092209,0.3293070615,0.1402560817464383,0.328009061,0.1410006811852962,0.6162505699999999,0.2063819858927504,0.1022039025184668,0.0482403194786483,0.962846018800232,0.0224509768067883,348.82559999999995,0.0,0.0549828040917868,0.0190714172214767,5241.873861111111,145.35577448417345,5393.2126,141.54751475636016,5407.5525,149.73994721067783,18.9928357,6.34695261881196,0.9450172061111112,0.0190713922837995,0.96614832,0.0145517784874939,432000.0,0.0,23752.57,8238.850405557287,0.0549828009259259,0.019071412975827,24664.38,6148.723726945537,9.0,0.0,9.0,0.0,0.0,0.0,0.9971600993965208,7.231314961041786e-17,0.9987453755478566,0.0011521171115919,473629546.9866054,25417949.61705431,1166834875.54,39468867.78333563,689.0,0.0,689.0,0.0,0.0,0.0,0.0,0.0,1.3198755533381796,1.7469723805776511,0.0366632098149494,0.0485270105716014,0.0278268066184933,0.0368312470666147,0.0279745351471627,0.0370267788792587,0.0409461860011216,0.0541959094954362,0.0095708793845638,0.012667907895093,0.0044542737984668,0.0058956265094626,0.0,0.0,0.0037837691767409,0.0050081541623597,28.83858565766001,38.17042637954395,28.08302692766185,37.17037737502018,29.70840552659849,39.321710137524,1.2592353995722927,1.6667097577000205,0.0037837642291058,0.0050081476137257,0.0028870728519187,0.0038212970308159,0.0,0.0,1634.5879204625658,2163.522116499343,0.003783768334404,0.0050081530474521,1219.9067874259947,1614.654850695898,0.0,0.0,0.0,0.0,0.0,0.0,1.4346928882706905e-17,1.8989433087695728e-17,0.0002285800349398,0.000302545953504,5042921.204023575,6674753.569438461,7830623.36821379,10364524.679903936,0.0,0.0,0.0,0.0,,,,,,,,,,,,,,,,rr
dynamic_continuous_30s,20,PF,100.0,20.0,0.0,36.0,0.0,21.09683387,5.175133771271208,0.5860231630555556,0.1437537158686446,0.31493219,0.1138304776863413,0.31302253,0.1146531996528464,0.71490673,0.1750299768848185,0.1423753192930436,0.0568163468112063,0.9433682631593864,0.0294040318367213,348.82559999999995,0.0,0.0604796031885274,0.0148358772156378,5253.517572222222,101.69378226671968,5403.733375,121.16476509875396,5415.328100000001,127.9103701081427,17.079922222222223,4.045470952775325,0.9395203891666668,0.0148358948928178,0.96769498,0.011832583372718,432000.0,0.0,26127.19,6409.102446962178,0.0604796064814814,0.0148358852938939,27046.31,4850.970584326399,9.0,0.0,6.1055649467069655,0.6380191636300382,32.16038948103371,7.089101818111535,0.6163927301644556,0.0690769822916255,0.9979939586716056,0.0014343596272885,470638895.70440406,17000543.51289661,1154009440.81,30310075.87474408,689.0,0.0,689.0,0.0,0.0,0.0,0.0,0.0,1.0267465402202078,1.3589901283358192,0.028520737228339,0.037749725787106,0.0225839667729701,0.0298918834404332,0.0227471948111247,0.0301079302288374,0.0347259474139479,0.0459628719299533,0.0112723632073433,0.0149199726726227,0.0058337599164055,0.007721498760323,0.0,0.0,0.0029434380395825,0.0038959013568265,20.176046401717183,26.70478722324059,24.039089395592782,31.81786731493279,25.377417429455512,33.58926319039827,0.8026214370306246,1.0623406721988002,0.002943441546735,0.0038959059988539,0.0023475845411472,0.0031072363936757,0.0,0.0,1271.565925477296,1683.0303025722678,0.0029434396423085,0.0038959034781765,962.4325639303576,1273.8648754441124,0.0,0.0,0.1265830020641995,0.167543832369248,1.4064778007133287,1.8615981374360893,0.0137048732866585,0.0181396155497808,0.000284576950054,0.0003766628381259,3372907.832958687,4464342.726486649,6013519.053549225,7959425.9247077955,0.0,0.0,0.0,0.0,,,,,,,,,,,,,,,,pf
dynamic_continuous_30s,20,MR,100.0,20.0,0.0,36.0,0.0,79.00997985192,5.873662410823823,2.194721662553333,0.1631572891895507,0.0,0.0,0.0,0.0,5.2524655000000005,1.4660729139421056,2.39577579876532,0.5970303451646108,0.4786030492611696,0.0921984707020531,348.82559999999995,0.0,0.2265028135891403,0.0168383926260682,1892.6605033444444,604.435041594143,3778.1824325,803.727166450159,3780.33556,805.2079039148309,4.2932119375,11.876892921548835,0.773497226111111,0.0168383785626957,1.0,0.0,432000.0,0.0,97849.21,7274.179998626939,0.2265028009259259,0.0168383796264512,47936.52,217.9588266187236,8.95375217687463,0.0548392690910705,4.167380673696761,0.9244417548903086,53.5111378251021,10.09967748809899,0.4619976265737077,0.1023177466698271,0.766525841792954,0.0246693822844323,389888365.9429644,5569145.416929456,988316859.42,8932143.941480959,688.9999783297202,0.0001066970853868,689.0,0.0,0.0,0.0,0.0,0.0,1.1653346223074463,1.5424237490823356,0.0323704061752068,0.042845104141176,0.0,0.0,0.0,0.0,0.2908688661261137,0.3849907472011969,0.1184508204806587,0.1567801686402267,0.0182921765872873,0.0242113184063591,0.0,0.0,0.0033407370970119,0.0044217619036055,119.91991225227795,158.72464192262194,159.45946982371154,211.0587539098117,159.75324813670244,211.4475955680346,2.356375555635289,3.1188720811987247,0.0033407343068388,0.0044217582105638,0.0,0.0,0.0,0.0,1443.1973117275847,1910.1996676394344,0.0033407345178879,0.004421758489906,43.24303120115476,57.235987870076805,0.0108801109876683,0.0144007920633151,0.1834092441702372,0.242758404834195,2.00377601363884,2.6521753083747948,0.0202998409392937,0.0268686402754966,0.0048944054452313,0.0064781797878919,1104918.450718804,1462457.586485675,1772137.3579898225,2345580.9990329,2.1168701740743657e-05,2.801865462257704e-05,0.0,0.0,,,,,,,,,,,,,,,,mr
,20,IA-FMR,100.0,,,36.0,0.0,37.79191972,12.358522012277064,1.049775547777778,0.3432922781188073,0.5376436800000001,0.2467597794090645,0.53708656,0.2468940984712795,1.5411062200000003,0.5012536085113484,0.3025223435191304,0.1159718970276545,,,,,,,5090.050294444444,293.1888279482973,,,5397.625,300.22853125039217,11.283404544444444,6.842538497727394,0.8916595516666668,0.0354289483524719,0.94457088,0.0254802897127179,,,,,,,,,9.0,0.0,9.0,0.0,0.0,0.0,0.9819596077348683,0.0032387854786217,,,428580289.295134,45441723.05614017,1069201997.78,63613639.05079677,,,,,,,0.0,,2.422270314406304,,0.0672852865112862,,0.0483649167641766,,0.0483912433003707,,0.0982457072682242,,0.0227304918174202,,,,,,,,57.46501027786627,,,,58.844792125076864,,1.341137545554569,,0.0069440738770844,,0.0049941367836927,,,,,,,,,,0.0,,0.0,,0.0,,0.0006348019538098,,,,8906577.719003472,,12468273.253956163,,,,,,bw20,100.0,100.0,0.0,0.0,0.0,9.0,0.0,0.0,0.9905972919596698,0.0059869699089526,0.0011734461021547,0.9819596077348683,0.0032387854786217,0.0006348019538098,fmr_rl
dynamic_continuous_30s,25,RR,100.0,25.0,0.0,36.0,0.0,31.30338478,13.804876113474604,0.8695384661111112,0.3834687809298501,0.4351014575,0.1808899566143305,0.43457057,0.1808378163861704,1.06136641,0.4760277768792573,0.2315691594915807,0.1326339600864267,0.9398508233384656,0.0304960077778731,348.82559999999995,0.0,0.0897393562284419,0.0395752952577867,5067.511794444445,289.97107145611744,5374.349300000001,236.70682363994547,5380.1662,236.75380501152333,13.996322008333332,7.794856950642711,0.9102606358333332,0.0395752931791131,0.95515084,0.01866305360148,432000.0,0.0,38767.4,17096.526414875785,0.0897393518518518,0.0395752926270272,29166.36,9866.394671230464,9.0,0.0,9.0,0.0,0.0,0.0,0.9958847736625512,7.401486830834377e-17,0.9930682916116196,0.0061683629413536,444206842.28596497,49923648.28310424,1102691027.12,72044602.9270949,858.0,0.0,858.0,0.0,0.0,0.0,0.0,0.0,2.7388874209133616,3.6251604673984312,0.0760802061364822,0.1006989018721786,0.0358885673922831,0.0475017026069232,0.0358782227710162,0.0474880105830083,0.0944439109328446,0.1250048942084929,0.026314577681147,0.0348296779186956,0.00605040794313,0.0080082516424694,0.0,0.0,0.0078517385791448,0.0103924725346947,57.5302605768937,76.14640336437644,46.96263381016518,62.15921188784968,46.97195491428624,62.17154919602604,1.546499619007514,2.046929435238776,0.007851738166736,0.0103924719888351,0.0037027498345336,0.0049009178757486,0.0,0.0,3391.950840711356,4489.5478365463805,0.0078517380572022,0.0103924718438573,1957.492702772124,2590.91524066512,0.0,0.0,0.0,0.0,0.0,0.0,1.4684549872375404e-17,1.9436304417771072e-17,0.0012238032075645,0.0016198121083994,9904851.819367882,13109950.039143171,14293649.22073563,18918912.72865512,0.0,0.0,0.0,0.0,,,,,,,,,,,,,,,,rr
dynamic_continuous_30s,25,PF,100.0,25.0,0.0,36.0,0.0,26.10732325,6.710985672338181,0.7252034236111112,0.1864162686760605,0.337307075,0.0945809617161316,0.33493718,0.0950965894101466,0.9398584,0.2408124628982294,0.2234929744618636,0.0825022410220595,0.9148639743888168,0.0344978745670089,348.82559999999995,0.0,0.0748434841078177,0.0192387991946066,5204.045183333334,125.55529153113277,5387.765675,117.4119279222344,5398.1426,120.05667694901618,14.661021952777778,3.549074205022808,0.9251565169444445,0.0192387918113537,0.96543329,0.0098142941788078,432000.0,0.0,32332.39,8311.165709599602,0.0748434953703703,0.019238809512962,26350.08,4802.279638974504,9.0,0.0,5.8965323687655,0.6130452473933484,34.48297368038333,6.811613859926097,0.5960165366815785,0.0661506865765358,0.9953135793209584,0.0031775654481789,457423890.9463198,20999452.840279244,1126764898.33,35613052.86931383,858.0,0.0,858.0,0.0,0.0,0.0,0.0,0.0,1.331459557391895,1.762304837556006,0.0369849877053304,0.0489529121543334,0.0187648628044805,0.0248369605466561,0.0188671633389731,0.0249723643791045,0.0477771926390087,0.063237352757075,0.0163684446187766,0.0216650884923928,0.0068443783140945,0.0090591418612965,0.0,0.0,0.0038169777602099,0.0050521086685037,24.91016983977674,32.970819556075455,23.294526499771308,30.832372272378755,23.81924470668481,31.52688336681165,0.7041363222765251,0.9319868862389894,0.0038169762953725,0.0050521067296614,0.0019471559650754,0.0025772336513549,0.0,0.0,1648.9352767845608,2182.5121153408554,0.0038169798073716,0.0050521113781038,952.7722803725416,1261.0786331947045,0.0,0.0,0.1216281770828403,0.1609856819654933,1.3514241898093375,1.788729799616593,0.0131242962167847,0.0173711702949983,0.0006304289849187,0.0008344286866917,4166291.443511402,5514456.315857329,7065629.6892718645,9351987.68348181,0.0,0.0,0.0,0.0,,,,,,,,,,,,,,,,pf
dynamic_continuous_30s,25,MR,100.0,25.0,0.0,36.0,0.0,101.76692015114,10.713413768339093,2.826858893087222,0.2975948268983082,0.0,0.0,0.0,0.0,6.8388563,1.2966133062672165,3.113373653680212,0.5406229561872702,0.4652952979985731,0.090848638172741,348.82559999999995,0.0,0.291741546925283,0.0307128082581642,1435.6155108305556,747.2648573631228,2900.4871500000004,1186.8198858848973,2901.81737,1186.7069125156715,3.363188260880556,6.09850929813501,0.7082584927777777,0.030712801917152,1.0,0.0,432000.0,0.0,126032.34,13267.930057263811,0.2917415277777778,0.030712801058481,47533.94,2029.8241393696355,8.8685662780929,0.0743851132138881,3.853345630442399,0.9662943211505344,56.62270363798936,10.55604197708118,0.4279376608738684,0.105771563541296,0.6964756598564635,0.0306594212855712,361203043.0006369,16784118.206151996,925523731.09,36675889.49214327,857.9999917451582,8.254841782779585e-05,858.0,0.0,0.0,0.0,0.0,0.0,2.125541291638476,2.813342455565846,0.0590428136566243,0.0781484015434957,0.0,0.0,0.0,0.0,0.2572480799634157,0.340490654225771,0.1072595945075544,0.1419675882947771,0.0180243698134718,0.0238568523841618,0.0,0.0,0.0060934211584197,0.0080651834485939,148.25734770084358,196.23175154355604,235.46506535956365,311.65890203337403,235.44265144310924,311.6292352266154,1.209944244749986,1.6014685416902534,0.0060934199003629,0.0080651817834441,0.0,0.0,0.0,0.0,2632.3573233611405,3484.1584330374776,0.0060934197300026,0.0080651815579571,402.71710925093566,533.0318189984662,0.0147580064616354,0.019533530729967,0.191712793316266,0.2537488887341302,2.094318728252906,2.7720166231815173,0.0209850782065931,0.0277756125859443,0.0060828291830573,0.008051164029591,3329969.052100556,4407509.440935514,7276496.475241224,9631088.580636822,1.6377606097034695e-05,2.167721452157919e-05,0.0,0.0,,,,,,,,,,,,,,,,mr
,25,IA-FMR,100.0,,,36.0,0.0,51.540358503,15.300514669227974,1.431676625083333,0.4250142963674437,0.711396052,0.3121110467182224,0.710893547,0.3121227060648393,1.95818748,0.5959632062877009,0.3937623889572442,0.1423909609288372,,,,,,,4833.06878888889,413.7652916316824,,,5300.6733,371.8177018733424,8.150842219444446,5.127466607501237,0.8522460927777777,0.0438629087713335,0.92663328,0.0322121274828489,,,,,,,,,9.0,0.0,9.0,0.0,0.0,0.0,0.9930964952905064,0.0017713874236098,,,394836837.1224037,46857963.23161228,1008421357.1,73224796.519851,,,,,,,0.0,,2.9989008751686828,,0.0833028020880189,,0.0611737651567715,,0.0611760503887085,,0.1168087884323893,,0.027908628342052,,,,,,,,81.09799715980975,,,,72.87626956717511,,1.0049834550702426,,0.0085971301191813,,0.0063135769866383,,,,,,,,,,0.0,,0.0,,0.0,,0.0003471919350275,,,,9184160.793396007,,14352060.117890796,,,,,,bw25,100.0,100.0,0.0,0.0,0.0,9.0,0.0,0.0,0.9824695123616648,0.0099713873162608,0.0019543919139871,0.9930964952905064,0.0017713874236098,0.0003471919350275,fmr_rl
dynamic_continuous_30s,30,RR,100.0,30.0,0.0,36.0,0.0,35.79570176,11.74024621317584,0.9943250488888888,0.3261179503659956,0.53554223,0.184986996068365,0.53414735,0.1857297733618874,1.23828283,0.4004638358508353,0.2671459780734823,0.108905559921577,0.9341292680604376,0.0245279393106669,348.82559999999995,0.0,0.1026177601643916,0.0336564925658433,5049.133130555556,228.200194616686,5324.213299999999,162.5300668205483,5330.5525,163.46284446922382,10.729092425,3.881178576305924,0.8973822358333333,0.033656484434574,0.94487415,0.0191679282316698,432000.0,0.0,44330.87,14539.60283081621,0.1026177546296296,0.0336564880342967,26908.85,6498.42450739276,9.0,0.0,9.0,0.0,0.0,0.0,0.9987515605493136,7.231314961041786e-17,0.9922630915711922,0.0059804537366117,428834628.0300198,29971388.92010492,1079365209.7,58774513.47273739,1040.0,0.0,1040.0,0.0,0.0,0.0,0.0,0.0,2.329264848694087,3.0829886555799755,0.0647018013526135,0.0856385737661104,0.0367014200199636,0.0485775851675526,0.0368487870349984,0.0487726384848316,0.0794520250328057,0.1051618032944293,0.0216068630884408,0.0285986000354061,0.0048663431592363,0.0064410368629811,0.0,0.0,0.0066774481250633,0.0088381949477904,45.27491861195049,59.92537110634172,32.24596525719679,42.68039554707598,32.431028342694006,42.92534295761818,0.7700258295390953,1.0191974941379356,0.0066774465118194,0.0088381928125191,0.0038029169611632,0.0050334979536364,0.0,0.0,2884.657201633936,3818.099703372337,0.0066774472260044,0.0088381937578063,1289.2874222667235,1706.4862756413386,0.0,0.0,0.0,0.0,0.0,0.0,1.4346928882706905e-17,1.8989433087695728e-17,0.0011865220213437,0.0015704671512342,5946323.561748816,7870486.730419552,11660863.472991098,15434187.237940837,0.0,0.0,0.0,0.0,,,,,,,,,,,,,,,,rr
dynamic_continuous_30s,30,PF,100.0,30.0,0.0,36.0,0.0,30.61255071,8.011596843597326,0.8503486308333333,0.2225443567665924,0.36140795,0.1050015673702701,0.35892704,0.1054914567550444,1.15498421,0.2906615526313144,0.2959882895310762,0.0954954330756111,0.8936301955452224,0.0336391856978617,348.82559999999995,0.0,0.0877588993181693,0.0229673419714531,5144.476,158.59613607388846,5377.100025,130.38075205431736,5386.8511,131.6394066747751,13.070918613888889,3.1586623554786826,0.9122411038888888,0.022967331222978,0.96295746,0.0108870817085983,432000.0,0.0,37911.84,9921.887886217351,0.0877588888888889,0.0229673330699475,25147.43,4469.15686635193,9.0,0.0,5.793876125192768,0.5398797988429239,35.62359860896924,5.998664431588047,0.5852588684323721,0.0596304256183843,0.9919519610907472,0.0050064772586813,445380082.8681377,22726749.69138706,1104079538.56,39910432.85754881,1040.0,0.0,1040.0,0.0,0.0,0.0,0.0,0.0,1.5895008137697095,2.1038453311286576,0.0441528003824919,0.0584401480869071,0.0208323109662615,0.0275734115914329,0.0209295050202008,0.0277020565438746,0.0576672520420527,0.0763277237209831,0.0189462939222012,0.0250771007256554,0.0066740144424557,0.0088336501642584,0.0,0.0,0.0045567206471363,0.0060312240017035,31.46547339705947,41.64734533300311,25.86754120757656,34.23798548946373,26.11725828427538,34.56850819279594,0.6266786113269707,0.829464734548702,0.0045567185146388,0.006031221179154,0.0021599970109859,0.0028589476566779,0.0,0.0,1968.502556625523,2605.4877589206767,0.0045567188810776,0.0060312216641682,886.680722284223,1173.6005931040168,0.0,0.0,0.107112152090436,0.1417724351761518,1.1901350232270684,1.575249279735021,0.0118306764426874,0.0156589497673877,0.0009932850881223,0.0013147009281297,4508987.138771193,5968044.468958242,7918229.878937684,10480479.668392316,0.0,0.0,0.0,0.0,,,,,,,,,,,,,,,,pf
dynamic_continuous_30s,30,MR,100.0,30.0,0.0,36.0,0.0,116.35542694141,17.487689956638032,3.2320951928169444,0.4857691654621675,1.41306725e-05,0.0001004428089123,0.0,0.0,7.7826392,0.754559591506666,3.5753341158569363,0.3164118754500619,0.4534585423355494,0.0857295433267014,348.82559999999995,0.0,0.3335633248861609,0.0501330463034766,921.8683192638888,531.8514101336889,2065.1715925,959.6761086705076,2084.40335,997.7931060651092,3.767590724913889,8.430162743157366,0.6664367577777778,0.0501330182777971,1.0,0.0,432000.0,0.0,144099.32,21657.46204521665,0.3335632407407407,0.050133013993557,47395.83,736.1797383599453,8.760558406047842,0.0704655920229111,3.587982488906415,0.855157096518502,59.062444669203416,9.629783775295232,0.4039064968627388,0.0963993424596123,0.6510986332197437,0.0467125408109959,342309707.0095115,30709681.0744129,877946079.44,63475202.33792179,1039.9999862559987,8.184487275457827e-05,1040.0,0.0,0.0,0.0,0.0,0.0,3.4695576873969856,4.592267382613147,0.096376602427694,0.1275629828503652,1.9927853288217764e-05,2.6376281620393068e-05,0.0,0.0,0.1497046229549225,0.1981473487296504,0.0627761160892922,0.0830897584931862,0.0170087413960175,0.0225125780775917,0.0,0.0,0.0099463963866097,0.0131649379592929,105.51931977052388,139.66418030110668,190.3997399602287,252.01094613687525,197.9621522433177,262.02046965269767,1.6725442882424215,2.213760736353124,0.0099463908263149,0.0131649305997495,0.0,0.0,0.0,0.0,4296.840469770983,5687.249533073891,0.0099463899763217,0.013164929474708,146.05806009061314,193.3207992933216,0.0139803734573455,0.0185042644652164,0.1696631679492708,0.2245642535457586,1.910549101018574,2.528781219392528,0.019125629543987,0.0253144673298942,0.0092677680969015,0.0122667132169675,6092800.725163519,8064362.250140828,12593480.143843684,16668588.133938262,1.623802275450833e-05,2.149246358535225e-05,0.0,0.0,,,,,,,,,,,,,,,,mr
,30,IA-FMR,100.0,,,36.0,0.0,67.4278695,19.676937367403387,1.872996375,0.546581593538983,0.918234425,0.343248699957238,0.91773437,0.3433170407122655,2.5217750800000003,0.7494180003967346,0.5366862660045364,0.199690024730359,,,,,,,4621.52758611111,410.9563718782592,,,5130.0006,328.8918375479953,6.144370472222223,3.5796748210411304,0.8067003369444444,0.0564090814669972,0.9052866500000002,0.0354315206823833,,,,,,,,,9.0,0.0,9.0,0.0,0.0,0.0,0.9929382932652654,0.0007215749003045,,,364799122.0203203,52737222.672457725,945757452.51,83402393.19011495,,,,,,,0.0,,3.856679724011064,,0.1071299923336406,,0.0672767451916186,,0.067290139979604,,0.1468859280777599,,0.0391392448471503,,,,,,,,80.5474488881388,,,,64.46280015940708,,0.7016162649240616,,0.0110561799675314,,0.0069445780537471,,,,,,,,,,0.0,,0.0,,0.0,,0.0001414286804596,,,,10336495.643801715,,16346869.06526253,,,,,,bw30,100.0,100.0,0.0,0.0,0.0,9.0,0.0,0.0,0.964224654926794,0.0202166555099684,0.0039624644799538,0.9929382932652654,0.0007215749003045,0.0001414286804596,fmr_rl
dynamic_continuous_30s,40,RR,100.0,40.0,0.0,36.0,0.0,50.93086767,24.636726113864697,1.414746324166667,0.6843535031629083,0.713814775,0.3115861231395453,0.7126460099999999,0.3120120535257953,1.81474905,0.8973488924335308,0.4200489297308556,0.2554482518273316,0.92750614400585,0.0310790118204803,348.82559999999995,0.0,0.1460066797563023,0.0706276320140055,4885.643222222222,422.0682700761742,5280.48725,279.49766619580475,5288.1114,280.05573805984125,8.895096819444444,4.887731949739601,0.8539933169444445,0.0706276315888996,0.92645253,0.0322007065489503,432000.0,0.0,63074.89,30511.13880386949,0.1460066898148148,0.0706276361200682,25994.28,9167.823781601885,9.0,0.0,9.0,0.0,0.0,0.0,0.9987555555555558,1.0932720593655596e-16,0.9739345542674992,0.0282583649212154,401062266.5979674,57853994.99719662,1016016413.03,104617511.0370937,1378.0,0.0,1378.0,0.0,0.0,0.0,0.0,0.0,4.887926460990756,6.469604277500869,0.135775735027521,0.1797112299305797,0.0618186868308858,0.0818225159364446,0.0619031914195178,0.0819343652558738,0.1780340202588125,0.2356438191530451,0.0506809331625425,0.0670807109298572,0.0061660759451833,0.0081613485040581,0.0,0.0,0.0140125221915787,0.0185468161668778,83.73834478311296,110.83512772200334,55.45233697324767,73.39608714301832,55.5630584310725,73.54263681451431,0.969726018828337,1.2835184100016193,0.0140125221072376,0.018546816055245,0.0063886201793117,0.0084559055397543,0.0,0.0,6053.409938687706,8012.225049896127,0.0140125230062215,0.0185468172451299,1818.8962382698137,2407.470525048654,0.0,0.0,0.0,0.0,0.0,0.0,2.1690517657812706e-17,2.8709324278939595e-17,0.0056064596003691,0.0074206466283111,11478232.60744381,15192459.086263832,20756114.18975939,27472558.398340803,0.0,0.0,0.0,0.0,,,,,,,,,,,,,,,,rr
dynamic_continuous_30s,40,PF,100.0,40.0,0.0,36.0,0.0,34.35815026,9.051262139631412,0.9543930627777776,0.2514239483230948,0.3366893775,0.1051390375441201,0.33379058,0.1058754963285259,1.35435564,0.3509388073424191,0.376410910897567,0.1302854022986921,0.8694906704338317,0.0381795298858007,348.82559999999995,0.0,0.098496642046914,0.0259478150102269,5081.829211111111,199.9136505427804,5385.15355,172.46820259642325,5401.4412,174.82082946464664,12.710780794444444,2.8025884413770945,0.901503365277778,0.0259478184152606,0.96555166,0.0109267409340016,432000.0,0.0,42550.55,11209.458592945944,0.0984966435185185,0.0259478208170045,21521.04,3928.775679752941,9.0,0.0,5.868920278817432,0.5430842932114803,34.7897746798063,6.034269924572008,0.5926111803700371,0.0597891428069534,0.9869552683386508,0.0092090033565585,436384008.51610446,24585340.78094985,1085086723.49,43533884.964053154,1378.0,0.0,1378.0,0.0,0.0,0.0,0.0,0.0,1.7957704085028725,2.376861437867209,0.049882511347302,0.0660239288296447,0.0208595850487534,0.0276095112590859,0.0210056984715795,0.0278029053358709,0.0696262593767359,0.0921565308081192,0.0258486238160605,0.0342129466436365,0.0075748187293428,0.0100259445480112,0.0,0.0,0.005148046498029,0.0068138962216855,39.66286826768764,52.49732463253413,34.217691395130366,45.290150001820734,34.68445256578589,45.9079498174162,0.5560335467692156,0.735959724705625,0.0051480471735877,0.0068138971158474,0.0021678654013059,0.0028693621692688,0.0,0.0,2223.956584840475,2943.6038265076045,0.0051480476500936,0.0068138977465453,779.4690948629835,1031.6964935031224,0.0,0.0,0.1077479237731577,0.1426139353973347,1.1971991530350865,1.5845992821926094,0.0118621659328995,0.0157006289011059,0.0018270662659412,0.0024182842814322,4877731.610940451,6456110.48907743,8637122.776868146,11431998.191560358,0.0,0.0,0.0,0.0,,,,,,,,,,,,,,,,pf
dynamic_continuous_30s,40,MR,100.0,40.0,0.0,36.0,0.0,120.40204485527,26.10625611832622,3.344501245979722,0.7251737810646174,0.0,0.0,0.0,0.0,8.443848,0.1637819728428096,3.779460796989868,0.2917586895714809,0.4369968292589334,0.0838068858779211,348.82559999999995,0.0,0.345164015643548,0.074840424895209,704.598538275,297.5611312985644,2212.8803225,1436.0187106188805,2239.87705,1471.088959147778,8.375530064444444,21.719060952778715,0.6548360113888889,0.0748404786444124,1.0,0.0,432000.0,0.0,149110.84,32331.0734139056,0.3451639814814815,0.074840447717374,46568.99,1186.7419579025864,8.712484100921781,0.0889729585791128,3.3113028226494863,0.7807851882789778,61.95559245368011,9.09003375542616,0.3710891772405696,0.0868294425374475,0.6385297268411688,0.0670694151643216,340360417.24301314,43834801.717215285,862621376.08,97324569.8859305,1378.0,0.0,1378.0,0.0,0.0,0.0,0.0,0.0,5.179481213875922,6.855502856672464,0.1438744781632201,0.1904306349075685,0.0,0.0,0.0,0.0,0.0324943434120134,0.0430091460685218,0.0578849240109818,0.0766158318814708,0.0166272861581795,0.022007688231542,0.0,0.0,0.0148483402992094,0.0196530955774818,59.03612844963518,78.13955307900301,284.9061121867859,377.098513408518,291.8640494949192,386.3079606722065,4.309061693031297,5.70342540619969,0.0148483509630514,0.0196531096920227,0.0,0.0,0.0,0.0,6414.48496531887,8490.13987849161,0.014848344827127,0.0196531015705824,235.4496044478732,311.63843814521914,0.0176522349820959,0.023364298922875,0.1549077813545492,0.2050341904420595,1.8034626970765504,2.387042864174909,0.0172269613994295,0.0228014116103337,0.0133065719686014,0.0176124284221508,8696824.660695512,11511018.930940734,19309194.66536861,25557432.052045345,0.0,0.0,0.0,0.0,,,,,,,,,,,,,,,,mr
,40,IA-FMR,100.0,,,36.0,0.0,97.53219851999998,30.41191092059445,2.7092277366666666,0.8447753033498461,1.2254073225,0.4502418329420022,1.22478175,0.4501710100436104,3.7558917999999992,1.172071533457758,0.8812147461332539,0.3193254615746234,,,,,,,4321.0645583333335,543.3723204907269,,,5050.4499,439.529730940693,4.661300580555555,3.41115991013973,0.7203983994444444,0.0871837189084113,0.8735983200000002,0.0464591627206587,,,,,,,,,9.0,0.0,9.0,0.0,0.0,0.0,0.994299503054804,0.0015936152506396,,,313202059.3624153,62777799.231810495,843112510.9,115078269.23054534,,,,,,,0.0,,5.960734540436514,,0.1655759594565698,,0.0882473992566324,,0.0882335179685476,,0.2297260205577205,,0.0625877904686261,,,,,,,,106.50097481618248,,,,86.14782726437582,,0.668587342387387,,0.0170880089060486,,0.0091059958932491,,,,,,,,,,0.0,,0.0,,0.0,,0.0003123485891253,,,,12304448.649434855,,22555340.769186888,,,,,,bw40,100.0,100.0,0.0,0.0,0.0,9.0,0.0,0.0,0.8730041792696569,0.0686603373637108,0.0134574261232873,0.994299503054804,0.0015936152506396,0.0003123485891253,fmr_rl
dynamic_continuous_30s,50,RR,100.0,50.0,0.0,36.0,0.0,62.23500147,35.456971623152654,1.7287500408333332,0.9849158784209072,0.8408394674999999,0.4195894479023148,0.83923233,0.4205012203186044,2.26385384,1.3340514335564857,0.5467887143792557,0.3933640998081638,0.9221307441641148,0.0365532718794917,348.82559999999995,0.0,0.178412941796703,0.101646701455262,4673.327272222223,692.8191669869819,5172.961325,500.999411914267,5179.3033000000005,501.9894569580927,7.919381674999999,4.432177616499427,0.8215870494444444,0.101646710971686,0.91338829,0.0433972215172826,432000.0,0.0,77074.39,43911.37151399741,0.1784129398148148,0.1016466933194384,23925.7,9842.147677158167,8.99774347654221,0.0095948584789237,8.99774347654221,0.0095948584789237,0.0,0.0,0.9989060795636908,0.0010340761769867,0.9367859286292696,0.0741051336700944,379950011.9294224,78473763.36166121,973835817.24,135542143.7304465,1729.0,0.0,1729.0,0.0,0.0,0.0,0.0,0.0,7.034663170033487,9.311000748239888,0.195407310278708,0.2586389096733302,0.0832465464638192,0.1101841890191478,0.0834274421112111,0.1104236204556654,0.2646758044176067,0.3503219064519331,0.0780434374019397,0.1032974126096238,0.0072521691408911,0.0095988891955545,0.0,0.0,0.0201667055687239,0.0266924238021518,137.45532273021723,181.93431325078143,99.39828332379058,131.5624455686865,99.5947082604856,131.82243139719512,0.8793440391134864,1.1638898420927497,0.0201667074567825,0.0266924263011647,0.0086100087490288,0.0113961103704384,0.0,0.0,8712.016108377085,11531.12615957572,0.0201667039545765,0.0266924216656845,1952.6820991481804,2584.547980021735,0.0019036199222184,0.0025196098365653,0.0019036199222184,0.0025196098365653,0.0,0.0,0.0002051607135141,0.0002715484040767,0.0147024585201467,0.0194600081017667,15569194.650953583,20607210.25877223,26891561.316120584,35593366.94361524,0.0,0.0,0.0,0.0,,,,,,,,,,,,,,,,rr
dynamic_continuous_30s,50,PF,100.0,50.0,0.0,36.0,0.0,39.718443762,12.223992477986418,1.1032901045,0.3395553466107338,0.3313459569999999,0.1085922440439954,0.32754077,0.1091622873142269,1.62757046,0.4843030317413959,0.4833822167447796,0.1857799432165094,0.8445119946706943,0.044576285242468,348.82559999999995,0.0,0.113863328155961,0.0350432780105199,5019.068444444445,208.85202735342884,5395.2565,155.3902968127696,5413.7493,156.56212336718727,12.381109088888888,2.745137147509066,0.8861366669444445,0.0350432938981746,0.96619665,0.0112659564590347,432000.0,0.0,49188.96,15138.70411632436,0.1138633333333333,0.0350432965655656,19929.47,3933.1639780053406,8.99997957574581,0.000123872402405,5.811693589986215,0.6195870897463077,35.425461204933825,6.884513040108307,0.5896747492102761,0.0695416084919486,0.9780068854184486,0.0194961689585072,424910012.1906207,29207707.23845362,1060971636.89,52890720.87843549,1729.0,0.0,1729.0,0.0,0.0,0.0,0.0,0.0,2.425240107632505,3.210020424719233,0.0673677807675695,0.0891672340199786,0.0215447012183286,0.0285163232859531,0.0216577978031426,0.0286660166487159,0.0960857214974929,0.1271779761352905,0.0368587407341554,0.0487858130886553,0.0088439349921056,0.0117057325046721,0.0,0.0,0.0069525863572871,0.0092023648055625,41.43624222692028,54.84454238301041,30.82943488765349,40.805491943033296,31.061925276049955,41.113213596223375,0.5446352100657987,0.7208730149358807,0.0069525895093978,0.0092023689776606,0.0022351657614725,0.0029584401661425,0.0,0.0,3003.518896678753,3975.423700946777,0.0069525900386082,0.0092023696781175,780.3397332362596,1032.8488606242024,2.4576284637159847e-05,3.2528892871563385e-05,0.1229260786056674,0.1627035697673804,1.365887387157488,1.8078731243324413,0.0137970551248026,0.0182616263899857,0.0038680399213678,0.0051196939685039,5794809.116109198,7669943.920817921,10493519.022281602,13889103.30267716,0.0,0.0,0.0,0.0,,,,,,,,,,,,,,,,pf
dynamic_continuous_30s,50,MR,100.0,50.0,0.0,36.0,0.0,115.60467840108998,26.942170489558617,3.211241066696944,0.7483936247099617,6.661598e-05,0.000350296005553,4.844801e-05,0.0002768748698332,8.4530229,0.1792636598984633,3.736380337433632,0.3108335792819122,0.4219307100717898,0.0828263600813993,348.82559999999995,0.0,0.3314111074447805,0.0772367925105228,656.4038272972222,252.7595386603301,1994.164125,1073.9596105232345,2008.39439,1079.3406239051308,7.808748817833333,13.637346323282692,0.668589021388889,0.0772367930289457,0.99999501,2.85467877511416e-05,432000.0,0.0,143169.56,33366.29397676401,0.3314110185185185,0.0772367916128796,46515.58,1587.2934220479724,8.676492804795753,0.1109325921306358,3.1159376672370884,0.7153988723038648,64.01275512924795,8.561908270575541,0.3493698679936136,0.0809553710311394,0.6546603333887101,0.0719695900549606,348090881.7030203,48815132.5555221,880866240.55,101974458.2106154,1728.9999862057668,6.043518424084964e-05,1729.0,0.0,0.0,0.0,0.0,0.0,5.34532662512843,7.075013970558092,0.1484812951424564,0.1965281658488359,6.949872750172731e-05,9.198773105823382e-05,5.493197417491049e-05,7.27073408182031e-05,0.0355659101238551,0.0470746370893364,0.0616693821295313,0.0816248979194301,0.0164327498401496,0.0217502021573754,0.0,0.0,0.0153237796340877,0.0202823817132632,50.1474924702095,66.3746548522027,213.0735867278097,282.0217937234014,214.14117978277795,283.4348478374873,2.705649510539286,3.5811671444940343,0.0153237797369428,0.0202823818494011,5.663682689826493e-06,7.496386463449783e-06,0.0,0.0,6619.87272498998,8761.988798298229,0.0153237794559953,0.0202823814775422,314.9190149343177,416.8232526297976,0.0220090262787181,0.0291308986935049,0.1419351362650867,0.1878637438669949,1.6986826008821876,2.248357111853137,0.016061545612578,0.0212588804327772,0.0142787666669042,0.0188992143484326,9684922.299015583,12818853.809080103,20231732.508986093,26778492.726107605,1.1990340553384568e-05,1.5870279381647115e-05,0.0,0.0,,,,,,,,,,,,,,,,mr
,50,IA-FMR,100.0,,,36.0,0.0,93.97519341,55.037038552411886,2.610422039166666,1.5288066264558855,1.4078929825000004,0.8783793561920687,1.40734187,0.8783610438715991,3.40615242,2.0473187408967943,0.7058332595160419,0.4869116763650337,,,,,,,4364.0450527777775,593.9610039158742,,,4854.057099999999,581.1987361041666,5.743132547222222,4.054108653958986,0.7305954763888889,0.1577780851984637,0.8547575200000002,0.0906499385357483,,,,,,,,,8.976547845501333,0.0337667705038936,8.976547845501333,0.0337667705038936,0.0,0.0,0.9906668790930208,0.0056333495359014,,,322565281.44547606,86662108.52749,873122456.16,193971183.7404138,,,,,,,0.0,,10.78725955627273,,0.2996460987853536,,0.1721623538136454,,0.1721587645988334,,0.4012744732157717,,0.0954346885675466,,,,,,,,116.41635676751136,,,,113.91495227641668,,0.7946052961759612,,0.0309245046988988,,0.0177673879530066,,,,,,,,,,0.0066182870187631,,0.0066182870187631,,0.0,,0.0011041365090366,,,,16985773.271388043,,38018352.01312111,,,,,,bw50,100.0,100.0,0.2605794944296183,0.3751863389321511,0.0735365224307016,8.976547845501333,0.0337667705038936,0.0066182870187631,0.8970273756884241,0.0892093506707653,0.01748503273147,0.9906668790930208,0.0056333495359014,0.0011041365090366,fmr_rl
dynamic_continuous_30s,60,RR,100.0,60.0,0.0,36.0,0.0,51.85843955,34.06337766518116,1.440512209722222,0.946204935143921,0.7874052575,0.4329927885896988,0.78590752,0.433605585491264,1.7941105300000002,1.2167418805150425,0.3715181207749014,0.3235703752861787,0.9470300680891076,0.0310003100990625,348.82559999999995,0.0,0.1486658076414116,0.0976515991520724,4851.295911111111,634.0355980473986,5210.2366,568.6985879813976,5216.031599999999,570.4372712080383,8.935060591666666,3.965398424441112,0.8513341802777777,0.097651618063617,0.91889167,0.0447495678139628,432000.0,0.0,64223.63,42185.49655017646,0.1486658101851851,0.0976516123846677,17072.87,7830.648994163764,8.98966260213905,0.0366833294756821,8.98966260213905,0.0366833294756821,0.0,0.0,0.9985790094755248,0.0028660900153387,0.9632643802445656,0.0613983222916095,399850040.81111145,70278090.00925972,1015679306.18,131333171.8734474,2080.0,0.0,2080.0,0.0,0.0,0.0,0.0,0.0,6.758174128771941,8.945042974876571,0.1877270591325539,0.2484734159687936,0.0859057692561962,0.1137039062836549,0.0860273481614667,0.1138648267500059,0.2414015890941843,0.3195164178232501,0.0641963624567778,0.0849695805501505,0.006150461523654,0.0081406814320138,0.0,0.0,0.0193740772717711,0.0256433099373342,125.79266265260388,166.49774804724686,112.82979985550928,149.340249203915,113.1747546076748,149.79682741923085,0.7867350474091166,1.041313626258236,0.0193740810238216,0.0256433149035058,0.0088783142542902,0.0117512365079466,0.0,0.0,8369.60251555501,11077.911394076338,0.019374079897118,0.0256433134122137,1553.6007604420906,2056.3284258674043,0.0072779725679753,0.0096330423203141,0.0072779725679753,0.0096330423203141,0.0,0.0,0.0005686322590432,0.0007526352380279,0.0121814271426553,0.0161231994337766,13943173.057837129,18455026.4364316,26056501.299691964,34488090.933967285,0.0,0.0,0.0,0.0,,,,,,,,,,,,,,,,rr
dynamic_continuous_30s,60,PF,100.0,60.0,0.0,36.0,0.0,43.98102135999999,14.02773808024893,1.2216950377777778,0.3896593911180258,0.33350192,0.1066285935356755,0.32917192,0.1079182829087515,1.82114416,0.5473416357543955,0.5570916192356933,0.2114417582593518,0.8335618467721759,0.0433832469365365,348.82559999999995,0.0,0.1260831239450315,0.0402141874915399,4939.308694444444,235.3077849902139,5384.664525,196.53540748338057,5407.3015000000005,201.0870021334552,12.025267177777778,2.545439246268682,0.8739168769444444,0.0402141975093418,0.96602833,0.0111375785891455,432000.0,0.0,54467.91,17372.53406036917,0.126083125,0.0402141992138175,19011.98,3545.087002907238,8.999817301710875,0.0007592531900733,5.755520508028175,0.6036736694680562,36.04829493297353,6.709476892451774,0.5848479599101897,0.0686803195674986,0.97044565439273,0.0298576033870086,414248181.8485547,32029977.22467961,1041672804.24,56662949.50198111,2080.0,0.0,2080.0,0.0,0.0,0.0,0.0,0.0,2.783103235121388,3.683684019873369,0.0773084231978163,0.1023245561075935,0.021155112957478,0.0280006686624684,0.0214109873290963,0.0283393410918381,0.108592580533672,0.1437319135491042,0.0419500448386554,0.0555246057189058,0.0086072361922088,0.0113924406455344,0.0,0.0,0.0079784947983215,0.0105602456352784,46.685064542058434,61.79182433843016,38.9926248447027,51.610198005135736,39.8956612232775,52.80544676024532,0.5050151464597065,0.6684323460701559,0.0079784967858534,0.0105602482659531,0.0022096955920864,0.0029247281375096,0.0,0.0,3446.7107575772434,4562.027444252944,0.0079784971240213,0.0105602487135484,703.3452613767961,930.9398469634408,0.0001506358329105,0.0001993798877132,0.1197688560224623,0.1585247056023115,1.331160215462432,1.761908631957836,0.0136261754021917,0.0180354519184251,0.0059237485119825,0.0078406066494284,6354747.481376435,8411072.019200865,11241929.181193052,14879690.539220238,0.0,0.0,0.0,0.0,,,,,,,,,,,,,,,,pf
dynamic_continuous_30s,60,MR,100.0,60.0,0.0,36.0,0.0,114.98745450674,23.94125208932814,3.194095958520556,0.6650347802591151,2.22053125e-05,0.0001620402101361,1.614934e-05,0.0001136148817403,8.2641413,0.7579144098630733,3.7470690712305226,0.4420750234531653,0.4215953842594749,0.0642500365853747,348.82559999999995,0.0,0.3296416733942119,0.0686338734580493,634.6095063944445,306.7838786762482,1843.170095,1269.5830891356204,1854.16709,1271.336022373553,8.590749860277777,18.25769963957407,0.6703584783333334,0.0686338020097179,0.99999834,1.1678539413318244e-05,432000.0,0.0,142405.16,29649.81303149186,0.3296415740740741,0.0686338264617867,45658.2,4007.9394564874215,8.682290682683782,0.1147311722181132,3.179291192320109,0.5110281404621216,63.33857673056429,6.159902968529968,0.3544307918256625,0.0575950592845933,0.657672327901908,0.0653228506295949,346326759.58111084,39071308.20632057,881057905.59,86698442.07656199,2079.999924572666,0.0002887760028199,2080.0,0.0,0.0,0.0,0.0,0.0,4.749944414522703,6.28697279865757,0.1319429004034084,0.1746381332960436,3.2148777691005965e-05,4.255175918174479e-05,2.2541192537284926e-05,2.983526794501524e-05,0.1503702189168337,0.199028324030043,0.087707684653108,0.1160889011588012,0.0127472072585383,0.0168720596073193,0.0,0.0,0.0136169604940769,0.0180232551700837,60.86592152936764,80.56144654038278,251.88528488450712,333.3925192070139,252.2330668389129,333.852839475295,3.622327608491496,4.79447192535215,0.013616946318728,0.0180232364077519,2.31702221960234e-06,3.0667844499373705e-06,0.0,0.0,5882.522905447985,7786.040902069762,0.0136169511700184,0.0180232428288651,795.1751881671045,1052.484901273597,0.0227626645680736,0.0301284058244765,0.1013879830676849,0.1341959896853531,1.2221247489563456,1.6175905195359697,0.0114268597620633,0.0151244625681342,0.0129600535649116,0.0171537805753316,7751747.548134001,10260125.53497978,17200970.907989897,22767010.88930517,5.729315895947408e-05,7.583257834051358e-05,0.0,0.0,,,,,,,,,,,,,,,,mr
,60,IA-FMR,100.0,,,36.0,0.0,92.0360389,58.55248376665824,2.556556636111111,1.626457882407173,1.2421987075,0.774448217511316,1.24134281,0.7743053535661274,3.39337915,2.208173322829749,0.7642510978694618,0.5962014515909199,,,,,,,4612.403422222222,788.7422155672664,,,5222.5116,708.0136466794146,5.677592876388888,3.179257085191253,0.7361545794444444,0.1678560344796321,0.8718891700000002,0.0799109588908154,,,,,,,,,8.980714406811064,0.0331249862663863,8.980714406811064,0.0331249862663863,0.0,0.0,0.9921548546873952,0.0053818209754923,,,346168322.2250666,89696400.09612562,865584519.05,198325954.90252647,,,,,,,0.0,,11.476286818265011,,0.3187857449518059,,0.1517918506322179,,0.1517638492989609,,0.4328019712746309,,0.1168554845118202,,,,,,,,154.5934742511842,,,,138.77067474916527,,0.6231343886974856,,0.0328997827580079,,0.0156625479425998,,,,,,,,,,0.0064924973082117,,0.0064924973082117,,0.0,,0.0010548369111965,,,,17580494.41884062,,38871887.16089518,,,,,,bw60,100.0,100.0,0.2142843687659558,0.3680554029598477,0.0721388589801301,8.980714406811064,0.0331249862663863,0.0064924973082117,0.922925059055891,0.0795236693086897,0.0155866391845031,0.9921548546873952,0.0053818209754923,0.0010548369111965,fmr_rl
dynamic_continuous_30s,70,RR,100.0,70.0,0.0,36.0,0.0,58.34812793,44.62808357352064,1.6207813313888888,1.239668988153351,0.83405662,0.55400202736284,0.8323446699999999,0.5545173181189743,2.0658792,1.6626822811101212,0.4506228649772386,0.4672331249152417,0.9409363308534192,0.0340089076781246,348.82559999999995,0.0,0.1672702001515943,0.1279380973573058,4774.556836111111,692.2499810833926,5262.85345,622.5385397282179,5268.3885,623.7530669212673,8.436306012222223,3.739701049956577,0.8327298022222223,0.1279381025300156,0.91409914,0.0572280966996019,432000.0,0.0,72260.73,55269.25704859929,0.1672702083333333,0.1279380950199057,16492.07,8642.430907155087,8.9793905175353,0.0766813561256365,8.9793905175353,0.0766813561256365,0.0,0.0,0.9988081809989092,0.0024467488561609,0.9610531953373814,0.0583399412825937,391350203.9558857,79720779.16236101,989168854.28,159021112.56725207,2417.725663015173,1.7141769214444618,2418.0,0.0,0.0,0.0,0.0,0.0,8.854211780986494,11.71933474640652,0.2459503272496248,0.3255370762890699,0.1099140022287874,0.1454809323854817,0.1100162359148045,0.1456162477380426,0.329876164572248,0.4366203670195178,0.0926990519831839,0.1226954186027424,0.0067473672833399,0.0089307391562755,0.0,0.0,0.0253829185156894,0.0335965443660285,137.3423962469451,181.7848450324989,123.51164628207842,163.47862053263,123.75260847717944,163.79755537352477,0.7419566883113848,0.9820454957185972,0.0253829195419551,0.0335965457243821,0.011354054385201,0.0150280981933154,0.0,0.0,10965.4205984421,14513.706900962174,0.0253829180519493,0.0335965437522272,1714.6582919795692,2269.502356218926,0.0152135810553262,0.0201365241185921,0.0152135810553262,0.0201365241185921,0.0,0.0,0.0004854349730623,0.0006425162496278,0.0115746443504665,0.0153200685808091,15816602.585812423,20934676.608036,31549788.733342808,41758944.16016039,0.3400927012145812,0.4501428595713156,0.0,0.0,,,,,,,,,,,,,,,,rr
dynamic_continuous_30s,70,PF,100.0,70.0,0.0,36.0,0.0,45.54943274,13.631571689618529,1.2652620205555554,0.37865476915607,0.339456995,0.1190520394155322,0.33487253,0.1198020451748207,1.88430467,0.5203312922324039,0.5860802884232225,0.2052528968387105,0.8284548628398702,0.0405666933676167,348.82559999999995,0.0,0.1305793862033062,0.0390784727084781,4899.940286111111,262.4044803783013,5414.918575000001,179.99686625016753,5446.555799999999,184.5970935191483,11.9744779,2.43926488245639,0.8694206230555556,0.0390784688309474,0.96544006,0.0123639954207384,432000.0,0.0,56410.29,16881.897906789167,0.130579375,0.0390784673768267,18567.66,3046.476826589937,8.999320537036793,0.0018341788172203,5.63291274410755,0.5830024648064532,37.406798732835576,6.484107137041892,0.5712613477213911,0.064709152874683,0.9671812818233224,0.0323423301085655,408777912.19762665,33383454.823459625,1034952940.0,53302925.60063293,2418.0,0.0,2418.0,0.0,0.0,0.0,0.0,0.0,2.704503823220316,3.579650725693825,0.0751251062005643,0.099434742380384,0.0236199246200416,0.0312630655505187,0.0237687257626844,0.0314600170629079,0.1032337283789089,0.1366389973402292,0.0407221747328001,0.0538994107098453,0.0080484319641351,0.0106528136783361,0.0,0.0,0.007753168985362,0.0102620069332463,52.061048907054975,68.90741654734191,35.71137826403324,47.267177077294,36.62406335419902,48.47519675812834,0.4839501526793477,0.640550958133048,0.0077531682160599,0.0102620059150067,0.0024530166914745,0.0032467851974859,0.0,0.0,3349.3685447069706,4433.186390322835,0.0077531679275624,0.0102620055331547,604.4210023954436,800.0048146625176,0.0003639010773365,0.000481655357402,0.1156676890176003,0.1530964472581746,1.2864468559891111,1.7027265341872009,0.0128382959303371,0.0169926235448917,0.0064167182935393,0.0084930958865093,6623277.4369743895,8766495.236640496,10575300.439165574,13997348.262726206,0.0,0.0,0.0,0.0,,,,,,,,,,,,,,,,pf
dynamic_continuous_30s,70,MR,100.0,70.0,0.0,36.0,0.0,112.82303366414,26.4222470595578,3.133973157337222,0.7339513072099391,7.267199e-05,0.0002493404545936,2.422401e-05,0.0001384374782201,8.0816374,1.0624279226381674,3.669942117566762,0.5712106840820638,0.4217891069183774,0.0630542523189136,348.82559999999995,0.0,0.3234367938136994,0.0757462957407879,730.0782243805555,386.3979425142188,2118.2646175,1425.9214394618768,2163.23524,1495.14580402718,21.07399454922222,69.4208502047212,0.6765633180555555,0.0757461973654487,0.99999751,1.4230068463820956e-05,432000.0,0.0,139724.66,32722.36824683097,0.323436712962963,0.0757462227935902,44852.96,5548.686862436349,8.68944607090849,0.1093271162290171,3.165250563853858,0.4872337805294049,63.52167601933044,5.947716209385865,0.3517001227879604,0.0545523856845954,0.6653559501793634,0.0723124583255683,349268630.7435545,42556936.62783183,889412870.51,94846009.26412734,2417.9999847341314,8.795140618432755e-05,2418.0,0.0,0.0,0.0,0.0,0.0,5.242173816616267,6.938482077839877,0.1456159393504519,0.19273561327333,4.946914619138176e-05,6.547680337629462e-05,2.7465995678874102e-05,3.635368178060655e-05,0.2107856998514124,0.2789935724847827,0.1133281997218814,0.1499999256399499,0.0125099636600724,0.0165580466589467,0.0,0.0,0.0150280650749723,0.0198909772615309,76.661351794821,101.46809970423384,282.9028135892364,374.4469700026888,296.63692751899254,392.6252881375375,13.773096680616684,18.229915263759786,0.015028045557305,0.0198909514281668,2.823245583222078e-06,3.736815978599383e-06,0.0,0.0,6492.117860171265,8592.893901617816,0.0150280506022482,0.0198909581055967,1100.8594735073716,1457.0851700757853,0.0216904998598369,0.0287093007217398,0.0966671820570339,0.1279475907670217,1.1800268959421556,1.561870276584728,0.0108231933198237,0.0143254564807747,0.0143467917317927,0.0189892515562942,8443296.226961834,11175451.558468638,18817448.238002863,24906562.03275984,1.7449558986970584e-05,2.309603926400441e-05,0.0,0.0,,,,,,,,,,,,,,,,mr
,70,IA-FMR,100.0,,,36.0,0.0,82.95848727,55.50365821267781,2.3044024241666667,1.5417682836854951,1.1157153974999998,0.7211299881190436,1.11504726,0.7210722914060477,3.02093469,2.05943268940016,0.6492388022510002,0.5472445464319767,,,,,,,4568.633427777778,803.8448429188414,,,5224.731100000001,736.9820158104746,6.128422251388889,3.063610064509689,0.7621777524999999,0.1591157868198313,0.88492333,0.0744171161289565,,,,,,,,,8.982442548327283,0.0398602923672771,8.982442548327283,0.0398602923672771,0.0,0.0,0.9915722244656144,0.0052694924675265,,,351249944.4839387,78190200.06890917,896816280.4,194039386.7424068,,,,,,,0.0,,10.878717009684852,,0.302186583602357,,0.1413414776713325,,0.1413301691155853,,0.4036488071224312,,0.1072599311006674,,,,,,,,157.55358921209293,,,,144.44847509885304,,0.600467572643899,,0.0311866942166869,,0.0145857547612754,,,,,,,,,,0.0078126173039863,,0.0078126173039863,,0.0,,0.0010328205236352,,,,15325279.213506198,,38031719.80151173,,,,,,bw70,100.0,100.0,0.1950827963635366,0.4428921374141903,0.0868068589331813,8.982442548327283,0.0398602923672771,0.0078126173039863,0.9308537159180972,0.0752481539175413,0.0147486381678381,0.9915722244656144,0.0052694924675265,0.0010328205236352,fmr_rl
dynamic_continuous_30s,80,RR,100.0,80.0,0.0,36.0,0.0,81.41919409,63.392131558880905,2.261644280277778,1.760892543302247,1.059153855,0.7705391690443841,1.05660236,0.7708375649556776,2.93833146,2.368295351888244,0.706127486919328,0.6864223859515934,0.9275818742830896,0.0443058088099265,348.82559999999995,0.0,0.2334094575914153,0.181730158448465,4558.982616666666,916.072062511558,5189.854375,755.4224057755029,5195.9182,754.7930582902785,7.176435071111111,3.6606717311565946,0.7665905441666666,0.1817301699669141,0.8909549699999999,0.079553109952917,432000.0,0.0,100832.88,78507.43315837531,0.2334094444444444,0.181730169348091,18372.41,10441.27474037243,8.966824934167946,0.0682258648417035,8.966824934167946,0.0682258648417035,0.0,0.0,0.9979115307573324,0.0035526237572025,0.9264267356451084,0.0993908098776863,355349562.96118903,98744795.09734884,906676084.18,216035903.3492896,2768.441958911505,2.160180753873877,2769.0,0.0,0.0,0.0,0.0,0.0,12.576998901281971,16.646773747362126,0.3493610805911659,0.4624103818711701,0.1528749711384058,0.2023435857910552,0.1529341728872064,0.2024219445573609,0.4698697978146276,0.6219143594058528,0.1361862013727961,0.1802545185508884,0.0087902724678894,0.0116347053934867,0.0,0.0,0.0360552634361754,0.0477223396085669,181.7486972022932,240.56052361553515,149.87580530585976,198.37392375664703,149.75094276479126,198.2086571070272,0.7262772714614684,0.9612923966017216,0.0360552657214357,0.0477223426333116,0.0157833370146587,0.020890646673636,0.0,0.0,15575.874738621662,20616.051947389355,0.0360552655986612,0.0477223424708086,2071.54890848989,2741.8787468218,0.0135360115845939,0.0179161121074313,0.0135360115845939,0.0179161121074313,0.0,0.0,0.0007048405534289,0.0009329189986413,0.0197191366797329,0.0261000266738804,19590967.347314008,25930383.19256381,42861523.22449904,56731028.21952343,0.4285798615685773,0.5672634659672802,0.0,0.0,,,,,,,,,,,,,,,,rr
dynamic_continuous_30s,80,PF,100.0,80.0,0.0,36.0,0.0,43.81991766,13.046877446554252,1.217219935,0.3624132624042848,0.34463281,0.1238672382478938,0.33963659,0.1245654412944891,1.76897406,0.4924418030382596,0.5332594632484663,0.1946548271657114,0.844001764283511,0.0384917528622579,348.82559999999995,0.0,0.1256212779681308,0.0374022934284474,4950.521741666667,219.5880821358636,5442.440525,201.3045891470269,5465.2762,205.8394758439624,12.127259877777778,2.3464520198772774,0.8743787347222223,0.0374023014848916,0.96494833,0.0128555720231156,432000.0,0.0,54268.39,16157.794085049129,0.1256212731481481,0.0374023011227989,17527.17,2911.024922964627,8.998484683063875,0.0022749962206758,5.689473815562159,0.6290570832386675,36.77216228520732,6.998857175470754,0.5782066013908742,0.0715327542417822,0.9734190072746766,0.0235045577990546,414642709.1821767,30813681.55954127,1040181071.84,54333175.55753643,2768.987909731225,0.0468276467276689,2769.0,0.0,0.0,0.0,0.0,0.0,2.588500485396364,3.426110017465146,0.0719027912610101,0.0951697227073651,0.0245752600683821,0.0325275367638969,0.0247137835528266,0.0327108848839328,0.0977004537227907,0.1293152174778469,0.0386195177096771,0.0511163576137158,0.0076367637678719,0.0101079343016289,0.0,0.0,0.0074206150162039,0.0098218422543103,43.56627549575533,57.66383036887777,39.93883048677013,52.86258511000926,40.83855200744214,54.05344635662452,0.4655360807436518,0.616178300419773,0.0074206166146025,0.0098218443699325,0.0025505454893861,0.0033758732132701,0.0,0.0,3205.706346473746,4243.036726733901,0.0074206165427633,0.0098218442748469,577.5473447161819,764.435144770511,0.000451359250182,0.0005974140075494,0.1248049253145516,0.165190390058474,1.3885732636133974,1.83789989427862,0.0141920984415695,0.018784501263892,0.0046633042673324,0.0061722968780317,6113434.421412988,8091672.777535537,10779702.03061523,14267891.901409063,0.0092906051107695,0.0122969400306858,0.0,0.0,,,,,,,,,,,,,,,,pf
dynamic_continuous_30s,80,MR,100.0,80.0,0.0,36.0,0.0,109.58281578113,34.36469548274048,3.043967105031389,0.9545748745205686,0.0002563706825,0.0010455319869353,0.0001776426799999,0.0009573358508576,7.002053599999999,1.7755944241594424,3.295265215682993,0.9059119568835952,0.4622675183366228,0.0564021230698782,348.82559999999995,0.0,0.3141478600800228,0.0985154056432225,1150.5057073277778,647.286761214547,2826.39521,1530.055999338775,2849.82103,1566.4391418912896,18.45402113938889,87.8378061769481,0.6858522066666667,0.0985153435981169,0.99998168,9.876877190198508e-05,432000.0,0.0,135711.86,42558.6310666007,0.3141478240740741,0.0985153496912052,39038.66,8840.695925598215,8.689617145832559,0.1633607235327616,3.596069709640661,0.4386218891215192,58.57635939405717,5.254115580854177,0.4017831344951071,0.0493487321841117,0.682866554970208,0.0927893250095436,348476027.8755259,53744676.94661401,893409075.06,116074490.44648924,2769.0,0.0,2769.0,0.0,0.0,0.0,0.0,0.0,6.817955583775711,9.02416903376765,0.1893876551048808,0.2506713620491013,0.0002074335462079,0.0002745566997692,0.0001899354328101,0.0002513963944352,0.3522779337532333,0.4662710957842695,0.1797329322457052,0.237892479877632,0.0111901812170638,0.01481119751815,0.0,0.0,0.0195454564796153,0.0258701455219102,128.42169342496612,169.97750349494004,303.56311026881303,401.7927054263624,310.78152575123187,411.3469186606527,17.427020745506503,23.066207902066573,0.0195454441698664,0.0258701292288655,1.959572434535384e-05,2.593667950146128e-05,0.0,0.0,8443.63240361358,11175.896518089345,0.0195454453787351,0.0258701308289105,1753.9940716386857,2321.566750062091,0.0324107675488999,0.0428985259997031,0.0870225828017094,0.1151821080833109,1.0424165312414686,1.3797307515323067,0.0097907884653277,0.0129589770715477,0.0184094020818934,0.0243664767475061,10662943.90620822,14113352.16618084,23029178.904583465,30481161.19124808,0.0,0.0,0.0,0.0,,,,,,,,,,,,,,,,mr
,80,IA-FMR,100.0,,,36.0,0.0,94.71543475,62.868370217838205,2.6309842986111107,1.7463436171621725,1.3150606000000002,0.8269096297678554,1.3139504300000002,0.8261465123197618,3.47459293,2.411351622666539,0.7443930883029186,0.6330059490873644,,,,,,,4551.881680277777,736.7466572891118,,,5318.3343,745.0988527546345,5.8146444091666645,3.7323504784166137,0.7284733697222222,0.1802286616814926,0.8643958300000001,0.0852611713657968,,,,,,,,,8.980580434080744,0.0405600681536086,8.980580434080744,0.0405600681536086,0.0,0.0,0.9916947759587496,0.0057081895032702,,,341476659.3995627,89744738.2666657,854440631.44,213520683.98240745,,,,,,,0.0,,12.322200562696288,,0.3422833489637858,,0.1620742874344996,,0.1619247164146733,,0.4726249180426416,,0.1240691660211234,,,,,,,,144.4023448286659,,,,146.03937513990837,,0.7315406937696562,,0.0353248176895725,,0.0167111895876961,,,,,,,,,,0.0079497733581072,,0.0079497733581072,,0.0,,0.0011188051426409,,,,17589968.700266477,,41850054.06055185,,,,,,bw80,100.0,100.0,0.2157729546583874,0.4506674239289845,0.0883308150900809,8.980580434080744,0.0405600681536086,0.0079497733581072,0.9216830453400634,0.0788273590930767,0.015450162382243,0.9916947759587496,0.0057081895032702,0.0011188051426409,fmr_rl
dynamic_continuous_30s,90,RR,100.0,90.0,0.0,36.0,0.0,73.15684368000001,66.00542960104359,2.0321345466666667,1.833484155584544,1.1027754025,0.8970648881105632,1.10048011,0.8973880211638336,2.3996944200000003,2.247428993140556,0.4938071710631888,0.5644037120552496,0.95418637369984,0.030670688107373,348.82559999999995,0.0,0.2097232648062527,0.1892218621598976,4470.7867027777775,875.196295610553,5147.091525,612.3633797442125,5156.897199999999,613.6314829412904,7.705181013055555,3.5555251386173614,0.7902767319444445,0.1892218252285722,0.8864266399999999,0.092613537954856,432000.0,0.0,90600.45,81743.83225692308,0.2097232638888888,0.1892218339280627,15920.63,10055.087778605144,8.96232415798864,0.09104633456265,8.96232415798864,0.09104633456265,0.0,0.0,0.9988144739734496,0.0024637056053813,0.939151032486762,0.1006339178866377,364278312.9671723,103372750.86097369,935542013.44,222742884.8070129,3119.3423767514087,2.7904582658977017,3120.0,0.0,0.0,0.0,0.0,0.0,13.095477232847047,17.333025813234045,0.3637632564679735,0.4814729392565012,0.1779776738011357,0.2355692396178338,0.1780417833989045,0.2356540943576227,0.4458899122390862,0.5901748535987099,0.1119776964717615,0.1482124147857085,0.0060850645205028,0.0080541226969961,0.0,0.0,0.0375416174525236,0.0496896610031891,173.63894504913372,229.8265472273312,121.49289454125176,160.8066235208302,121.74448621555204,161.13962742038285,0.7054161875016846,0.9336809014009192,0.0375416101253487,0.049689651305023,0.0183745259302434,0.0243203150669451,0.0,0.0,16217.97631977354,21465.930350668,0.0375416118513276,0.0496896535895092,1994.9294152752605,2640.4660506617106,0.0180635927772297,0.0239087674561518,0.0180635927772297,0.0239087674561518,0.0,0.0,0.0004887991921076,0.0006469690919731,0.0199657693087089,0.026426466837031,20509153.77081718,27145684.37609169,44192188.345711365,58492281.5503216,0.5536269199541041,0.7327743406247365,0.0,0.0,,,,,,,,,,,,,,,,rr
dynamic_continuous_30s,90,PF,100.0,90.0,0.0,36.0,0.0,42.09111342999999,12.13488779231374,1.1691975952777778,0.3370802164531594,0.358662575,0.1275717429559691,0.3546313299999999,0.128198077269659,1.6929507,0.4540485542323807,0.4971752326012826,0.1739925903025626,0.8506875504559472,0.0383675965432315,348.82559999999995,0.0,0.1206652075707746,0.0347878360771507,4956.846825,228.1827144511413,5420.15355,213.8404827240721,5444.2607,215.45114004801613,12.250677991666668,2.476636798315093,0.8793347883333333,0.0347878244668857,0.96340086,0.0132305475313836,432000.0,0.0,52127.37,15028.343408007078,0.1206652083333333,0.0347878319629793,16929.08,2871.0269294973514,8.99846833031048,0.0018685107783743,5.639522105645316,0.5812216486405282,37.32764278728282,6.462416057416952,0.5740890499334922,0.0667316797219314,0.9775163275835188,0.0193659780850742,416681689.0648107,29673069.900081288,1048256548.43,50756829.65711718,3119.984825108485,0.0409969548303536,3120.0,0.0,0.0,0.0,0.0,0.0,2.407561737995046,3.186621534261588,0.0668767149443068,0.0885172648405996,0.0253102338024642,0.0335003397002375,0.0254344985303003,0.0336648150910124,0.0900832331597043,0.1192331503414231,0.0345201299160284,0.0456904542134529,0.0076121311541771,0.0100753308522526,0.0,0.0,0.0069019066777067,0.0091352857538597,45.27145054710643,59.9207808148697,42.4259517724559,56.15451076334133,42.7455061855264,56.57746937660903,0.4913647407857144,0.6503648232375434,0.0069019043742301,0.0091352827050042,0.0026249406302265,0.0034743417817413,0.0,0.0,2981.6233321486043,3946.4429789426586,0.0069019058614551,0.0091352846734783,569.6117428122745,753.9316716860045,0.0003707125384294,0.0004906709304011,0.1153143750902808,0.1526288049330026,1.2821433457915234,1.6970304566776917,0.0132395652568311,0.0175237390949791,0.0038422100520787,0.0050855058451404,5887137.068176127,7792148.155761346,10070155.00397205,13328743.46795897,0.0081337958383421,0.0107658003384508,0.0,0.0,,,,,,,,,,,,,,,,pf
dynamic_continuous_30s,90,MR,100.0,90.0,0.0,36.0,0.0,106.53881398045,33.86639443283551,2.959411499456944,0.9407331786898758,0.0002846319575,0.0004697925459925,0.0001291946,0.0003578118377006,6.3545373,1.9386011105615333,3.0134934015372696,0.9566611532364786,0.4991041869044867,0.0739772673627216,348.82559999999995,0.0,0.3054214311691859,0.0970868950926638,1520.199365663889,741.3123294656743,3368.604285,1461.230604189201,3382.4874200000004,1479.2517827144377,16.258732636361113,39.91103254380922,0.6945786122222222,0.0970868711059428,0.99998669,3.690574809465519e-05,432000.0,0.0,131942.05,41941.52477524181,0.305421412037037,0.0970868629056523,35607.3,9645.646075412536,8.714428851815406,0.181075672435115,3.9717833053505736,0.5980723955610715,54.38022331641504,7.0452043353449065,0.4436746986811126,0.0684683316640154,0.6979281430377275,0.0956778949154422,348684028.31453633,53797841.14087436,897190696.87,111657618.0629912,3119.9996319786464,0.0035285033135292,3120.0,0.0,0.0,0.0,0.0,0.0,6.719092655474566,8.893315178062604,0.1866414626520713,0.2470365327239613,9.320684112492342e-05,0.0001233675225776,7.098986859981201e-05,9.396138858019472e-05,0.3846184603354082,0.5090766516334587,0.1898015728021173,0.2512192188398993,0.0146770898447639,0.0194264304094507,0.0,0.0,0.0192620399863845,0.0254950186513335,147.07636616598978,194.6686177176861,289.9081518711374,383.71915666008414,293.48355369054445,388.45151814081134,7.918348856691749,10.480637146004302,0.019262035227419,0.0254950123524205,7.322100421979588e-06,9.691449449656452e-06,0.0,0.0,8321.198515407974,11013.844405978498,0.0192620336004814,0.0254950101990243,1913.6961813618468,2532.9466594033315,0.0359254134111268,0.0475504715814612,0.1186575632793165,0.1570538110743373,1.3977685401324291,1.8500706584615725,0.0135841170021406,0.0179797838949704,0.0189824943512237,0.0251250152047951,10673491.682349471,14127313.083593603,22152871.423697453,29321290.50334149,0.0007000550574041,0.0009265849701327,0.0,0.0,,,,,,,,,,,,,,,,mr
,90,IA-FMR,100.0,,,36.0,0.0,82.88714519999999,64.89333617779627,2.3024207,1.802592671605452,1.2324322225,0.9015951067414582,1.2317580300000002,0.9016234315846016,2.74911736,2.281752816745971,0.5667791574139895,0.6014436336605234,,,,,,,4631.158527777778,754.7327795901357,,,5302.883899999999,734.2789017033355,6.384652403333333,2.8816051537604794,0.7623822883333332,0.1860337780392019,0.8728782900000001,0.0930506554300696,,,,,,,,,8.9784574675164,0.0446382627754416,8.9784574675164,0.0446382627754416,0.0,0.0,0.9911861161009112,0.0053769238634649,,,359801051.61011964,90146492.65146174,896177041.9,222546331.18398225,,,,,,,0.0,,12.719093890848068,,0.3533081636346685,,0.1767126409213258,,0.1767181925905819,,0.4472235520822103,,0.1178829521974625,,,,,,,,147.9276247996666,,,,143.91866473385377,,0.564794610137054,,0.0364626204956835,,0.0182379284642936,,,,,,,,,,0.0087490995039865,,0.0087490995039865,,0.0,,0.0010538770772391,,,,17668712.5596865,,43619080.912060514,,,,,,bw90,100.0,100.0,0.2393614720400037,0.4959806975049061,0.0972122167109616,8.9784574675164,0.0446382627754416,0.0087490995039865,0.9381329886843074,0.0912275197947204,0.0178805938797652,0.9911861161009112,0.0053769238634649,0.0010538770772391,fmr_rl
dynamic_continuous_30s,100,RR,100.0,100.0,0.0,36.0,0.0,50.91629991,43.392943009193694,1.4143416641666666,1.2053595280331582,0.8625458975,0.6141350658699217,0.85874895,0.614318199469281,1.587665,1.4364681839033633,0.2629485285802139,0.3413008699831755,0.9712258403129084,0.0248501270597272,348.82559999999995,0.0,0.1459649174544529,0.1243972432332767,4830.075591666667,778.7429778268544,5161.52545,645.1906924243073,5174.826599999999,649.3871751092748,9.69812014722222,3.560056858605479,0.8540350997222222,0.1243972171084547,0.91137423,0.0633997672061581,432000.0,0.0,63056.84,53739.60509035279,0.1459649074074074,0.1243972340054462,11660.57,6640.170601822903,8.963080460477391,0.1128598910411512,8.963080460477391,0.1128598910411512,0.0,0.0,0.9988994956076692,0.0022326864701266,0.9729558262278668,0.0664548235947431,395885865.85228246,80666084.98906204,1024130904.39,150997746.5723553,3457.303487135805,3.0966781607392737,3458.0,0.0,0.0,0.0,0.0,0.0,8.609159893024028,11.394986834214263,0.2391433303617785,0.3165274120615073,0.1218443970685924,0.1612718682974414,0.1218807307747053,0.1613199591806332,0.2849952876864273,0.3772165450930232,0.067714092604662,0.0896256084575819,0.0049302652086498,0.0065256433658843,0.0,0.0,0.0246804130574821,0.0326667160730584,154.5026068008479,204.49790597733195,128.00583337698257,169.4270758306231,128.83841554168015,170.52907218369558,0.706315280747327,0.9348709310697988,0.0246804078743174,0.0326667092126802,0.0125785138137017,0.0166487788683371,0.0,0.0,10661.937649925992,14112.02029672664,0.0246804112266805,0.0326667136498301,1317.409847401664,1743.7088000386943,0.0223914023825644,0.0296370073874063,0.0223914023825644,0.0296370073874063,0.0,0.0,0.0004429649956731,0.0005863034670552,0.013184637001197,0.0174510366759795,16004151.261829907,21182913.918127693,29957952.91995529,39652008.249900505,0.6143809470906719,0.8131876850101332,0.0,0.0,,,,,,,,,,,,,,,,rr
dynamic_continuous_30s,100,PF,100.0,100.0,0.0,36.0,0.0,41.31773716,13.388897590164024,1.147714921111111,0.3719138219490006,0.3618964875,0.135346638816936,0.35775621,0.1359764245628441,1.64584306,0.4966211253279063,0.478407082025264,0.1814415684887671,0.854895572590817,0.0403673626599021,348.82559999999995,0.0,0.1184481218121605,0.0383827838041818,4981.104472222222,212.66563902775155,5459.42725,233.183714392518,5485.929499999999,233.65370288845165,12.448285338888889,2.6041364382940966,0.8815518786111111,0.0383827883144702,0.96307833,0.0140332453204286,432000.0,0.0,51169.59,16581.363746045947,0.118448125,0.0383827864491804,16518.44,2997.8496108532413,8.99839943932795,0.0018213341894742,5.68519738224321,0.6321689272906539,36.819563623845326,7.02862457394045,0.5788455149499373,0.0719405986518179,0.9797066441176018,0.0188913900985446,419477957.38700426,28666824.512483403,1050235835.58,57779023.22916362,3457.962777780845,0.0811526550769448,3458.0,0.0,0.0,0.0,0.0,0.0,2.656357281888542,3.515924507177072,0.0737877022746817,0.0976645696438075,0.0268527731412801,0.0355420273533274,0.0269777226332682,0.0357074090902028,0.0985296312650566,0.1304127075111081,0.0359980071881714,0.0476465558851502,0.0080088847517245,0.0106004694344902,0.0,0.0,0.0076151443067496,0.0100793190269781,42.19286278310591,55.84599680868755,46.26364893547557,61.234043399475226,46.35689465306881,61.3574623785074,0.5166606693575487,0.6838462286960297,0.0076151452015909,0.0100793202113798,0.002784195871573,0.0036851302211445,0.0,0.0,3289.742567215516,4354.266119711666,0.0076151448315173,0.0100793197215547,594.7733627932831,787.2353078100612,0.0003613527031916,0.0004782823581559,0.1254223151744657,0.1660075603065257,1.394479115469785,1.845716813116762,0.0142730147725206,0.0188916012059673,0.0037480517955512,0.0049608790398778,5687497.983276707,7527908.116978141,11463358.208666062,15172771.499978367,0.0161006867672658,0.0213106872232057,0.0,0.0,,,,,,,,,,,,,,,,pf
dynamic_continuous_30s,100,MR,100.0,100.0,0.0,36.0,0.0,104.53244208094,35.46786500618836,2.9036789466927773,0.9852184723941212,0.00053292778,0.0005560042146442,0.00029068796,0.0004521344372031,6.1905083,1.8111735772820208,2.913724062599126,0.9117498881262754,0.5011969824149286,0.071425494001315,348.82559999999995,0.0,0.299669640304324,0.1016779301925901,1535.273042263889,677.6122721380634,3323.2053125,1349.9160742453548,3337.22826,1347.5158744497646,9.521212092916668,15.80402118213101,0.7003303772222221,0.1016779079225259,0.99997008,4.659381326255664e-05,432000.0,0.0,129457.28,43924.85227655032,0.2996696296296296,0.1016778987883109,34808.42,8950.727153102865,8.701289971138646,0.1946364811197939,3.946150431128239,0.5673608702157372,54.592278680512365,6.786148091700838,0.4419400887934753,0.0651158429526169,0.7025683529089737,0.1042390791160013,348624003.89782286,60142498.31022752,904052925.15,117825132.02284484,3457.996653810392,0.0115018480078274,3458.0,0.0,0.0,0.0,0.0,0.0,7.036824417227772,9.313861350625064,0.1954673449229936,0.2587183708506962,0.0001103112361854,0.0001460067067655,8.970347234110479e-05,0.0001187305032095,0.359336837732753,0.4756141813942588,0.180891177804253,0.2394255206219599,0.0141708180098608,0.0187563347247453,0.0,0.0,0.0201729013502098,0.0267006244685741,134.43827479219178,177.94098266345546,267.8233491302784,354.4879610968302,267.3471494908333,353.85766863050816,3.135517802534792,4.150135962427603,0.0201728969318291,0.0267006186204553,9.244212551291238e-06,1.2235535362747371e-05,0.0,0.0,8714.690691667583,11534.666207822114,0.0201728951196008,0.0267006162218104,1775.8242671756084,2350.460950404812,0.0386158778541671,0.0511115399420578,0.1125643966508022,0.1489889645186525,1.3463717813934462,1.78204248888064,0.0129189832417991,0.0170994203593571,0.0206810332966146,0.0273731821758619,11932271.66474914,15793420.056265747,23376506.19333242,30940879.669199057,0.0022819666447529,0.0030203852868554,0.0,0.0,,,,,,,,,,,,,,,,mr
,100,IA-FMR,100.0,,,36.0,0.0,82.258406385,71.62750420944838,2.2849557329166665,1.9896528947069,1.27610402225,1.0185272388520237,1.275070465,1.0182478354867197,2.64321793,2.4190480669757384,0.4974275056808788,0.5934612673608589,,,,,,,4554.001046666667,1006.7094820509358,,,5223.4226,885.3486574415616,7.487378305555556,6.787492325821375,0.7641847058333333,0.2053390075232402,0.8684083299999998,0.1050866718097091,,,,,,,,,8.972570409799966,0.0805602895407982,8.972570409799966,0.0805602895407982,0.0,0.0,0.9905284418924049,0.0102175719975375,,,363844745.4802249,108646639.39629224,897814600.39,240476176.283492,,,,,,,0.0,,14.03899082505188,,0.3899719673625523,,0.1996313388149966,,0.199576575755397,,0.4741334211272446,,0.1163184084027283,,,,,,,,197.3150584819834,,,,173.52833685854608,,1.3303484958609897,,0.040246445474555,,0.0205969876747029,,,,,,,,,,0.0157898167499964,,0.0157898167499964,,0.0,,0.0020026441115173,,,,21294741.32167328,,47133330.551564425,,,,,,bw100,100.0,100.0,0.3047732244448311,0.8951143282310917,0.1754424083332939,8.972570409799966,0.0805602895407982,0.0157898167499964,0.9342876106986592,0.1045292715143092,0.0204877372168046,0.9905284418924049,0.0102175719975375,0.0020026441115173,fmr_rl
